date,forecast_temp,forecast_rh,forecast_wind,forecast_solar,zone_name,lat,lon,hour,diurnal_sin,diurnal_cos,temp_lag_24h,predicted_delta_T,corrected_temp,utci
2026-09-28 00:00:00,23.4,94,2.2,0.0,Central Delhi,28.6437,77.1648,0,0.0,1.0,22.6,-0.32472062,23.07527937889099,24.0
2026-09-28 01:00:00,23.1,96,4.2,0.0,Central Delhi,28.6437,77.1648,1,0.2588190451025207,0.9659258262890684,22.9,-0.16784069,22.9321593105793,21.0
2026-09-28 02:00:00,22.8,97,4.8,0.0,Central Delhi,28.6437,77.1648,2,0.4999999999999999,0.8660254037844387,23.2,-0.15135458,22.64864541888237,19.9
2026-09-28 03:00:00,22.5,97,3.3,0.0,Central Delhi,28.6437,77.1648,3,0.7071067811865476,0.7071067811865476,23.2,-0.23437046,22.265629544854164,21.4
2026-09-28 04:00:00,22.2,97,2.3,0.0,Central Delhi,28.6437,77.1648,4,0.8660254037844386,0.5000000000000001,23.3,-0.32474717,21.875252825021743,22.4
2026-09-28 05:00:00,23.1,94,4.1,0.0,Central Delhi,28.6437,77.1648,5,0.9659258262890684,0.2588190451025207,22.7,0.06578766,23.16578765809536,21.3
2026-09-28 06:00:00,23.0,93,2.4,1.0,Central Delhi,28.6437,77.1648,6,1.0,6.123233995736766e-17,22.5,-0.21436974,22.785630255937576,23.2
2026-09-28 07:00:00,23.5,91,0.0,27.0,Central Delhi,28.6437,77.1648,7,0.9659258262890684,-0.2588190451025206,23.0,-0.31217685,23.18782314658165,
2026-09-28 08:00:00,24.1,87,1.7,104.0,Central Delhi,28.6437,77.1648,8,0.8660254037844387,-0.4999999999999998,24.1,-0.40553552,23.694464480876924,25.2
2026-09-28 09:00:00,24.7,83,2.7,124.0,Central Delhi,28.6437,77.1648,9,0.7071067811865476,-0.7071067811865475,25.6,-0.23791012,24.462089878320693,24.6
2026-09-28 10:00:00,24.9,82,2.8,130.0,Central Delhi,28.6437,77.1648,10,0.4999999999999999,-0.8660254037844387,27.1,0.15210406,25.0521040648222,25.2
2026-09-28 11:00:00,25.3,75,2.2,204.0,Central Delhi,28.6437,77.1648,11,0.258819045102521,-0.9659258262890682,28.5,0.00018321467,25.300183214666323,26.0
2026-09-28 12:00:00,25.7,74,2.5,253.0,Central Delhi,28.6437,77.1648,12,1.2246467991473532e-16,-1.0,28.4,-0.39733943,25.30266056656837,25.6
2026-09-28 13:00:00,26.9,70,3.5,468.0,Central Delhi,28.6437,77.1648,13,-0.2588190451025208,-0.9659258262890684,28.7,-0.81023175,26.08976825475693,25.6
2026-09-28 14:00:00,27.9,63,6.0,537.0,Central Delhi,28.6437,77.1648,14,-0.4999999999999997,-0.8660254037844388,28.5,-1.4332657,26.46673431396484,23.6
2026-09-28 15:00:00,25.2,77,10.6,340.0,Central Delhi,28.6437,77.1648,15,-0.7071067811865471,-0.7071067811865479,28.1,-0.67666864,24.523331356048583,19.1
2026-09-28 16:00:00,24.5,83,14.4,226.0,Central Delhi,28.6437,77.1648,16,-0.8660254037844385,-0.5000000000000004,27.5,0.6089876,25.108987629413605,17.3
2026-09-28 17:00:00,24.0,85,6.6,109.0,Central Delhi,28.6437,77.1648,17,-0.9659258262890684,-0.2588190451025206,26.5,1.1805948,25.18059480190277,21.8
2026-09-28 18:00:00,23.7,86,4.3,15.0,Central Delhi,28.6437,77.1648,18,-1.0,-1.8369701987210294e-16,24.8,0.33944032,24.03944031596184,21.8
2026-09-28 19:00:00,23.5,86,2.8,0.0,Central Delhi,28.6437,77.1648,19,-0.9659258262890684,0.2588190451025203,24.1,-0.14928523,23.35071477293968,22.8
2026-09-28 20:00:00,23.4,87,5.7,0.0,Central Delhi,28.6437,77.1648,20,-0.8660254037844386,0.5000000000000001,23.6,0.13291751,23.53291750848293,19.6
2026-09-28 21:00:00,23.2,88,6.2,0.0,Central Delhi,28.6437,77.1648,21,-0.7071067811865477,0.7071067811865474,23.3,0.1597676,23.35976759791374,19.0
2026-09-28 22:00:00,23.1,89,6.2,0.0,Central Delhi,28.6437,77.1648,22,-0.5000000000000004,0.8660254037844384,23.0,0.1597676,23.259767597913743,18.9
2026-09-28 23:00:00,23.0,89,5.4,0.0,Central Delhi,28.6437,77.1648,23,-0.2588190451025215,0.965925826289068,24.1,0.28382558,23.28382557630539,19.6
2026-09-29 00:00:00,22.9,89,6.0,0.0,Central Delhi,28.6437,77.1648,0,0.0,1.0,23.4,0.13861692,23.03861691951752,18.7
2026-09-29 01:00:00,22.9,88,6.0,0.0,Central Delhi,28.6437,77.1648,1,0.2588190451025207,0.9659258262890684,23.1,0.11896379,23.01896379292011,18.6
2026-09-29 02:00:00,22.7,89,6.0,0.0,Central Delhi,28.6437,77.1648,2,0.4999999999999999,0.8660254037844387,22.8,0.0032766864,22.703276686416935,18.2
2026-09-29 03:00:00,22.6,89,5.6,0.0,Central Delhi,28.6437,77.1648,3,0.7071067811865476,0.7071067811865476,22.5,0.09643251,22.69643250703812,18.5
2026-09-29 04:00:00,22.4,89,5.4,0.0,Central Delhi,28.6437,77.1648,4,0.8660254037844386,0.5000000000000001,22.2,0.015376743,22.41537674292922,18.3
2026-09-29 05:00:00,22.3,89,5.4,0.0,Central Delhi,28.6437,77.1648,5,0.9659258262890684,0.2588190451025207,23.1,0.14649141,22.446491408348084,18.3
2026-09-29 06:00:00,22.2,89,6.0,2.0,Central Delhi,28.6437,77.1648,6,1.0,6.123233995736766e-17,23.0,0.14377624,22.34377623796463,17.6
2026-09-29 07:00:00,22.9,87,6.2,75.0,Central Delhi,28.6437,77.1648,7,0.9659258262890684,-0.2588190451025206,23.5,-0.010359384,22.889640615880488,18.4
2026-09-29 08:00:00,24.3,81,5.4,237.0,Central Delhi,28.6437,77.1648,8,0.8660254037844387,-0.4999999999999998,24.1,-0.060683418,24.23931658193469,21.2
2026-09-29 09:00:00,26.1,74,6.4,425.0,Central Delhi,28.6437,77.1648,9,0.7071067811865476,-0.7071067811865475,24.7,-0.73773456,25.36226544380188,22.2
2026-09-29 10:00:00,27.7,66,8.0,595.0,Central Delhi,28.6437,77.1648,10,0.4999999999999999,-0.8660254037844387,24.9,-1.3655131,26.33448691368103,23.0
2026-09-29 11:00:00,28.9,62,8.3,708.0,Central Delhi,28.6437,77.1648,11,0.258819045102521,-0.9659258262890682,25.3,-1.9724275,26.927572512626647,23.9
2026-09-29 12:00:00,29.9,58,8.2,758.0,Central Delhi,28.6437,77.1648,12,1.2246467991473532e-16,-1.0,25.7,-2.338298,27.561701917648318,24.7
2026-09-29 13:00:00,30.5,55,8.2,741.0,Central Delhi,28.6437,77.1648,13,-0.2588190451025208,-0.9659258262890684,26.9,-2.2580032,28.24199676513672,25.6
2026-09-29 14:00:00,30.7,53,8.9,643.0,Central Delhi,28.6437,77.1648,14,-0.4999999999999997,-0.8660254037844388,27.9,-1.8344924,28.86550755500793,26.2
2026-09-29 15:00:00,30.6,52,9.3,509.0,Central Delhi,28.6437,77.1648,15,-0.7071067811865471,-0.7071067811865479,25.2,-1.4054066,29.194593405723573,26.3
2026-09-29 16:00:00,30.0,54,8.8,330.0,Central Delhi,28.6437,77.1648,16,-0.8660254037844385,-0.5000000000000004,24.5,-1.4761268,28.523873209953308,25.0
2026-09-29 17:00:00,29.0,60,6.4,144.0,Central Delhi,28.6437,77.1648,17,-0.9659258262890684,-0.2588190451025206,24.0,-0.9018455,28.09815448522568,24.8
2026-09-29 18:00:00,27.6,68,5.2,17.0,Central Delhi,28.6437,77.1648,18,-1.0,-1.8369701987210294e-16,23.7,-0.34927285,27.250727152824403,24.4
2026-09-29 19:00:00,27.0,71,4.9,0.0,Central Delhi,28.6437,77.1648,19,-0.9659258262890684,0.2588190451025203,23.5,-0.68824047,26.311759531497955,23.4
2026-09-29 20:00:00,26.4,72,5.0,0.0,Central Delhi,28.6437,77.1648,20,-0.8660254037844386,0.5000000000000001,23.4,-0.7560552,25.64394482374191,22.4
2026-09-29 21:00:00,25.9,74,5.2,0.0,Central Delhi,28.6437,77.1648,21,-0.7071067811865477,0.7071067811865474,23.2,-0.64907897,25.25092103481293,21.8
2026-09-29 22:00:00,25.5,74,5.4,0.0,Central Delhi,28.6437,77.1648,22,-0.5000000000000004,0.8660254037844384,23.1,-0.536993,24.9630069732666,21.2
2026-09-29 23:00:00,25.1,74,5.6,0.0,Central Delhi,28.6437,77.1648,23,-0.2588190451025215,0.965925826289068,23.0,-0.22054143,24.87945856750012,20.9
2026-09-30 00:00:00,24.7,75,5.6,0.0,Central Delhi,28.6437,77.1648,0,0.0,1.0,22.9,-0.5149631,24.18503690958023,19.9
2026-09-30 01:00:00,24.3,76,5.5,0.0,Central Delhi,28.6437,77.1648,1,0.2588190451025207,0.9659258262890684,22.9,-0.6069296,23.6930703997612,19.3
2026-09-30 02:00:00,23.9,77,5.2,0.0,Central Delhi,28.6437,77.1648,2,0.4999999999999999,0.8660254037844387,22.7,-0.9681198,22.93188019990921,18.5
2026-09-30 03:00:00,23.5,79,5.2,0.0,Central Delhi,28.6437,77.1648,3,0.7071067811865476,0.7071067811865476,22.6,-0.55679065,22.9432093501091,18.7
2026-09-30 04:00:00,23.2,80,5.4,0.0,Central Delhi,28.6437,77.1648,4,0.8660254037844386,0.5000000000000001,22.4,-0.2763886,22.923611414432525,18.5
2026-09-30 05:00:00,22.8,81,5.7,0.0,Central Delhi,28.6437,77.1648,5,0.9659258262890684,0.2588190451025207,22.3,-0.12756008,22.672439920902253,17.9
2026-09-30 06:00:00,22.6,82,5.7,2.0,Central Delhi,28.6437,77.1648,6,1.0,6.123233995736766e-17,22.2,-0.14798921,22.45201078653336,17.6
2026-09-30 07:00:00,23.5,80,6.5,82.0,Central Delhi,28.6437,77.1648,7,0.9659258262890684,-0.2588190451025206,22.9,-0.07910839,23.420891612768173,18.6
2026-09-30 08:00:00,25.3,75,5.0,259.0,Central Delhi,28.6437,77.1648,8,0.8660254037844387,-0.4999999999999998,24.3,-0.7444017,24.555598306655884,21.7
2026-09-30 09:00:00,27.3,67,5.6,451.0,Central Delhi,28.6437,77.1648,9,0.7071067811865476,-0.7071067811865475,26.1,-1.0433077,26.256692337989808,23.6
2026-09-30 10:00:00,29.1,58,7.7,617.0,Central Delhi,28.6437,77.1648,10,0.4999999999999999,-0.8660254037844387,27.7,-1.6600161,27.439983940124517,24.3
2026-09-30 11:00:00,30.4,51,9.2,730.0,Central Delhi,28.6437,77.1648,11,0.258819045102521,-0.9659258262890682,28.9,-1.8535593,28.546440744400023,25.7
2026-09-30 12:00:00,31.3,46,10.1,778.0,Central Delhi,28.6437,77.1648,12,1.2246467991473532e-16,-1.0,29.9,-1.6227509,29.677249121665955,27.2
2026-09-30 13:00:00,31.9,44,10.8,756.0,Central Delhi,28.6437,77.1648,13,-0.2588190451025208,-0.9659258262890684,30.5,-2.062011,29.837988996505736,27.2
2026-09-30 14:00:00,32.0,42,11.0,670.0,Central Delhi,28.6437,77.1648,14,-0.4999999999999997,-0.8660254037844388,30.7,-1.9560949,30.04390513896942,27.1
2026-09-30 15:00:00,31.8,43,10.9,525.0,Central Delhi,28.6437,77.1648,15,-0.7071067811865471,-0.7071067811865479,30.6,-1.9095643,29.89043574333191,26.7
2026-09-30 16:00:00,31.1,46,10.5,338.0,Central Delhi,28.6437,77.1648,16,-0.8660254037844385,-0.5000000000000004,30.0,-1.2723919,29.82760808467865,26.5
2026-09-30 17:00:00,29.8,54,6.9,146.0,Central Delhi,28.6437,77.1648,17,-0.9659258262890684,-0.2588190451025206,29.0,-1.2251184,28.57488160133362,24.9
2026-09-30 18:00:00,28.0,63,5.0,16.0,Central Delhi,28.6437,77.1648,18,-1.0,-1.8369701987210294e-16,27.6,-0.5406518,27.45934820175171,24.5
2026-09-30 19:00:00,27.4,66,4.9,0.0,Central Delhi,28.6437,77.1648,19,-0.9659258262890684,0.2588190451025203,27.0,-0.5997222,26.80027779340744,23.8
2026-09-30 20:00:00,26.7,68,5.0,0.0,Central Delhi,28.6437,77.1648,20,-0.8660254037844386,0.5000000000000001,26.4,-0.8410138,25.85898621082306,22.4
2026-09-30 21:00:00,26.0,70,5.4,0.0,Central Delhi,28.6437,77.1648,21,-0.7071067811865477,0.7071067811865474,25.9,-0.6132307,25.38676929473877,21.6
2026-09-30 22:00:00,25.5,71,5.4,0.0,Central Delhi,28.6437,77.1648,22,-0.5000000000000004,0.8660254037844384,25.5,-0.61383516,24.886164844036102,20.9
2026-09-30 23:00:00,25.1,72,5.1,0.0,Central Delhi,28.6437,77.1648,23,-0.2588190451025215,0.965925826289068,25.1,-0.4919497,24.608050292730333,20.8
2026-10-01 00:00:00,24.8,72,4.8,0.0,Central Delhi,28.6437,77.1648,0,0.0,1.0,24.7,-0.7914689,24.008531081676484,20.2
2026-10-01 01:00:00,24.4,73,4.7,0.0,Central Delhi,28.6437,77.1648,1,0.2588190451025207,0.9659258262890684,24.3,-0.88343525,23.516564750671385,19.7
2026-10-01 02:00:00,24.0,76,5.0,0.0,Central Delhi,28.6437,77.1648,2,0.4999999999999999,0.8660254037844387,23.9,-0.985629,23.01437097787857,18.8
2026-10-01 03:00:00,23.6,78,6.1,0.0,Central Delhi,28.6437,77.1648,3,0.7071067811865476,0.7071067811865476,23.5,-0.50897765,23.09102234840393,18.0
2026-10-01 04:00:00,23.4,80,6.1,0.0,Central Delhi,28.6437,77.1648,4,0.8660254037844386,0.5000000000000001,23.2,-0.25867462,23.141325378417967,18.2
2026-10-01 05:00:00,23.1,84,5.4,0.0,Central Delhi,28.6437,77.1648,5,0.9659258262890684,0.2588190451025207,22.8,-0.1572273,22.942772707343103,18.8
2026-10-01 06:00:00,23.1,85,5.4,2.0,Central Delhi,28.6437,77.1648,6,1.0,6.123233995736766e-17,22.6,-0.17765643,22.922343572974206,18.8
2026-10-01 07:00:00,24.4,80,6.2,81.0,Central Delhi,28.6437,77.1648,7,0.9659258262890684,-0.2588190451025206,23.5,-0.10685757,24.29314243197441,20.2
2026-10-01 08:00:00,26.1,74,4.4,255.0,Central Delhi,28.6437,77.1648,8,0.8660254037844387,-0.4999999999999998,25.3,-0.9463443,25.15365568399429,23.1
2026-10-01 09:00:00,28.2,63,5.3,446.0,Central Delhi,28.6437,77.1648,9,0.7071067811865476,-0.7071067811865475,27.3,-1.1199098,27.080090236663818,24.7
2026-10-01 10:00:00,30.3,55,6.5,610.0,Central Delhi,28.6437,77.1648,10,0.4999999999999999,-0.8660254037844387,29.1,-1.6871902,28.612809824943543,26.2
2026-10-01 11:00:00,32.0,46,7.8,725.0,Central Delhi,28.6437,77.1648,11,0.258819045102521,-0.9659258262890682,30.4,-1.8960541,30.10394585132599,27.9
2026-10-01 12:00:00,33.2,41,9.4,775.0,Central Delhi,28.6437,77.1648,12,1.2246467991473532e-16,-1.0,31.3,-2.2347605,30.9652394771576,29.0
2026-10-01 13:00:00,33.7,40,11.0,755.0,Central Delhi,28.6437,77.1648,13,-0.2588190451025208,-0.9659258262890684,31.9,-2.5785282,31.121471834182746,29.1
2026-10-01 14:00:00,33.9,39,11.2,667.0,Central Delhi,28.6437,77.1648,14,-0.4999999999999997,-0.8660254037844388,32.0,-2.5646803,31.335319662094115,29.1
2026-10-01 15:00:00,33.6,40,11.6,519.0,Central Delhi,28.6437,77.1648,15,-0.7071067811865471,-0.7071067811865479,31.8,-2.515786,31.084214067459108,28.4
2026-10-01 16:00:00,32.9,44,10.7,335.0,Central Delhi,28.6437,77.1648,16,-0.8660254037844385,-0.5000000000000004,31.1,-2.0196178,30.880382204055785,28.1
2026-10-01 17:00:00,31.3,52,7.2,143.0,Central Delhi,28.6437,77.1648,17,-0.9659258262890684,-0.2588190451025206,29.8,-1.7287707,29.57122926712036,26.3
2026-10-01 18:00:00,29.5,62,5.2,15.0,Central Delhi,28.6437,77.1648,18,-1.0,-1.8369701987210294e-16,28.0,-1.4078408,28.092159152030945,25.2
2026-10-01 19:00:00,28.6,65,4.9,0.0,Central Delhi,28.6437,77.1648,19,-0.9659258262890684,0.2588190451025203,27.4,-1.2242264,27.375773644447328,24.5
2026-10-01 20:00:00,27.9,68,5.0,0.0,Central Delhi,28.6437,77.1648,20,-0.8660254037844386,0.5000000000000001,26.7,-1.0729702,26.827029848098757,23.9
2026-10-01 21:00:00,27.3,70,5.4,0.0,Central Delhi,28.6437,77.1648,21,-0.7071067811865477,0.7071067811865474,26.0,-0.88142645,26.418573546409608,23.1
2026-10-01 22:00:00,26.6,72,5.4,0.0,Central Delhi,28.6437,77.1648,22,-0.5000000000000004,0.8660254037844384,25.5,-0.90764034,25.69235966205597,22.2
2026-10-01 23:00:00,26.2,73,4.5,0.0,Central Delhi,28.6437,77.1648,23,-0.2588190451025215,0.965925826289068,25.1,-0.7229189,25.477081072330478,22.7
2026-10-02 00:00:00,25.7,74,3.9,0.0,Central Delhi,28.6437,77.1648,0,0.0,1.0,24.8,-0.8709341,24.829065871238708,22.5
2026-10-02 01:00:00,25.1,76,4.7,0.0,Central Delhi,28.6437,77.1648,1,0.2588190451025207,0.9659258262890684,24.4,-0.80659294,24.29340705871582,21.0
2026-10-02 02:00:00,24.6,77,5.1,0.0,Central Delhi,28.6437,77.1648,2,0.4999999999999999,0.8660254037844387,24.0,-1.0133783,23.586621737480165,19.6
2026-10-02 03:00:00,24.1,79,5.4,0.0,Central Delhi,28.6437,77.1648,3,0.7071067811865476,0.7071067811865476,23.6,-0.46549165,23.634508347511293,19.5
2026-10-02 04:00:00,23.7,80,5.6,0.0,Central Delhi,28.6437,77.1648,4,0.8660254037844386,0.5000000000000001,23.4,-0.25867462,23.441325378417968,19.1
2026-10-02 05:00:00,23.6,80,5.6,0.0,Central Delhi,28.6437,77.1648,5,0.9659258262890684,0.2588190451025207,23.1,-0.12756008,23.472439920902254,19.1
2026-10-02 06:00:00,24.1,76,5.4,0.0,Central Delhi,28.6437,77.1648,6,1.0,6.123233995736766e-17,23.1,-0.76971817,23.330281829833982,18.9
2026-10-02 07:00:00,25.1,70,5.2,85.0,Central Delhi,28.6437,77.1648,7,0.9659258262890684,-0.2588190451025206,24.4,-0.79918885,24.30081114768982,20.3
2026-10-02 08:00:00,26.4,63,5.2,257.0,Central Delhi,28.6437,77.1648,8,0.8660254037844387,-0.4999999999999998,26.1,-0.9928207,25.40717931985855,21.9
2026-10-02 09:00:00,28.4,55,6.0,461.0,Central Delhi,28.6437,77.1648,9,0.7071067811865476,-0.7071067811865475,28.2,-1.2165464,27.183453583717345,23.9
2026-10-02 10:00:00,30.7,47,7.2,614.0,Central Delhi,28.6437,77.1648,10,0.4999999999999999,-0.8660254037844387,30.3,-1.4817526,29.218247365951537,26.4
2026-10-02 11:00:00,32.7,41,8.5,719.0,Central Delhi,28.6437,77.1648,11,0.258819045102521,-0.9659258262890682,32.0,-2.1057036,30.594296407699588,28.3
2026-10-02 12:00:00,34.0,36,10.0,782.0,Central Delhi,28.6437,77.1648,12,1.2246467991473532e-16,-1.0,33.2,-2.783109,31.216891050338745,29.1
2026-10-02 13:00:00,34.8,32,11.9,753.0,Central Delhi,28.6437,77.1648,13,-0.2588190451025208,-0.9659258262890684,33.7,-2.8493202,31.950679826736447,29.7
2026-10-02 14:00:00,35.1,31,12.9,658.0,Central Delhi,28.6437,77.1648,14,-0.4999999999999997,-0.8660254037844388,33.9,-2.9675655,32.13243446350098,29.4
2026-10-02 15:00:00,34.7,33,12.0,487.0,Central Delhi,28.6437,77.1648,15,-0.7071067811865471,-0.7071067811865479,33.6,-2.820045,31.879955005645755,29.1
2026-10-02 16:00:00,33.7,37,10.1,335.0,Central Delhi,28.6437,77.1648,16,-0.8660254037844385,-0.5000000000000004,32.9,-2.156,31.54400010108948,28.8
2026-10-02 17:00:00,32.6,42,8.4,162.0,Central Delhi,28.6437,77.1648,17,-0.9659258262890684,-0.2588190451025206,31.3,-1.8151386,30.784861421585084,27.5
2026-10-02 18:00:00,31.3,47,7.3,15.0,Central Delhi,28.6437,77.1648,18,-1.0,-1.8369701987210294e-16,29.5,-1.5295538,29.77044622898102,25.9
2026-10-02 19:00:00,30.0,52,6.1,0.0,Central Delhi,28.6437,77.1648,19,-0.9659258262890684,0.2588190451025203,28.6,-1.7217245,28.27827548980713,24.2
2026-10-02 20:00:00,28.8,57,5.5,0.0,Central Delhi,28.6437,77.1648,20,-0.8660254037844386,0.5000000000000001,27.9,-1.5006007,27.299399304389954,23.4
2026-10-02 21:00:00,28.0,59,5.2,0.0,Central Delhi,28.6437,77.1648,21,-0.7071067811865477,0.7071067811865474,27.3,-1.3323401,26.66765987873077,22.8
2026-10-02 22:00:00,27.4,60,5.2,0.0,Central Delhi,28.6437,77.1648,22,-0.5000000000000004,0.8660254037844384,26.6,-1.1256261,26.27437391281128,22.3
2026-10-02 23:00:00,26.8,61,5.3,0.0,Central Delhi,28.6437,77.1648,23,-0.2588190451025215,0.965925826289068,26.2,-0.98340553,25.816594469547272,21.6
2026-09-28 00:00:00,23.4,96,3.6,0.0,East Delhi,28.6294,77.292,0,0.0,1.0,22.5,0.29372454,23.69372453689575,23.0
2026-09-28 01:00:00,23.0,97,5.1,0.0,East Delhi,28.6294,77.292,1,0.2588190451025207,0.9659258262890684,22.7,0.39644936,23.396449357271194,20.7
2026-09-28 02:00:00,22.6,98,5.2,0.0,East Delhi,28.6294,77.292,2,0.4999999999999999,0.8660254037844387,22.9,0.29883704,22.898837035894395,19.9
2026-09-28 03:00:00,22.3,98,4.0,0.0,East Delhi,28.6294,77.292,3,0.7071067811865476,0.7071067811865476,23.1,0.3535184,22.653518396615983,21.0
2026-09-28 04:00:00,22.1,98,3.5,0.0,East Delhi,28.6294,77.292,4,0.8660254037844386,0.5000000000000001,23.2,0.13638315,22.236383146047597,21.1
2026-09-28 05:00:00,22.6,95,3.7,0.0,East Delhi,28.6294,77.292,5,0.9659258262890684,0.2588190451025207,22.7,0.40412846,23.00412846207619,21.7
2026-09-28 06:00:00,22.8,93,2.8,1.0,East Delhi,28.6294,77.292,6,1.0,6.123233995736766e-17,22.7,0.21126199,23.01126198768616,22.9
2026-09-28 07:00:00,23.1,92,2.6,21.0,East Delhi,28.6294,77.292,7,0.9659258262890684,-0.2588190451025206,23.1,0.12296698,23.22296698242426,23.5
2026-09-28 08:00:00,23.7,90,2.7,63.0,East Delhi,28.6294,77.292,8,0.8660254037844387,-0.4999999999999998,24.1,0.2329621,23.93296210169792,24.3
2026-09-28 09:00:00,24.6,85,1.5,110.0,East Delhi,28.6294,77.292,9,0.7071067811865476,-0.7071067811865475,25.6,0.19275214,24.79275213778019,26.7
2026-09-28 10:00:00,25.0,82,1.1,143.0,East Delhi,28.6294,77.292,10,0.4999999999999999,-0.8660254037844387,27.0,0.340434,25.34043401479721,27.7
2026-09-28 11:00:00,25.3,75,1.8,201.0,East Delhi,28.6294,77.292,11,0.258819045102521,-0.9659258262890682,28.0,0.2931065,25.59310649633408,26.8
2026-09-28 12:00:00,26.1,70,2.2,310.0,East Delhi,28.6294,77.292,12,1.2246467991473532e-16,-1.0,28.3,-0.32044312,25.779556876420976,26.5
2026-09-28 13:00:00,27.0,67,3.4,433.0,East Delhi,28.6294,77.292,13,-0.2588190451025208,-0.9659258262890684,28.5,-0.22921081,26.770789191126823,26.4
2026-09-28 14:00:00,28.1,62,4.0,528.0,East Delhi,28.6294,77.292,14,-0.4999999999999997,-0.8660254037844388,28.4,-1.2721336,26.827866411209108,25.6
2026-09-28 15:00:00,25.9,75,10.2,358.0,East Delhi,28.6294,77.292,15,-0.7071067811865471,-0.7071067811865479,27.9,-0.09844898,25.801551023125647,21.6
2026-09-28 16:00:00,24.8,82,10.9,205.0,East Delhi,28.6294,77.292,16,-0.8660254037844385,-0.5000000000000004,27.5,1.2407795,26.04077951908112,21.9
2026-09-28 17:00:00,23.9,87,7.3,98.0,East Delhi,28.6294,77.292,17,-0.9659258262890684,-0.2588190451025206,26.0,1.684233,25.58423295021057,22.4
2026-09-28 18:00:00,23.6,89,4.2,15.0,East Delhi,28.6294,77.292,18,-1.0,-1.8369701987210294e-16,24.5,1.0503365,24.650336480140687,23.1
2026-09-28 19:00:00,23.3,90,4.5,0.0,East Delhi,28.6294,77.292,19,-0.9659258262890684,0.2588190451025203,24.0,0.7665365,24.066536474227902,21.9
2026-09-28 20:00:00,23.2,90,6.4,0.0,East Delhi,28.6294,77.292,20,-0.8660254037844386,0.5000000000000001,23.6,0.74055445,23.940554451942443,20.0
2026-09-28 21:00:00,23.2,90,7.1,0.0,East Delhi,28.6294,77.292,21,-0.7071067811865477,0.7071067811865474,23.2,0.6010497,23.801049721241,19.3
2026-09-28 22:00:00,23.1,90,7.7,0.0,East Delhi,28.6294,77.292,22,-0.5000000000000004,0.8660254037844384,22.9,0.59897333,23.698973333835603,18.9
2026-09-28 23:00:00,22.9,90,6.2,0.0,East Delhi,28.6294,77.292,23,-0.2588190451025215,0.965925826289068,24.1,0.8239505,23.72395052909851,19.8
2026-09-29 00:00:00,22.8,90,6.0,0.0,East Delhi,28.6294,77.292,0,0.0,1.0,23.4,0.5834773,23.383477318286896,19.4
2026-09-29 01:00:00,22.8,89,6.2,0.0,East Delhi,28.6294,77.292,1,0.2588190451025207,0.9659258262890684,23.0,0.5311515,23.331151473522187,19.0
2026-09-29 02:00:00,22.8,89,6.7,0.0,East Delhi,28.6294,77.292,2,0.4999999999999999,0.8660254037844387,22.6,0.40046045,23.200460451841355,18.5
2026-09-29 03:00:00,22.6,89,6.7,0.0,East Delhi,28.6294,77.292,3,0.7071067811865476,0.7071067811865476,22.3,0.47347203,23.07347202897072,18.3
2026-09-29 04:00:00,22.4,90,6.1,0.0,East Delhi,28.6294,77.292,4,0.8660254037844386,0.5000000000000001,22.1,0.40094143,22.800941431522368,18.3
2026-09-29 05:00:00,22.3,90,6.2,0.0,East Delhi,28.6294,77.292,5,0.9659258262890684,0.2588190451025207,22.6,0.532056,22.832055974006654,18.3
2026-09-29 06:00:00,22.3,89,6.7,2.0,East Delhi,28.6294,77.292,6,1.0,6.123233995736766e-17,22.8,0.5116269,22.8116268992424,17.8
2026-09-29 07:00:00,23.1,86,7.2,74.0,East Delhi,28.6294,77.292,7,0.9659258262890684,-0.2588190451025206,23.1,0.31357747,23.41357747316361,18.5
2026-09-29 08:00:00,24.4,81,6.5,233.0,East Delhi,28.6294,77.292,8,0.8660254037844387,-0.4999999999999998,23.7,0.2986955,24.698695504665373,21.1
2026-09-29 09:00:00,26.0,74,6.4,420.0,East Delhi,28.6294,77.292,9,0.7071067811865476,-0.7071067811865475,24.6,-0.50531566,25.49468433856964,22.4
2026-09-29 10:00:00,27.6,66,8.2,592.0,East Delhi,28.6294,77.292,10,0.4999999999999999,-0.8660254037844387,25.0,-1.1414735,26.45852646827698,23.1
2026-09-29 11:00:00,28.9,61,8.4,706.0,East Delhi,28.6294,77.292,11,0.258819045102521,-0.9659258262890682,25.3,-1.7691078,27.130892181396483,24.1
2026-09-29 12:00:00,29.9,59,8.2,756.0,East Delhi,28.6294,77.292,12,1.2246467991473532e-16,-1.0,26.1,-2.096625,27.803374910354613,25.2
2026-09-29 13:00:00,30.5,56,8.2,736.0,East Delhi,28.6294,77.292,13,-0.2588190451025208,-0.9659258262890684,27.0,-2.1275077,28.37249231338501,25.9
2026-09-29 14:00:00,30.7,53,8.7,644.0,East Delhi,28.6294,77.292,14,-0.4999999999999997,-0.8660254037844388,28.1,-1.5705246,29.12947542667389,26.6
2026-09-29 15:00:00,30.6,52,9.2,506.0,East Delhi,28.6294,77.292,15,-0.7071067811865471,-0.7071067811865479,25.9,-1.1416534,29.458346581459047,26.8
2026-09-29 16:00:00,30.1,54,8.8,327.0,East Delhi,28.6294,77.292,16,-0.8660254037844385,-0.5000000000000004,24.8,-1.190174,28.909826016426088,25.7
2026-09-29 17:00:00,29.1,60,7.1,142.0,East Delhi,28.6294,77.292,17,-0.9659258262890684,-0.2588190451025206,23.9,-0.64772105,28.4522789478302,25.1
2026-09-29 18:00:00,27.8,68,5.1,16.0,East Delhi,28.6294,77.292,18,-1.0,-1.8369701987210294e-16,23.6,-0.009458066,27.79054193403572,25.3
2026-09-29 19:00:00,27.1,72,5.0,0.0,East Delhi,28.6294,77.292,19,-0.9659258262890684,0.2588190451025203,23.3,-0.21159182,26.88840817511082,24.3
2026-09-29 20:00:00,26.6,74,5.1,0.0,East Delhi,28.6294,77.292,20,-0.8660254037844386,0.5000000000000001,23.2,-0.3059236,26.294076389074327,23.5
2026-09-29 21:00:00,26.1,74,5.4,0.0,East Delhi,28.6294,77.292,21,-0.7071067811865477,0.7071067811865474,23.2,-0.2443702,25.855629792809488,22.6
2026-09-29 22:00:00,25.8,74,6.1,0.0,East Delhi,28.6294,77.292,22,-0.5000000000000004,0.8660254037844384,23.1,-0.084389314,25.71561068594456,21.9
2026-09-29 23:00:00,25.4,74,6.2,0.0,East Delhi,28.6294,77.292,23,-0.2588190451025215,0.965925826289068,22.9,0.24379624,25.643796244263648,21.7
2026-09-30 00:00:00,24.9,74,6.2,0.0,East Delhi,28.6294,77.292,0,0.0,1.0,22.8,-0.011272454,24.88872754629701,20.5
2026-09-30 01:00:00,24.5,75,6.0,0.0,East Delhi,28.6294,77.292,1,0.2588190451025207,0.9659258262890684,22.8,-0.13591155,24.36408844590187,19.9
2026-09-30 02:00:00,24.2,76,5.8,0.0,East Delhi,28.6294,77.292,2,0.4999999999999999,0.8660254037844387,22.8,-0.39077958,23.80922041535377,19.2
2026-09-30 03:00:00,23.7,78,5.8,0.0,East Delhi,28.6294,77.292,3,0.7071067811865476,0.7071067811865476,22.6,-0.10531323,23.59468677341938,19.0
2026-09-30 04:00:00,23.4,79,6.1,0.0,East Delhi,28.6294,77.292,4,0.8660254037844386,0.5000000000000001,22.4,-0.10553071,23.294469290971755,18.4
2026-09-30 05:00:00,23.1,80,6.2,0.0,East Delhi,28.6294,77.292,5,0.9659258262890684,0.2588190451025207,22.3,0.28996077,23.38996077179909,18.5
2026-09-30 06:00:00,22.8,81,6.0,2.0,East Delhi,28.6294,77.292,6,1.0,6.123233995736766e-17,22.3,0.26953164,23.06953163743019,18.2
2026-09-30 07:00:00,23.7,79,6.2,83.0,East Delhi,28.6294,77.292,7,0.9659258262890684,-0.2588190451025206,23.1,0.061153766,23.76115376576781,19.3
2026-09-30 08:00:00,25.3,74,4.9,260.0,East Delhi,28.6294,77.292,8,0.8660254037844387,-0.4999999999999998,24.4,-0.3560059,24.943994092941285,22.3
2026-09-30 09:00:00,27.4,66,6.0,453.0,East Delhi,28.6294,77.292,9,0.7071067811865476,-0.7071067811865475,26.0,-0.8622697,26.53773030042648,23.7
2026-09-30 10:00:00,29.1,57,7.8,617.0,East Delhi,28.6294,77.292,10,0.4999999999999999,-0.8660254037844387,27.6,-1.5024654,27.5975346326828,24.5
2026-09-30 11:00:00,30.4,50,8.9,730.0,East Delhi,28.6294,77.292,11,0.258819045102521,-0.9659258262890682,28.9,-1.5849642,28.81503584384918,26.1
2026-09-30 12:00:00,31.4,45,9.7,777.0,East Delhi,28.6294,77.292,12,1.2246467991473532e-16,-1.0,29.9,-1.3008894,30.099110627174376,27.9
2026-09-30 13:00:00,32.1,42,10.3,755.0,East Delhi,28.6294,77.292,13,-0.2588190451025208,-0.9659258262890684,30.5,-1.6875525,30.4124475479126,28.1
2026-09-30 14:00:00,32.2,40,10.6,668.0,East Delhi,28.6294,77.292,14,-0.4999999999999997,-0.8660254037844388,30.7,-1.6361953,30.56380469799042,28.0
2026-09-30 15:00:00,32.0,41,10.9,522.0,East Delhi,28.6294,77.292,15,-0.7071067811865471,-0.7071067811865479,30.6,-1.5614799,30.43852007389069,27.5
2026-09-30 16:00:00,31.4,43,10.7,336.0,East Delhi,28.6294,77.292,16,-0.8660254037844385,-0.5000000000000004,30.1,-1.2798547,30.12014534473419,26.7
2026-09-30 17:00:00,30.1,50,8.3,144.0,East Delhi,28.6294,77.292,17,-0.9659258262890684,-0.2588190451025206,29.1,-1.0474944,29.052505588531496,25.2
2026-09-30 18:00:00,28.6,59,5.6,16.0,East Delhi,28.6294,77.292,18,-1.0,-1.8369701987210294e-16,27.8,-0.73077095,27.86922905445099,24.4
2026-09-30 19:00:00,27.8,63,5.4,0.0,East Delhi,28.6294,77.292,19,-0.9659258262890684,0.2588190451025203,27.1,-0.31244248,27.48755751848221,24.2
2026-09-30 20:00:00,27.1,65,5.6,0.0,East Delhi,28.6294,77.292,20,-0.8660254037844386,0.5000000000000001,26.6,-0.3091584,26.79084158539772,23.2
2026-09-30 21:00:00,26.4,68,6.6,0.0,East Delhi,28.6294,77.292,21,-0.7071067811865477,0.7071067811865474,26.1,-0.3360742,26.06392579674721,21.8
2026-09-30 22:00:00,25.9,69,6.1,0.0,East Delhi,28.6294,77.292,22,-0.5000000000000004,0.8660254037844384,25.8,-0.16123158,25.73876842260361,21.6
2026-09-30 23:00:00,25.3,71,5.0,0.0,East Delhi,28.6294,77.292,23,-0.2588190451025215,0.965925826289068,25.4,0.025395779,25.32539577893913,21.9
2026-10-01 00:00:00,25.2,70,4.8,0.0,East Delhi,28.6294,77.292,0,0.0,1.0,24.9,-0.29284585,24.90715415477753,21.4
2026-10-01 01:00:00,24.8,72,4.8,0.0,East Delhi,28.6294,77.292,1,0.2588190451025207,0.9659258262890684,24.5,-0.3594094,24.440590608119965,20.8
2026-10-01 02:00:00,24.5,73,5.2,0.0,East Delhi,28.6294,77.292,2,0.4999999999999999,0.8660254037844387,24.2,-0.581199,23.918801009655,19.7
2026-10-01 03:00:00,24.1,75,7.2,0.0,East Delhi,28.6294,77.292,3,0.7071067811865476,0.7071067811865476,23.7,-0.39985162,23.700148379802705,18.1
2026-10-01 04:00:00,23.9,76,7.3,0.0,East Delhi,28.6294,77.292,4,0.8660254037844386,0.5000000000000001,23.4,-0.47238225,23.42761775255203,17.7
2026-10-01 05:00:00,23.6,82,6.7,0.0,East Delhi,28.6294,77.292,5,0.9659258262890684,0.2588190451025207,23.1,0.28996077,23.88996077179909,19.2
2026-10-01 06:00:00,23.5,82,6.3,2.0,East Delhi,28.6294,77.292,6,1.0,6.123233995736766e-17,22.8,0.26953164,23.76953163743019,19.2
2026-10-01 07:00:00,24.6,79,6.7,81.0,East Delhi,28.6294,77.292,7,0.9659258262890684,-0.2588190451025206,23.7,0.033404578,24.63340457752347,20.4
2026-10-01 08:00:00,26.4,72,4.4,255.0,East Delhi,28.6294,77.292,8,0.8660254037844387,-0.4999999999999998,25.3,-0.7350435,25.6649564743042,23.6
2026-10-01 09:00:00,28.7,60,5.2,447.0,East Delhi,28.6294,77.292,9,0.7071067811865476,-0.7071067811865475,27.4,-1.0661786,27.63382143974304,25.4
2026-10-01 10:00:00,30.8,52,6.9,610.0,East Delhi,28.6294,77.292,10,0.4999999999999999,-0.8660254037844387,29.1,-1.2556099,29.54439013004303,27.3
2026-10-01 11:00:00,32.4,44,7.8,723.0,East Delhi,28.6294,77.292,11,0.258819045102521,-0.9659258262890682,30.4,-1.652709,30.74729099273681,28.7
2026-10-01 12:00:00,33.7,38,9.2,773.0,East Delhi,28.6294,77.292,12,1.2246467991473532e-16,-1.0,31.4,-2.2613811,31.43861885070801,29.6
2026-10-01 13:00:00,34.3,36,10.5,753.0,East Delhi,28.6294,77.292,13,-0.2588190451025208,-0.9659258262890684,32.1,-2.690441,31.60955910682678,29.7
2026-10-01 14:00:00,34.5,35,11.0,665.0,East Delhi,28.6294,77.292,14,-0.4999999999999997,-0.8660254037844388,32.2,-2.7002518,31.799748182296756,29.7
2026-10-01 15:00:00,34.2,36,11.4,518.0,East Delhi,28.6294,77.292,15,-0.7071067811865471,-0.7071067811865479,32.0,-2.6647618,31.535238218307494,28.9
2026-10-01 16:00:00,33.5,40,11.0,332.0,East Delhi,28.6294,77.292,16,-0.8660254037844385,-0.5000000000000004,31.4,-2.1946266,31.305373430252075,28.5
2026-10-01 17:00:00,32.1,47,9.2,142.0,East Delhi,28.6294,77.292,17,-0.9659258262890684,-0.2588190451025206,30.1,-1.375307,30.724693036079408,27.8
2026-10-01 18:00:00,30.6,55,6.3,15.0,East Delhi,28.6294,77.292,18,-1.0,-1.8369701987210294e-16,28.6,-1.28643,29.31356999874115,26.0
2026-10-01 19:00:00,29.7,59,5.6,0.0,East Delhi,28.6294,77.292,19,-0.9659258262890684,0.2588190451025203,27.8,-1.5476635,28.15233654975891,24.8
2026-10-01 20:00:00,29.0,62,5.6,0.0,East Delhi,28.6294,77.292,20,-0.8660254037844386,0.5000000000000001,27.1,-1.4850452,27.514954805374146,24.0
2026-10-01 21:00:00,28.3,65,6.5,0.0,East Delhi,28.6294,77.292,21,-0.7071067811865477,0.7071067811865474,26.4,-0.7629563,27.53704367876053,23.9
2026-10-01 22:00:00,27.6,67,6.3,0.0,East Delhi,28.6294,77.292,22,-0.5000000000000004,0.8660254037844384,25.9,-0.5476755,27.052324509620668,23.4
2026-10-01 23:00:00,27.2,67,6.3,0.0,East Delhi,28.6294,77.292,23,-0.2588190451025215,0.965925826289068,25.3,-0.28285483,26.917145174741744,23.2
2026-10-02 00:00:00,26.6,69,4.3,0.0,East Delhi,28.6294,77.292,0,0.0,1.0,25.2,-0.74729663,25.85270336866379,23.2
2026-10-02 01:00:00,26.1,70,5.0,0.0,East Delhi,28.6294,77.292,1,0.2588190451025207,0.9659258262890684,24.8,-0.772705,25.32729498147965,21.8
2026-10-02 02:00:00,25.6,71,6.5,0.0,East Delhi,28.6294,77.292,2,0.4999999999999999,0.8660254037844387,24.5,-0.5256978,25.07430217266083,20.4
2026-10-02 03:00:00,25.0,74,7.1,0.0,East Delhi,28.6294,77.292,3,0.7071067811865476,0.7071067811865476,24.1,-0.4870544,24.51294559240341,19.4
2026-10-02 04:00:00,24.5,76,7.3,0.0,East Delhi,28.6294,77.292,4,0.8660254037844386,0.5000000000000001,23.9,-0.5001315,23.999868512153625,18.6
2026-10-02 05:00:00,24.4,75,7.1,0.0,East Delhi,28.6294,77.292,5,0.9659258262890684,0.2588190451025207,23.6,-0.3690168,24.03098320364952,18.7
2026-10-02 06:00:00,24.8,72,6.7,1.0,East Delhi,28.6294,77.292,6,1.0,6.123233995736766e-17,23.5,-0.46211976,24.33788024187088,19.2
2026-10-02 07:00:00,25.6,67,5.9,86.0,East Delhi,28.6294,77.292,7,0.9659258262890684,-0.2588190451025206,24.6,-0.44769213,25.15230787396431,20.8
2026-10-02 08:00:00,26.8,60,5.7,258.0,East Delhi,28.6294,77.292,8,0.8660254037844387,-0.4999999999999998,26.4,-0.7460957,26.053904283046723,22.3
2026-10-02 09:00:00,28.9,51,6.3,463.0,East Delhi,28.6294,77.292,9,0.7071067811865476,-0.7071067811865475,28.7,-0.99807775,27.901922249794005,24.6
2026-10-02 10:00:00,31.3,42,7.4,616.0,East Delhi,28.6294,77.292,10,0.4999999999999999,-0.8660254037844387,30.8,-1.4549454,29.84505455493927,27.0
2026-10-02 11:00:00,33.4,36,8.6,719.0,East Delhi,28.6294,77.292,11,0.258819045102521,-0.9659258262890682,32.4,-2.2096896,31.190310382843016,28.9
2026-10-02 12:00:00,34.7,32,10.2,780.0,East Delhi,28.6294,77.292,12,1.2246467991473532e-16,-1.0,33.7,-2.6222527,32.07774729728699,30.3
2026-10-02 13:00:00,35.5,29,12.0,751.0,East Delhi,28.6294,77.292,13,-0.2588190451025208,-0.9659258262890684,34.3,-2.9645498,32.53545022010803,30.6
2026-10-02 14:00:00,35.8,29,13.1,656.0,East Delhi,28.6294,77.292,14,-0.4999999999999997,-0.8660254037844388,34.5,-3.2359757,32.56402425765991,29.9
2026-10-02 15:00:00,35.4,30,13.0,484.0,East Delhi,28.6294,77.292,15,-0.7071067811865471,-0.7071067811865479,34.2,-3.0259967,32.37400331497192,29.3
2026-10-02 16:00:00,34.5,34,12.1,334.0,East Delhi,28.6294,77.292,16,-0.8660254037844385,-0.5000000000000004,33.5,-2.544092,31.955908060073853,28.9
2026-10-02 17:00:00,33.4,38,11.0,163.0,East Delhi,28.6294,77.292,17,-0.9659258262890684,-0.2588190451025206,32.1,-2.28808,31.11192002296448,27.7
2026-10-02 18:00:00,32.4,42,9.8,15.0,East Delhi,28.6294,77.292,18,-1.0,-1.8369701987210294e-16,30.6,-1.315176,31.084823989868163,27.8
2026-10-02 19:00:00,31.2,46,8.6,0.0,East Delhi,28.6294,77.292,19,-0.9659258262890684,0.2588190451025203,29.7,-1.8706368,29.329363179206847,25.1
2026-10-02 20:00:00,30.1,50,7.5,0.0,East Delhi,28.6294,77.292,20,-0.8660254037844386,0.5000000000000001,29.0,-1.6516442,28.448355770111085,24.0
2026-10-02 21:00:00,29.3,53,7.1,0.0,East Delhi,28.6294,77.292,21,-0.7071067811865477,0.7071067811865474,28.3,-1.7379874,27.562012600898743,22.9
2026-10-02 22:00:00,28.6,54,6.8,0.0,East Delhi,28.6294,77.292,22,-0.5000000000000004,0.8660254037844384,27.6,-1.378123,27.22187695503235,22.5
2026-10-02 23:00:00,28.0,56,6.6,0.0,East Delhi,28.6294,77.292,23,-0.2588190451025215,0.965925826289068,27.2,-0.7216629,27.278337121009827,22.8
2026-09-28 00:00:00,23.1,96,4.2,0.0,Faridabad,28.3521,77.3427,0,0.0,1.0,22.2,0.8365798,23.9365797996521,22.6
2026-09-28 01:00:00,23.1,97,5.6,0.0,Faridabad,28.3521,77.3427,1,0.2588190451025207,0.9659258262890684,22.3,0.9647352,24.064735209941865,21.4
2026-09-28 02:00:00,23.1,97,5.3,0.0,Faridabad,28.3521,77.3427,2,0.4999999999999999,0.8660254037844387,22.5,0.74405944,23.844059443473817,21.3
2026-09-28 03:00:00,22.6,98,4.6,0.0,Faridabad,28.3521,77.3427,3,0.7071067811865476,0.7071067811865476,22.6,0.73412406,23.334124064445497,21.3
2026-09-28 04:00:00,22.2,99,3.1,0.0,Faridabad,28.3521,77.3427,4,0.8660254037844386,0.5000000000000001,22.7,0.4871828,22.687182796001437,22.5
2026-09-28 05:00:00,23.0,96,1.5,0.0,Faridabad,28.3521,77.3427,5,0.9659258262890684,0.2588190451025207,22.4,0.57832235,23.57832235097885,25.8
2026-09-28 06:00:00,23.0,96,1.2,2.0,Faridabad,28.3521,77.3427,6,1.0,6.123233995736766e-17,22.3,0.5303535,23.530353486537933,26.1
2026-09-28 07:00:00,23.5,93,3.6,41.0,Faridabad,28.3521,77.3427,7,0.9659258262890684,-0.2588190451025206,23.0,0.62135786,24.121357858181,23.5
2026-09-28 08:00:00,24.1,89,5.6,143.0,Faridabad,28.3521,77.3427,8,0.8660254037844387,-0.4999999999999998,24.1,0.7342513,24.83425132036209,22.3
2026-09-28 09:00:00,25.4,81,5.6,329.0,Faridabad,28.3521,77.3427,9,0.7071067811865476,-0.7071067811865475,25.8,0.45420128,25.854201281070708,23.7
2026-09-28 10:00:00,27.0,71,6.7,524.0,Faridabad,28.3521,77.3427,10,0.4999999999999999,-0.8660254037844387,27.5,0.13799599,27.13799598813057,24.9
2026-09-28 11:00:00,28.4,58,8.0,631.0,Faridabad,28.3521,77.3427,11,0.258819045102521,-0.9659258262890682,28.3,-0.34260455,28.05739545226097,25.3
2026-09-28 12:00:00,28.9,55,10.2,629.0,Faridabad,28.3521,77.3427,12,1.2246467991473532e-16,-1.0,28.3,-0.85431856,28.04568144083023,24.7
2026-09-28 13:00:00,29.4,54,11.2,640.0,Faridabad,28.3521,77.3427,13,-0.2588190451025208,-0.9659258262890684,28.7,-0.84965426,28.550345742702483,25.3
2026-09-28 14:00:00,29.7,54,9.8,606.0,Faridabad,28.3521,77.3427,14,-0.4999999999999997,-0.8660254037844388,28.5,-0.6673338,29.03266621828079,26.4
2026-09-28 15:00:00,29.1,57,9.7,491.0,Faridabad,28.3521,77.3427,15,-0.7071067811865471,-0.7071067811865479,28.3,-0.4311591,28.66884089112282,25.8
2026-09-28 16:00:00,27.1,66,14.3,299.0,Faridabad,28.3521,77.3427,16,-0.8660254037844385,-0.5000000000000004,27.6,-0.2219079,26.87809210121632,20.2
2026-09-28 17:00:00,24.8,80,13.1,108.0,Faridabad,28.3521,77.3427,17,-0.9659258262890684,-0.2588190451025206,26.0,1.5467839,26.346783924102784,20.7
2026-09-28 18:00:00,24.2,83,6.8,16.0,Faridabad,28.3521,77.3427,18,-1.0,-1.8369701987210294e-16,24.6,1.3503944,25.55039436817169,22.0
2026-09-28 19:00:00,24.0,84,2.3,0.0,Faridabad,28.3521,77.3427,19,-0.9659258262890684,0.2588190451025203,24.0,0.95610994,24.956109941005707,25.6
2026-09-28 20:00:00,23.7,86,6.4,0.0,Faridabad,28.3521,77.3427,20,-0.8660254037844386,0.5000000000000001,23.4,1.1224346,24.822434616088863,21.2
2026-09-28 21:00:00,23.4,87,9.1,0.0,Faridabad,28.3521,77.3427,21,-0.7071067811865477,0.7071067811865474,22.9,1.1664261,24.56642606258392,19.7
2026-09-28 22:00:00,23.1,88,9.9,0.0,Faridabad,28.3521,77.3427,22,-0.5000000000000004,0.8660254037844384,22.6,1.2068068,24.306806778907777,18.9
2026-09-28 23:00:00,23.0,89,8.2,0.0,Faridabad,28.3521,77.3427,23,-0.2588190451025215,0.965925826289068,23.6,1.3197267,24.319726705551147,19.7
2026-09-29 00:00:00,22.8,89,8.0,0.0,Faridabad,28.3521,77.3427,0,0.0,1.0,23.1,1.1532626,23.953262615203855,19.1
2026-09-29 01:00:00,22.7,89,7.8,0.0,Faridabad,28.3521,77.3427,1,0.2588190451025207,0.9659258262890684,23.1,1.0897207,23.789720726013183,18.9
2026-09-29 02:00:00,22.6,89,8.0,0.0,Faridabad,28.3521,77.3427,2,0.4999999999999999,0.8660254037844387,23.1,0.8946321,23.49463210105896,18.3
2026-09-29 03:00:00,22.5,89,8.0,0.0,Faridabad,28.3521,77.3427,3,0.7071067811865476,0.7071067811865476,22.6,0.8557476,23.35574758052826,18.0
2026-09-29 04:00:00,22.4,89,8.3,0.0,Faridabad,28.3521,77.3427,4,0.8660254037844386,0.5000000000000001,22.2,0.78321713,23.18321713209152,17.6
2026-09-29 05:00:00,22.2,89,8.6,0.0,Faridabad,28.3521,77.3427,5,0.9659258262890684,0.2588190451025207,23.0,0.9143317,23.114331674575805,17.3
2026-09-29 06:00:00,22.1,89,8.5,2.0,Faridabad,28.3521,77.3427,6,1.0,6.123233995736766e-17,23.0,0.8939026,22.993902599811555,17.2
2026-09-29 07:00:00,23.0,86,7.4,78.0,Faridabad,28.3521,77.3427,7,0.9659258262890684,-0.2588190451025206,23.5,0.7634801,23.76348012685776,19.0
2026-09-29 08:00:00,24.6,79,7.6,244.0,Faridabad,28.3521,77.3427,8,0.8660254037844387,-0.4999999999999998,24.1,0.5419361,25.141936099529268,21.2
2026-09-29 09:00:00,26.4,70,8.4,434.0,Faridabad,28.3521,77.3427,9,0.7071067811865476,-0.7071067811865475,25.4,0.091364875,26.491364875435828,23.1
2026-09-29 10:00:00,28.0,61,10.2,601.0,Faridabad,28.3521,77.3427,10,0.4999999999999999,-0.8660254037844387,27.0,-0.39727896,27.6027210354805,24.3
2026-09-29 11:00:00,29.3,58,10.1,717.0,Faridabad,28.3521,77.3427,11,0.258819045102521,-0.9659258262890682,28.4,-0.77705187,28.522948133945462,26.0
2026-09-29 12:00:00,30.3,55,9.6,767.0,Faridabad,28.3521,77.3427,12,1.2246467991473532e-16,-1.0,28.9,-0.93371075,29.366289246082307,27.4
2026-09-29 13:00:00,31.0,51,9.7,744.0,Faridabad,28.3521,77.3427,13,-0.2588190451025208,-0.9659258262890684,29.4,-0.6864083,30.313591718673703,28.6
2026-09-29 14:00:00,31.2,48,9.9,640.0,Faridabad,28.3521,77.3427,14,-0.4999999999999997,-0.8660254037844388,29.7,-0.3318703,30.86812971234321,29.1
2026-09-29 15:00:00,31.1,48,10.3,509.0,Faridabad,28.3521,77.3427,15,-0.7071067811865471,-0.7071067811865479,29.1,-0.04039951,31.059600489586597,29.2
2026-09-29 16:00:00,30.6,49,9.8,329.0,Faridabad,28.3521,77.3427,16,-0.8660254037844385,-0.5000000000000004,27.1,-0.022329949,30.57767005115748,28.1
2026-09-29 17:00:00,29.5,56,7.7,145.0,Faridabad,28.3521,77.3427,17,-0.9659258262890684,-0.2588190451025206,24.8,0.37305862,29.87305861711502,27.1
2026-09-29 18:00:00,27.9,64,7.5,16.0,Faridabad,28.3521,77.3427,18,-1.0,-1.8369701987210294e-16,24.2,0.3020099,28.20200991034508,24.7
2026-09-29 19:00:00,27.1,68,7.8,0.0,Faridabad,28.3521,77.3427,19,-0.9659258262890684,0.2588190451025203,24.0,0.20818144,27.308181440830232,23.5
2026-09-29 20:00:00,26.5,71,7.3,0.0,Faridabad,28.3521,77.3427,20,-0.8660254037844386,0.5000000000000001,23.7,0.3425397,26.842539697885517,23.0
2026-09-29 21:00:00,25.9,73,7.3,0.0,Faridabad,28.3521,77.3427,21,-0.7071067811865477,0.7071067811865474,23.4,0.47269756,26.372697556018828,22.4
2026-09-29 22:00:00,25.6,74,7.9,0.0,Faridabad,28.3521,77.3427,22,-0.5000000000000004,0.8660254037844384,23.1,0.7431282,26.343128180503847,22.3
2026-09-29 23:00:00,25.2,75,8.3,0.0,Faridabad,28.3521,77.3427,23,-0.2588190451025215,0.965925826289068,23.0,1.0119398,26.211939764022823,22.0
2026-09-30 00:00:00,24.8,76,8.2,0.0,Faridabad,28.3521,77.3427,0,0.0,1.0,22.8,0.7995267,25.59952669143677,21.0
2026-09-30 01:00:00,24.4,77,8.0,0.0,Faridabad,28.3521,77.3427,1,0.2588190451025207,0.9659258262890684,22.7,0.66367143,25.063671433925627,20.2
2026-09-30 02:00:00,24.0,78,7.4,0.0,Faridabad,28.3521,77.3427,2,0.4999999999999999,0.8660254037844387,22.6,0.5883444,24.588344395160675,19.7
2026-09-30 03:00:00,23.5,80,7.3,0.0,Faridabad,28.3521,77.3427,3,0.7071067811865476,0.7071067811865476,22.5,0.7467117,24.246711671352383,19.3
2026-09-30 04:00:00,23.1,81,7.7,0.0,Faridabad,28.3521,77.3427,4,0.8660254037844386,0.5000000000000001,22.4,0.6747274,23.774727380275728,18.4
2026-09-30 05:00:00,22.8,83,7.9,0.0,Faridabad,28.3521,77.3427,5,0.9659258262890684,0.2588190451025207,22.2,0.8058419,23.60584192276001,18.1
2026-09-30 06:00:00,22.6,84,8.1,2.0,Faridabad,28.3521,77.3427,6,1.0,6.123233995736766e-17,22.1,0.7734596,23.373459613323213,17.7
2026-09-30 07:00:00,23.7,81,7.2,86.0,Faridabad,28.3521,77.3427,7,0.9659258262890684,-0.2588190451025206,23.0,0.77543336,24.475433361530303,20.0
2026-09-30 08:00:00,25.9,72,5.8,265.0,Faridabad,28.3521,77.3427,8,0.8660254037844387,-0.4999999999999998,24.6,-0.0054609766,25.894539023377,22.8
2026-09-30 09:00:00,28.1,62,6.9,459.0,Faridabad,28.3521,77.3427,9,0.7071067811865476,-0.7071067811865475,26.4,-0.17221531,27.927784687280656,25.2
2026-09-30 10:00:00,29.7,54,9.0,626.0,Faridabad,28.3521,77.3427,10,0.4999999999999999,-0.8660254037844387,28.0,-0.052841324,29.64715867564082,27.5
2026-09-30 11:00:00,30.9,49,10.5,738.0,Faridabad,28.3521,77.3427,11,0.258819045102521,-0.9659258262890682,29.3,-0.2875931,30.612406903505324,28.9
2026-09-30 12:00:00,31.8,46,11.3,785.0,Faridabad,28.3521,77.3427,12,1.2246467991473532e-16,-1.0,30.3,-0.88865745,30.91134254932404,29.1
2026-09-30 13:00:00,32.4,42,12.2,762.0,Faridabad,28.3521,77.3427,13,-0.2588190451025208,-0.9659258262890684,31.0,-1.0173302,31.382669830322264,29.3
2026-09-30 14:00:00,32.6,40,12.6,673.0,Faridabad,28.3521,77.3427,14,-0.4999999999999997,-0.8660254037844388,31.2,-1.1780642,31.42193577289581,28.9
2026-09-30 15:00:00,32.4,40,12.5,523.0,Faridabad,28.3521,77.3427,15,-0.7071067811865471,-0.7071067811865479,31.1,-0.9104686,31.489531421661376,28.7
2026-09-30 16:00:00,31.7,41,12.0,339.0,Faridabad,28.3521,77.3427,16,-0.8660254037844385,-0.5000000000000004,30.6,-0.63659286,31.063407135009765,27.9
2026-09-30 17:00:00,30.2,49,9.4,146.0,Faridabad,28.3521,77.3427,17,-0.9659258262890684,-0.2588190451025206,29.5,0.5263011,30.726301085948943,28.0
2026-09-30 18:00:00,28.7,55,7.8,16.0,Faridabad,28.3521,77.3427,18,-1.0,-1.8369701987210294e-16,27.9,0.34001365,29.04001365303993,25.3
2026-09-30 19:00:00,27.7,60,7.1,0.0,Faridabad,28.3521,77.3427,19,-0.9659258262890684,0.2588190451025203,27.1,0.07836804,27.77836803793907,23.7
2026-09-30 20:00:00,27.0,64,7.5,0.0,Faridabad,28.3521,77.3427,20,-0.8660254037844386,0.5000000000000001,26.5,0.007872977,27.007872977294028,22.7
2026-09-30 21:00:00,26.4,66,8.0,0.0,Faridabad,28.3521,77.3427,21,-0.7071067811865477,0.7071067811865474,25.9,0.2006466,26.600646594166754,22.1
2026-09-30 22:00:00,26.0,67,8.4,0.0,Faridabad,28.3521,77.3427,22,-0.5000000000000004,0.8660254037844384,25.6,0.45858786,26.45858785510063,21.8
2026-09-30 23:00:00,25.6,68,7.6,0.0,Faridabad,28.3521,77.3427,23,-0.2588190451025215,0.965925826289068,25.2,0.8283547,26.42835471630097,22.0
2026-10-01 00:00:00,25.2,69,7.4,0.0,Faridabad,28.3521,77.3427,0,0.0,1.0,24.8,0.57721627,25.777216267585757,21.1
2026-10-01 01:00:00,24.7,71,5.9,0.0,Faridabad,28.3521,77.3427,1,0.2588190451025207,0.9659258262890684,24.4,0.42900378,25.12900377511978,20.9
2026-10-01 02:00:00,23.8,76,7.6,0.0,Faridabad,28.3521,77.3427,2,0.4999999999999999,0.8660254037844387,24.0,0.42628106,24.226281064748765,18.9
2026-10-01 03:00:00,23.4,79,8.6,0.0,Faridabad,28.3521,77.3427,3,0.7071067811865476,0.7071067811865476,23.5,0.5901141,23.9901141166687,18.3
2026-10-01 04:00:00,23.4,79,8.7,0.0,Faridabad,28.3521,77.3427,4,0.8660254037844386,0.5000000000000001,23.1,0.5175835,23.91758348941803,18.1
2026-10-01 05:00:00,23.5,81,8.5,0.0,Faridabad,28.3521,77.3427,5,0.9659258262890684,0.2588190451025207,22.8,0.8058419,24.30584192276001,19.0
2026-10-01 06:00:00,23.5,81,8.0,2.0,Faridabad,28.3521,77.3427,6,1.0,6.123233995736766e-17,22.6,0.78541285,24.28541284799576,19.1
2026-10-01 07:00:00,24.7,76,7.1,84.0,Faridabad,28.3521,77.3427,7,0.9659258262890684,-0.2588190451025206,23.7,0.2855206,24.98552061319351,20.6
2026-10-01 08:00:00,26.9,69,4.3,262.0,Faridabad,28.3521,77.3427,8,0.8660254037844387,-0.4999999999999998,25.9,-0.02823601,26.871763990819453,25.3
2026-10-01 09:00:00,29.0,59,6.0,453.0,Faridabad,28.3521,77.3427,9,0.7071067811865476,-0.7071067811865475,28.1,-0.018490847,28.981509152799845,26.9
2026-10-01 10:00:00,31.1,50,8.0,617.0,Faridabad,28.3521,77.3427,10,0.4999999999999999,-0.8660254037844387,29.7,-0.43572786,30.66427213549614,28.8
2026-10-01 11:00:00,32.6,43,9.1,731.0,Faridabad,28.3521,77.3427,11,0.258819045102521,-0.9659258262890682,30.9,-1.1889975,31.411002492904665,29.8
2026-10-01 12:00:00,33.6,39,10.6,781.0,Faridabad,28.3521,77.3427,12,1.2246467991473532e-16,-1.0,31.8,-1.6292301,31.97076985836029,30.6
2026-10-01 13:00:00,34.2,36,11.7,759.0,Faridabad,28.3521,77.3427,13,-0.2588190451025208,-0.9659258262890684,32.4,-2.0485218,32.15147824287415,30.4
2026-10-01 14:00:00,34.5,35,12.2,670.0,Faridabad,28.3521,77.3427,14,-0.4999999999999997,-0.8660254037844388,32.6,-2.0753787,32.42462134361267,30.5
2026-10-01 15:00:00,34.3,35,12.5,520.0,Faridabad,28.3521,77.3427,15,-0.7071067811865471,-0.7071067811865479,32.4,-1.9974897,32.30251030921936,29.8
2026-10-01 16:00:00,33.6,37,11.3,333.0,Faridabad,28.3521,77.3427,16,-0.8660254037844385,-0.5000000000000004,31.7,-1.5884984,32.01150164604187,29.5
2026-10-01 17:00:00,31.9,45,9.5,143.0,Faridabad,28.3521,77.3427,17,-0.9659258262890684,-0.2588190451025206,30.2,-0.48049715,31.419502848386763,28.8
2026-10-01 18:00:00,30.4,52,9.0,15.0,Faridabad,28.3521,77.3427,18,-1.0,-1.8369701987210294e-16,28.7,0.18305035,30.583050349354743,27.7
2026-10-01 19:00:00,29.3,57,8.0,0.0,Faridabad,28.3521,77.3427,19,-0.9659258262890684,0.2588190451025203,27.7,-0.08616285,29.213837149739263,25.7
2026-10-01 20:00:00,28.7,60,8.4,0.0,Faridabad,28.3521,77.3427,20,-0.8660254037844386,0.5000000000000001,27.0,-0.20693439,28.49306560754776,24.8
2026-10-01 21:00:00,28.2,62,9.2,0.0,Faridabad,28.3521,77.3427,21,-0.7071067811865477,0.7071067811865474,26.4,-0.29689372,27.90310628414154,23.8
2026-10-01 22:00:00,27.9,62,10.0,0.0,Faridabad,28.3521,77.3427,22,-0.5000000000000004,0.8660254037844384,26.0,-0.284582,27.615418010950087,23.2
2026-10-01 23:00:00,27.4,65,11.1,0.0,Faridabad,28.3521,77.3427,23,-0.2588190451025215,0.965925826289068,25.6,0.023259653,27.423259652778505,22.7
2026-10-02 00:00:00,26.5,68,10.2,0.0,Faridabad,28.3521,77.3427,0,0.0,1.0,25.2,0.22450961,26.724509611725807,22.0
2026-10-02 01:00:00,25.5,73,9.1,0.0,Faridabad,28.3521,77.3427,1,0.2588190451025207,0.9659258262890684,24.7,0.6008301,26.100830078125,21.5
2026-10-02 02:00:00,24.7,76,8.6,0.0,Faridabad,28.3521,77.3427,2,0.4999999999999999,0.8660254037844387,23.8,0.39907807,25.0990780711174,20.0
2026-10-02 03:00:00,24.2,76,9.4,0.0,Faridabad,28.3521,77.3427,3,0.7071067811865476,0.7071067811865476,23.4,0.48730585,24.68730584979057,19.0
2026-10-02 04:00:00,24.0,74,9.7,0.0,Faridabad,28.3521,77.3427,4,0.8660254037844386,0.5000000000000001,23.4,0.38097417,24.38097417354584,18.2
2026-10-02 05:00:00,24.2,71,9.6,0.0,Faridabad,28.3521,77.3427,5,0.9659258262890684,0.2588190451025207,23.5,0.4362077,24.636207711696624,18.5
2026-10-02 06:00:00,24.8,68,8.7,1.0,Faridabad,28.3521,77.3427,6,1.0,6.123233995736766e-17,23.5,0.18162324,24.981623235344887,19.2
2026-10-02 07:00:00,25.8,63,7.5,88.0,Faridabad,28.3521,77.3427,7,0.9659258262890684,-0.2588190451025206,24.7,-0.16793042,25.63206957578659,20.6
2026-10-02 08:00:00,27.1,58,7.0,262.0,Faridabad,28.3521,77.3427,8,0.8660254037844387,-0.4999999999999998,26.9,-0.22633387,26.8736661285162,22.8
2026-10-02 09:00:00,29.0,51,7.6,469.0,Faridabad,28.3521,77.3427,9,0.7071067811865476,-0.7071067811865475,29.0,0.119076476,29.11907647550106,26.2
2026-10-02 10:00:00,31.2,44,9.0,624.0,Faridabad,28.3521,77.3427,10,0.4999999999999999,-0.8660254037844387,31.1,-0.35917753,30.84082247018814,28.7
2026-10-02 11:00:00,33.0,39,10.4,728.0,Faridabad,28.3521,77.3427,11,0.258819045102521,-0.9659258262890682,32.6,-1.3383952,31.66160476207733,29.9
2026-10-02 12:00:00,34.3,34,11.6,787.0,Faridabad,28.3521,77.3427,12,1.2246467991473532e-16,-1.0,33.6,-1.8530967,32.44690327644348,30.9
2026-10-02 13:00:00,35.1,31,13.0,757.0,Faridabad,28.3521,77.3427,13,-0.2588190451025208,-0.9659258262890684,34.2,-2.3449569,32.75504312515259,30.6
2026-10-02 14:00:00,35.4,29,13.7,661.0,Faridabad,28.3521,77.3427,14,-0.4999999999999997,-0.8660254037844388,34.5,-2.7005112,32.69948878288269,29.8
2026-10-02 15:00:00,34.9,30,13.2,488.0,Faridabad,28.3521,77.3427,15,-0.7071067811865471,-0.7071067811865479,34.3,-2.1981335,32.70186653137207,29.8
2026-10-02 16:00:00,33.9,34,12.0,338.0,Faridabad,28.3521,77.3427,16,-0.8660254037844385,-0.5000000000000004,33.6,-1.37408,32.52592005729675,30.0
2026-10-02 17:00:00,32.9,37,10.9,164.0,Faridabad,28.3521,77.3427,17,-0.9659258262890684,-0.2588190451025206,31.9,-1.1004304,31.799569630622862,28.9
2026-10-02 18:00:00,31.8,41,10.6,15.0,Faridabad,28.3521,77.3427,18,-1.0,-1.8369701987210294e-16,30.4,-0.46886453,31.331135469675065,28.1
2026-10-02 19:00:00,30.7,46,10.7,0.0,Faridabad,28.3521,77.3427,19,-0.9659258262890684,0.2588190451025203,29.3,-0.60559416,30.094405841827392,26.2
2026-10-02 20:00:00,29.7,49,10.9,0.0,Faridabad,28.3521,77.3427,20,-0.8660254037844386,0.5000000000000001,28.7,-0.21641426,29.483585742115974,25.3
2026-10-02 21:00:00,29.0,51,10.5,0.0,Faridabad,28.3521,77.3427,21,-0.7071067811865477,0.7071067811865474,28.2,-0.61672986,28.383270144462585,23.6
2026-10-02 22:00:00,28.4,52,10.0,0.0,Faridabad,28.3521,77.3427,22,-0.5000000000000004,0.8660254037844384,27.9,-0.344678,28.055321985483168,23.2
2026-10-02 23:00:00,27.7,54,9.4,0.0,Faridabad,28.3521,77.3427,23,-0.2588190451025215,0.965925826289068,27.4,0.08022763,27.780227628350257,23.0
2026-09-28 00:00:00,22.2,99,4.1,0.0,Ghaziabad,28.7687,77.4766,0,0.0,1.0,22.3,0.7904361,22.990436089038848,21.5
2026-09-28 01:00:00,22.0,99,4.6,0.0,Ghaziabad,28.7687,77.4766,1,0.2588190451025207,0.9659258262890684,22.5,0.7996184,22.79961842298508,20.5
2026-09-28 02:00:00,21.8,98,5.8,0.0,Ghaziabad,28.7687,77.4766,2,0.4999999999999999,0.8660254037844387,22.7,0.8187716,22.618771600723267,18.9
2026-09-28 03:00:00,21.7,98,4.9,0.0,Ghaziabad,28.7687,77.4766,3,0.7071067811865476,0.7071067811865476,22.7,0.7440135,22.444013488292693,19.5
2026-09-28 04:00:00,21.8,97,4.0,0.0,Ghaziabad,28.7687,77.4766,4,0.8660254037844386,0.5000000000000001,22.8,0.61540216,22.415402162075043,20.6
2026-09-28 05:00:00,22.4,94,7.0,0.0,Ghaziabad,28.7687,77.4766,5,0.9659258262890684,0.2588190451025207,21.8,0.8808025,23.280802512168883,18.8
2026-09-28 06:00:00,22.5,94,8.7,1.0,Ghaziabad,28.7687,77.4766,6,1.0,6.123233995736766e-17,21.7,0.86508787,23.365087866783146,18.1
2026-09-28 07:00:00,22.7,94,9.6,17.0,Ghaziabad,28.7687,77.4766,7,0.9659258262890684,-0.2588190451025206,22.5,1.0440317,23.744031739234924,18.4
2026-09-28 08:00:00,22.8,94,9.4,29.0,Ghaziabad,28.7687,77.4766,8,0.8660254037844387,-0.4999999999999998,23.6,1.1030399,23.903039860725404,18.9
2026-09-28 09:00:00,23.3,94,7.1,107.0,Ghaziabad,28.7687,77.4766,9,0.7071067811865476,-0.7071067811865475,25.1,0.9220894,24.222089397907254,20.6
2026-09-28 10:00:00,23.4,96,6.3,106.0,Ghaziabad,28.7687,77.4766,10,0.4999999999999999,-0.8660254037844387,26.8,1.3083949,24.708394908905028,22.1
2026-09-28 11:00:00,23.8,87,6.1,183.0,Ghaziabad,28.7687,77.4766,11,0.258819045102521,-0.9659258262890682,27.0,1.6543323,25.454332280159,22.9
2026-09-28 12:00:00,24.2,85,4.7,247.0,Ghaziabad,28.7687,77.4766,12,1.2246467991473532e-16,-1.0,27.5,1.2504404,25.4504403591156,24.0
2026-09-28 13:00:00,25.5,82,3.2,387.0,Ghaziabad,28.7687,77.4766,13,-0.2588190451025208,-0.9659258262890684,27.5,1.0735539,26.57355391979217,27.4
2026-09-28 14:00:00,26.4,77,3.3,385.0,Ghaziabad,28.7687,77.4766,14,-0.4999999999999997,-0.8660254037844388,27.3,0.5357051,26.93570508956909,27.4
2026-09-28 15:00:00,25.6,80,7.8,322.0,Ghaziabad,28.7687,77.4766,15,-0.7071067811865471,-0.7071067811865479,26.8,1.2791002,26.879100179672243,24.4
2026-09-28 16:00:00,24.5,87,7.0,139.0,Ghaziabad,28.7687,77.4766,16,-0.8660254037844385,-0.5000000000000004,25.5,2.4166894,26.91668939590454,24.9
2026-09-28 17:00:00,23.5,90,11.5,79.0,Ghaziabad,28.7687,77.4766,17,-0.9659258262890684,-0.2588190451025206,24.8,1.7639438,25.263943791389465,20.3
2026-09-28 18:00:00,23.2,90,8.5,13.0,Ghaziabad,28.7687,77.4766,18,-1.0,-1.8369701987210294e-16,23.7,1.28934,24.489340019226077,20.0
2026-09-28 19:00:00,22.9,92,5.9,0.0,Ghaziabad,28.7687,77.4766,19,-0.9659258262890684,0.2588190451025203,23.0,1.2199683,24.119968318939208,20.8
2026-09-28 20:00:00,22.7,94,5.7,0.0,Ghaziabad,28.7687,77.4766,20,-0.8660254037844386,0.5000000000000001,22.6,1.1121404,23.812140417099,20.6
2026-09-28 21:00:00,22.4,94,8.0,0.0,Ghaziabad,28.7687,77.4766,21,-0.7071067811865477,0.7071067811865474,22.3,1.0397733,23.43977334499359,18.5
2026-09-28 22:00:00,22.3,93,9.6,0.0,Ghaziabad,28.7687,77.4766,22,-0.5000000000000004,0.8660254037844384,21.9,1.1067375,23.40673749446869,17.7
2026-09-28 23:00:00,22.3,93,7.6,0.0,Ghaziabad,28.7687,77.4766,23,-0.2588190451025215,0.965925826289068,22.7,1.251245,23.55124502182007,18.9
2026-09-29 00:00:00,22.1,93,5.3,0.0,Ghaziabad,28.7687,77.4766,0,0.0,1.0,22.2,0.8682578,22.968257820606237,19.5
2026-09-29 01:00:00,22.1,93,6.1,0.0,Ghaziabad,28.7687,77.4766,1,0.2588190451025207,0.9659258262890684,22.0,0.9343207,23.03432068824768,18.9
2026-09-29 02:00:00,22.1,92,7.2,0.0,Ghaziabad,28.7687,77.4766,2,0.4999999999999999,0.8660254037844387,21.8,0.8187716,22.918771600723268,17.9
2026-09-29 03:00:00,22.0,91,7.4,0.0,Ghaziabad,28.7687,77.4766,3,0.7071067811865476,0.7071067811865476,21.7,0.8166878,22.81668782234192,17.5
2026-09-29 04:00:00,21.9,91,6.5,0.0,Ghaziabad,28.7687,77.4766,4,0.8660254037844386,0.5000000000000001,21.8,0.74968797,22.6496879696846,17.8
2026-09-29 05:00:00,21.9,90,6.3,0.0,Ghaziabad,28.7687,77.4766,5,0.9659258262890684,0.2588190451025207,22.4,0.8808025,22.780802512168883,18.1
2026-09-29 06:00:00,21.9,90,6.6,2.0,Ghaziabad,28.7687,77.4766,6,1.0,6.123233995736766e-17,22.5,0.86037344,22.76037343740463,17.9
2026-09-29 07:00:00,22.7,88,9.0,75.0,Ghaziabad,28.7687,77.4766,7,0.9659258262890684,-0.2588190451025206,22.7,0.8450875,23.54508752822876,18.1
2026-09-29 08:00:00,24.3,83,9.8,228.0,Ghaziabad,28.7687,77.4766,8,0.8660254037844387,-0.4999999999999998,22.8,0.62319684,24.923196840286256,20.3
2026-09-29 09:00:00,25.9,77,9.4,407.0,Ghaziabad,28.7687,77.4766,9,0.7071067811865476,-0.7071067811865475,23.3,-0.21080163,25.689198368787764,21.9
2026-09-29 10:00:00,27.4,70,10.4,561.0,Ghaziabad,28.7687,77.4766,10,0.4999999999999999,-0.8660254037844387,23.4,-0.7874679,26.612532103061675,23.1
2026-09-29 11:00:00,28.6,64,10.6,688.0,Ghaziabad,28.7687,77.4766,11,0.258819045102521,-0.9659258262890682,23.8,-1.2772973,27.322702741622926,24.2
2026-09-29 12:00:00,29.5,62,11.2,738.0,Ghaziabad,28.7687,77.4766,12,1.2246467991473532e-16,-1.0,24.2,-1.5195031,27.98049688339233,25.1
2026-09-29 13:00:00,30.0,62,11.7,720.0,Ghaziabad,28.7687,77.4766,13,-0.2588190451025208,-0.9659258262890684,25.5,-1.6369914,28.3630086183548,25.5
2026-09-29 14:00:00,30.2,60,11.9,633.0,Ghaziabad,28.7687,77.4766,14,-0.4999999999999997,-0.8660254037844388,26.4,-1.2966379,28.90336210727692,26.1
2026-09-29 15:00:00,29.9,60,12.6,500.0,Ghaziabad,28.7687,77.4766,15,-0.7071067811865471,-0.7071067811865479,25.6,-1.1459308,28.754069232940672,25.2
2026-09-29 16:00:00,29.2,64,11.6,321.0,Ghaziabad,28.7687,77.4766,16,-0.8660254037844385,-0.5000000000000004,24.5,-0.7611199,28.438880097866058,25.1
2026-09-29 17:00:00,28.0,70,8.4,138.0,Ghaziabad,28.7687,77.4766,17,-0.9659258262890684,-0.2588190451025206,23.5,0.4493471,28.449347108602524,25.8
2026-09-29 18:00:00,26.5,74,7.7,15.0,Ghaziabad,28.7687,77.4766,18,-1.0,-1.8369701987210294e-16,23.2,0.4750809,26.975080907344815,23.4
2026-09-29 19:00:00,25.9,75,7.7,0.0,Ghaziabad,28.7687,77.4766,19,-0.9659258262890684,0.2588190451025203,22.9,0.47261778,26.3726177752018,22.4
2026-09-29 20:00:00,25.4,77,7.7,0.0,Ghaziabad,28.7687,77.4766,20,-0.8660254037844386,0.5000000000000001,22.7,0.46300343,25.86300342679024,21.7
2026-09-29 21:00:00,25.0,79,8.1,0.0,Ghaziabad,28.7687,77.4766,21,-0.7071067811865477,0.7071067811865474,22.4,0.6594864,25.65948641300201,21.4
2026-09-29 22:00:00,24.5,80,8.6,0.0,Ghaziabad,28.7687,77.4766,22,-0.5000000000000004,0.8660254037844384,22.3,0.8515029,25.351502895355225,20.8
2026-09-29 23:00:00,24.1,80,8.4,0.0,Ghaziabad,28.7687,77.4766,23,-0.2588190451025215,0.965925826289068,22.3,1.0938925,25.19389245510101,20.5
2026-09-30 00:00:00,23.7,80,8.3,0.0,Ghaziabad,28.7687,77.4766,0,0.0,1.0,22.1,0.9274288,24.62742878198624,19.6
2026-09-30 01:00:00,23.4,79,8.4,0.0,Ghaziabad,28.7687,77.4766,1,0.2588190451025207,0.9659258262890684,22.1,0.66924745,24.069247448444365,18.5
2026-09-30 02:00:00,23.2,79,8.3,0.0,Ghaziabad,28.7687,77.4766,2,0.4999999999999999,0.8660254037844387,22.1,0.3426029,23.542602908611297,17.6
2026-09-30 03:00:00,22.8,80,8.0,0.0,Ghaziabad,28.7687,77.4766,3,0.7071067811865476,0.7071067811865476,22.0,0.57269067,23.37269066572189,17.5
2026-09-30 04:00:00,22.5,81,8.0,0.0,Ghaziabad,28.7687,77.4766,4,0.8660254037844386,0.5000000000000001,21.9,0.5056907,23.00569069385529,16.9
2026-09-30 05:00:00,22.1,83,7.9,0.0,Ghaziabad,28.7687,77.4766,5,0.9659258262890684,0.2588190451025207,21.9,0.63680524,22.73680523633957,16.6
2026-09-30 06:00:00,21.9,84,8.1,2.0,Ghaziabad,28.7687,77.4766,6,1.0,6.123233995736766e-17,21.9,0.6044229,22.50442292690277,16.2
2026-09-30 07:00:00,23.3,80,9.0,84.0,Ghaziabad,28.7687,77.4766,7,0.9659258262890684,-0.2588190451025206,22.7,0.68346846,23.983468461036683,18.4
2026-09-30 08:00:00,25.3,74,7.9,259.0,Ghaziabad,28.7687,77.4766,8,0.8660254037844387,-0.4999999999999998,24.3,-0.057345234,25.24265476614237,21.0
2026-09-30 09:00:00,27.1,69,9.1,451.0,Ghaziabad,28.7687,77.4766,9,0.7071067811865476,-0.7071067811865475,25.9,-0.57570785,26.524292147159574,23.0
2026-09-30 10:00:00,28.6,63,10.3,614.0,Ghaziabad,28.7687,77.4766,10,0.4999999999999999,-0.8660254037844387,27.4,-0.73413134,27.865868663787843,25.0
2026-09-30 11:00:00,29.6,57,11.6,725.0,Ghaziabad,28.7687,77.4766,11,0.258819045102521,-0.9659258262890682,28.6,-1.440785,28.15921494960785,24.8
2026-09-30 12:00:00,30.4,54,12.3,772.0,Ghaziabad,28.7687,77.4766,12,1.2246467991473532e-16,-1.0,29.5,-1.3757896,29.02421035766601,25.9
2026-09-30 13:00:00,30.8,52,12.9,749.0,Ghaziabad,28.7687,77.4766,13,-0.2588190451025208,-0.9659258262890684,30.0,-1.4039147,29.3960853099823,26.1
2026-09-30 14:00:00,30.8,51,13.2,660.0,Ghaziabad,28.7687,77.4766,14,-0.4999999999999997,-0.8660254037844388,30.2,-1.0228333,29.777166652679444,26.3
2026-09-30 15:00:00,30.5,52,13.1,514.0,Ghaziabad,28.7687,77.4766,15,-0.7071067811865471,-0.7071067811865479,29.9,-1.0863752,29.41362476348877,25.5
2026-09-30 16:00:00,29.7,58,10.8,329.0,Ghaziabad,28.7687,77.4766,16,-0.8660254037844385,-0.5000000000000004,29.2,-1.0155902,28.684409809112548,25.3
2026-09-30 17:00:00,28.1,66,7.5,140.0,Ghaziabad,28.7687,77.4766,17,-0.9659258262890684,-0.2588190451025206,28.0,0.4895507,28.589550709724428,25.8
2026-09-30 18:00:00,26.1,71,6.5,15.0,Ghaziabad,28.7687,77.4766,18,-1.0,-1.8369701987210294e-16,26.5,0.5206131,26.620613074302675,23.0
2026-09-30 19:00:00,25.2,75,6.5,0.0,Ghaziabad,28.7687,77.4766,19,-0.9659258262890684,0.2588190451025203,25.9,0.6204797,25.820479702949523,21.9
2026-09-30 20:00:00,24.6,77,6.7,0.0,Ghaziabad,28.7687,77.4766,20,-0.8660254037844386,0.5000000000000001,25.4,0.57072765,25.170727646350866,20.9
2026-09-30 21:00:00,24.3,77,7.4,0.0,Ghaziabad,28.7687,77.4766,21,-0.7071067811865477,0.7071067811865474,25.0,0.4700648,24.77006478905678,19.9
2026-09-30 22:00:00,23.9,78,7.8,0.0,Ghaziabad,28.7687,77.4766,22,-0.5000000000000004,0.8660254037844384,24.5,0.68461305,24.584613049030303,19.5
2026-09-30 23:00:00,23.4,80,6.8,0.0,Ghaziabad,28.7687,77.4766,23,-0.2588190451025215,0.965925826289068,24.1,1.1042292,24.50422921180725,20.0
2026-10-01 00:00:00,23.0,81,6.7,0.0,Ghaziabad,28.7687,77.4766,0,0.0,1.0,23.7,0.8965075,23.896507501602173,19.1
2026-10-01 01:00:00,22.7,81,6.8,0.0,Ghaziabad,28.7687,77.4766,1,0.2588190451025207,0.9659258262890684,23.4,0.83296525,23.53296525478363,18.4
2026-10-01 02:00:00,22.6,81,6.9,0.0,Ghaziabad,28.7687,77.4766,2,0.4999999999999999,0.8660254037844387,23.2,0.6064334,23.206433391571046,17.8
2026-10-01 03:00:00,22.4,81,6.9,0.0,Ghaziabad,28.7687,77.4766,3,0.7071067811865476,0.7071067811865476,22.8,0.5721445,22.97214450836181,17.4
2026-10-01 04:00:00,22.4,81,8.5,0.0,Ghaziabad,28.7687,77.4766,4,0.8660254037844386,0.5000000000000001,22.5,0.5056907,22.905690693855284,16.5
2026-10-01 05:00:00,22.3,86,7.2,0.0,Ghaziabad,28.7687,77.4766,5,0.9659258262890684,0.2588190451025207,22.1,0.62430584,22.924305844306947,17.5
2026-10-01 06:00:00,22.2,87,6.9,2.0,Ghaziabad,28.7687,77.4766,6,1.0,6.123233995736766e-17,21.9,0.78516513,22.98516513109207,17.9
2026-10-01 07:00:00,24.1,82,8.2,82.0,Ghaziabad,28.7687,77.4766,7,0.9659258262890684,-0.2588190451025206,23.3,0.6420945,24.74209449291229,20.1
2026-10-01 08:00:00,26.2,77,5.6,254.0,Ghaziabad,28.7687,77.4766,8,0.8660254037844387,-0.4999999999999998,25.3,-0.13347995,26.066520047187804,23.6
2026-10-01 09:00:00,28.2,70,6.1,443.0,Ghaziabad,28.7687,77.4766,9,0.7071067811865476,-0.7071067811865475,27.1,-0.5966863,27.60331369638443,25.6
2026-10-01 10:00:00,29.9,63,8.1,604.0,Ghaziabad,28.7687,77.4766,10,0.4999999999999999,-0.8660254037844387,28.6,-0.83337486,29.06662514209747,27.3
2026-10-01 11:00:00,31.1,58,9.8,714.0,Ghaziabad,28.7687,77.4766,11,0.258819045102521,-0.9659258262890682,29.6,-1.190306,29.909694051742555,28.5
2026-10-01 12:00:00,31.9,53,11.0,762.0,Ghaziabad,28.7687,77.4766,12,1.2246467991473532e-16,-1.0,30.4,-1.7404794,30.15952064990997,28.4
2026-10-01 13:00:00,32.2,50,11.8,742.0,Ghaziabad,28.7687,77.4766,13,-0.2588190451025208,-0.9659258262890684,30.8,-1.4708363,30.72916371822357,28.9
2026-10-01 14:00:00,32.2,50,12.0,655.0,Ghaziabad,28.7687,77.4766,14,-0.4999999999999997,-0.8660254037844388,30.8,-1.4705479,30.729452085495,28.6
2026-10-01 15:00:00,31.8,52,11.6,509.0,Ghaziabad,28.7687,77.4766,15,-0.7071067811865471,-0.7071067811865479,30.5,-1.3864924,30.413507628440858,28.1
2026-10-01 16:00:00,30.9,60,9.3,326.0,Ghaziabad,28.7687,77.4766,16,-0.8660254037844385,-0.5000000000000004,29.7,-0.9294412,29.97055878639221,28.0
2026-10-01 17:00:00,29.0,69,7.2,137.0,Ghaziabad,28.7687,77.4766,17,-0.9659258262890684,-0.2588190451025206,28.1,0.0035427103,29.003542710328475,26.8
2026-10-01 18:00:00,27.0,75,7.1,14.0,Ghaziabad,28.7687,77.4766,18,-1.0,-1.8369701987210294e-16,26.1,0.41597307,27.41597306728363,24.4
2026-10-01 19:00:00,26.1,78,6.7,0.0,Ghaziabad,28.7687,77.4766,19,-0.9659258262890684,0.2588190451025203,25.2,0.52924514,26.629245138168336,23.4
2026-10-01 20:00:00,25.5,80,7.2,0.0,Ghaziabad,28.7687,77.4766,20,-0.8660254037844386,0.5000000000000001,24.6,0.8459719,26.34597188234329,22.9
2026-10-01 21:00:00,25.1,81,8.5,0.0,Ghaziabad,28.7687,77.4766,21,-0.7071067811865477,0.7071067811865474,24.3,0.85412544,25.9541254401207,22.0
2026-10-01 22:00:00,24.5,83,8.1,0.0,Ghaziabad,28.7687,77.4766,22,-0.5000000000000004,0.8660254037844384,23.9,0.8515029,25.351502895355225,21.1
2026-10-01 23:00:00,24.0,85,6.4,0.0,Ghaziabad,28.7687,77.4766,23,-0.2588190451025215,0.965925826289068,23.4,1.092276,25.092275977134705,21.5
2026-10-02 00:00:00,23.6,85,6.1,0.0,Ghaziabad,28.7687,77.4766,0,0.0,1.0,23.0,0.8280109,24.4280109167099,20.6
2026-10-02 01:00:00,23.3,86,5.9,0.0,Ghaziabad,28.7687,77.4766,1,0.2588190451025207,0.9659258262890684,22.7,0.76446867,24.06446866989136,20.3
2026-10-02 02:00:00,23.0,86,6.6,0.0,Ghaziabad,28.7687,77.4766,2,0.4999999999999999,0.8660254037844387,22.6,0.59448016,23.5944801568985,19.0
2026-10-02 03:00:00,22.7,86,7.9,0.0,Ghaziabad,28.7687,77.4766,3,0.7071067811865476,0.7071067811865476,22.4,0.56073743,23.260737431049343,17.7
2026-10-02 04:00:00,22.3,86,8.3,0.0,Ghaziabad,28.7687,77.4766,4,0.8660254037844386,0.5000000000000001,22.4,0.49373746,22.79373745918274,16.7
2026-10-02 05:00:00,22.5,85,8.5,0.0,Ghaziabad,28.7687,77.4766,5,0.9659258262890684,0.2588190451025207,22.3,0.624852,23.124852001667023,17.1
2026-10-02 06:00:00,23.3,83,8.4,1.0,Ghaziabad,28.7687,77.4766,6,1.0,6.123233995736766e-17,22.2,0.62054443,23.92054443359375,18.5
2026-10-02 07:00:00,24.5,80,8.0,86.0,Ghaziabad,28.7687,77.4766,7,0.9659258262890684,-0.2588190451025206,24.1,0.61434525,25.114345252513885,20.7
2026-10-02 08:00:00,25.9,75,7.8,255.0,Ghaziabad,28.7687,77.4766,8,0.8660254037844387,-0.4999999999999998,26.2,-0.14582734,25.75417266190052,21.9
2026-10-02 09:00:00,27.6,67,8.1,459.0,Ghaziabad,28.7687,77.4766,9,0.7071067811865476,-0.7071067811865475,28.2,-0.41241708,27.18758291602135,24.1
2026-10-02 10:00:00,29.5,59,8.8,610.0,Ghaziabad,28.7687,77.4766,10,0.4999999999999999,-0.8660254037844387,29.9,-0.73516804,28.764831960201263,26.4
2026-10-02 11:00:00,31.0,53,9.7,713.0,Ghaziabad,28.7687,77.4766,11,0.258819045102521,-0.9659258262890682,31.1,-1.013765,29.98623502254486,28.2
2026-10-02 12:00:00,32.0,49,10.8,774.0,Ghaziabad,28.7687,77.4766,12,1.2246467991473532e-16,-1.0,31.9,-1.3052477,30.6947523355484,29.1
2026-10-02 13:00:00,32.6,47,11.8,744.0,Ghaziabad,28.7687,77.4766,13,-0.2588190451025208,-0.9659258262890684,32.2,-1.640477,30.959523057937623,29.1
2026-10-02 14:00:00,32.6,48,12.2,648.0,Ghaziabad,28.7687,77.4766,14,-0.4999999999999997,-0.8660254037844388,32.2,-1.6953464,30.90465364456177,28.7
2026-10-02 15:00:00,31.9,52,11.3,486.0,Ghaziabad,28.7687,77.4766,15,-0.7071067811865471,-0.7071067811865479,31.8,-1.3864924,30.513507628440856,28.3
2026-10-02 16:00:00,30.6,59,9.5,326.0,Ghaziabad,28.7687,77.4766,16,-0.8660254037844385,-0.5000000000000004,30.9,-0.8588288,29.741171216964723,27.5
2026-10-02 17:00:00,29.4,65,8.2,151.0,Ghaziabad,28.7687,77.4766,17,-0.9659258262890684,-0.2588190451025206,29.0,-0.33531716,29.0646828353405,26.5
2026-10-02 18:00:00,28.3,67,8.1,12.0,Ghaziabad,28.7687,77.4766,18,-1.0,-1.8369701987210294e-16,27.0,-0.089304656,28.21069534420967,24.9
2026-10-02 19:00:00,27.3,67,8.6,0.0,Ghaziabad,28.7687,77.4766,19,-0.9659258262890684,0.2588190451025203,26.1,-0.13716984,27.16283016204834,23.0
2026-10-02 20:00:00,26.5,67,8.8,0.0,Ghaziabad,28.7687,77.4766,20,-0.8660254037844386,0.5000000000000001,25.5,-0.021539899,26.478460101410747,21.8
2026-10-02 21:00:00,25.8,69,8.6,0.0,Ghaziabad,28.7687,77.4766,21,-0.7071067811865477,0.7071067811865474,25.1,0.08310036,25.883100363612176,20.9
2026-10-02 22:00:00,25.2,70,8.2,0.0,Ghaziabad,28.7687,77.4766,22,-0.5000000000000004,0.8660254037844384,24.5,0.20447777,25.40447777211666,20.3
2026-10-02 23:00:00,24.7,72,7.9,0.0,Ghaziabad,28.7687,77.4766,23,-0.2588190451025215,0.965925826289068,24.0,0.47719383,25.17719383239746,20.1
2026-09-28 00:00:00,22.6,95,0.7,0.0,Gurugram,28.3688,76.9408,0,0.0,1.0,22.5,-0.07026911,22.5297308921814,25.2
2026-09-28 01:00:00,22.2,97,2.7,0.0,Gurugram,28.3688,76.9408,1,0.2588190451025207,0.9659258262890684,22.7,-0.13696608,22.063033920526504,22.0
2026-09-28 02:00:00,22.3,98,3.3,0.0,Gurugram,28.3688,76.9408,2,0.4999999999999999,0.8660254037844387,22.9,-0.12718703,22.17281297147274,21.3
2026-09-28 03:00:00,22.9,96,5.0,0.0,Gurugram,28.3688,76.9408,3,0.7071067811865476,0.7071067811865476,23.0,0.11230509,23.01230508983135,20.1
2026-09-28 04:00:00,22.8,95,3.7,0.0,Gurugram,28.3688,76.9408,4,0.8660254037844386,0.5000000000000001,22.3,-0.034222063,22.765777937322856,21.4
2026-09-28 05:00:00,22.7,98,2.9,0.0,Gurugram,28.3688,76.9408,5,0.9659258262890684,0.2588190451025207,22.2,-0.0135762235,22.686423776485025,22.7
2026-09-28 06:00:00,22.4,99,1.5,2.0,Gurugram,28.3688,76.9408,6,1.0,6.123233995736766e-17,22.0,-0.06782227,22.33217772990465,24.4
2026-09-28 07:00:00,23.2,95,2.8,61.0,Gurugram,28.3688,76.9408,7,0.9659258262890684,-0.2588190451025206,23.3,-0.17949998,23.020500016212463,23.2
2026-09-28 08:00:00,24.8,85,5.9,214.0,Gurugram,28.3688,76.9408,8,0.8660254037844387,-0.4999999999999998,24.9,-0.0072190873,24.792780912667517,21.9
2026-09-28 09:00:00,26.5,75,10.8,414.0,Gurugram,28.3688,76.9408,9,0.7071067811865476,-0.7071067811865475,26.9,-0.054792732,26.44520726799965,22.7
2026-09-28 10:00:00,27.9,67,12.4,581.0,Gurugram,28.3688,76.9408,10,0.4999999999999999,-0.8660254037844387,28.3,-0.7500108,27.14998921155929,22.9
2026-09-28 11:00:00,29.1,55,14.3,663.0,Gurugram,28.3688,76.9408,11,0.258819045102521,-0.9659258262890682,28.8,-1.1523432,27.94765684604645,22.3
2026-09-28 12:00:00,29.6,52,16.1,633.0,Gurugram,28.3688,76.9408,12,1.2246467991473532e-16,-1.0,29.6,-1.5467277,28.05327234268189,20.6
2026-09-28 13:00:00,29.6,57,17.2,609.0,Gurugram,28.3688,76.9408,13,-0.2588190451025208,-0.9659258262890684,30.3,-1.7830478,27.81695220470429,
2026-09-28 14:00:00,28.9,59,18.9,575.0,Gurugram,28.3688,76.9408,14,-0.4999999999999997,-0.8660254037844388,30.4,-1.3396522,27.560347819328307,
2026-09-28 15:00:00,27.5,65,19.1,471.0,Gurugram,28.3688,76.9408,15,-0.7071067811865471,-0.7071067811865479,30.0,-0.8379255,26.662074506282806,
2026-09-28 16:00:00,26.2,70,20.7,285.0,Gurugram,28.3688,76.9408,16,-0.8660254037844385,-0.5000000000000004,29.0,0.23402548,26.43402547836304,
2026-09-28 17:00:00,25.0,76,12.2,133.0,Gurugram,28.3688,76.9408,17,-0.9659258262890684,-0.2588190451025206,27.5,0.6320133,25.63201332092285,19.7
2026-09-28 18:00:00,24.3,81,5.0,18.0,Gurugram,28.3688,76.9408,18,-1.0,-1.8369701987210294e-16,26.0,0.41064546,24.710645455121995,21.7
2026-09-28 19:00:00,23.7,83,2.9,0.0,Gurugram,28.3688,76.9408,19,-0.9659258262890684,0.2588190451025203,24.9,0.05672125,23.75672125145793,23.0
2026-09-28 20:00:00,23.2,84,6.7,0.0,Gurugram,28.3688,76.9408,20,-0.8660254037844386,0.5000000000000001,23.9,0.23835692,23.43835691809654,18.5
2026-09-28 21:00:00,22.9,85,9.3,0.0,Gurugram,28.3688,76.9408,21,-0.7071067811865477,0.7071067811865474,23.2,0.3181175,23.2181174993515,16.9
2026-09-28 22:00:00,22.7,86,8.8,0.0,Gurugram,28.3688,76.9408,22,-0.5000000000000004,0.8660254037844384,22.7,0.3181175,23.0181174993515,16.9
2026-09-28 23:00:00,22.5,88,6.7,0.0,Gurugram,28.3688,76.9408,23,-0.2588190451025215,0.965925826289068,23.1,0.5637479,23.063747882843018,18.2
2026-09-29 00:00:00,22.2,89,5.4,0.0,Gurugram,28.3688,76.9408,0,0.0,1.0,22.6,0.2170528,22.417052802443504,18.3
2026-09-29 01:00:00,22.0,90,5.8,0.0,Gurugram,28.3688,76.9408,1,0.2588190451025207,0.9659258262890684,22.2,0.27394125,22.27394124865532,17.7
2026-09-29 02:00:00,21.7,91,5.1,0.0,Gurugram,28.3688,76.9408,2,0.4999999999999999,0.8660254037844387,22.3,0.019352144,21.719352143630385,17.7
2026-09-29 03:00:00,21.5,92,5.2,0.0,Gurugram,28.3688,76.9408,3,0.7071067811865476,0.7071067811865476,22.9,0.12981436,21.629814356565475,17.5
2026-09-29 04:00:00,21.4,93,6.2,0.0,Gurugram,28.3688,76.9408,4,0.8660254037844386,0.5000000000000001,22.8,0.19110517,21.59110517203808,16.4
2026-09-29 05:00:00,21.3,93,7.0,0.0,Gurugram,28.3688,76.9408,5,0.9659258262890684,0.2588190451025207,22.7,0.35416308,21.654163080453877,15.9
2026-09-29 06:00:00,21.2,94,6.9,2.0,Gurugram,28.3688,76.9408,6,1.0,6.123233995736766e-17,22.4,0.33373395,21.533733946084972,15.8
2026-09-29 07:00:00,22.6,88,7.1,81.0,Gurugram,28.3688,76.9408,7,0.9659258262890684,-0.2588190451025206,23.2,0.34595335,22.94595334529877,17.9
2026-09-29 08:00:00,24.8,77,8.2,257.0,Gurugram,28.3688,76.9408,8,0.8660254037844387,-0.4999999999999998,24.8,-0.31780177,24.482198226451874,19.8
2026-09-29 09:00:00,27.0,66,11.0,448.0,Gurugram,28.3688,76.9408,9,0.7071067811865476,-0.7071067811865475,26.5,-0.26265734,26.73734265565872,22.5
2026-09-29 10:00:00,28.6,61,13.1,612.0,Gurugram,28.3688,76.9408,10,0.4999999999999999,-0.8660254037844387,27.9,-1.0348969,27.565103149414064,22.9
2026-09-29 11:00:00,29.9,56,13.2,726.0,Gurugram,28.3688,76.9408,11,0.258819045102521,-0.9659258262890682,29.1,-1.7017238,28.19827618598938,23.9
2026-09-29 12:00:00,30.8,52,12.7,779.0,Gurugram,28.3688,76.9408,12,1.2246467991473532e-16,-1.0,29.6,-1.6332583,29.16674165725708,25.8
2026-09-29 13:00:00,31.4,48,12.9,763.0,Gurugram,28.3688,76.9408,13,-0.2588190451025208,-0.9659258262890684,29.6,-1.4037246,29.99627544879913,26.9
2026-09-29 14:00:00,31.6,45,13.2,678.0,Gurugram,28.3688,76.9408,14,-0.4999999999999997,-0.8660254037844388,28.9,-1.2973317,30.30266830921173,26.9
2026-09-29 15:00:00,31.4,44,13.3,530.0,Gurugram,28.3688,76.9408,15,-0.7071067811865471,-0.7071067811865479,27.5,-1.160676,30.23932399749756,26.3
2026-09-29 16:00:00,30.7,46,12.7,349.0,Gurugram,28.3688,76.9408,16,-0.8660254037844385,-0.5000000000000004,26.2,-1.1313078,29.56869215965271,25.2
2026-09-29 17:00:00,29.3,54,9.3,155.0,Gurugram,28.3688,76.9408,17,-0.9659258262890684,-0.2588190451025206,25.0,-0.6064869,28.693513083457947,24.9
2026-09-29 18:00:00,27.3,62,7.1,19.0,Gurugram,28.3688,76.9408,18,-1.0,-1.8369701987210294e-16,24.3,-0.012649253,27.28735074698925,23.1
2026-09-29 19:00:00,26.4,67,6.8,0.0,Gurugram,28.3688,76.9408,19,-0.9659258262890684,0.2588190451025203,23.7,-0.08749162,26.312508383393286,22.0
2026-09-29 20:00:00,25.6,71,6.4,0.0,Gurugram,28.3688,76.9408,20,-0.8660254037844386,0.5000000000000001,23.2,0.0013975643,25.60139756430872,21.3
2026-09-29 21:00:00,25.0,74,6.2,0.0,Gurugram,28.3688,76.9408,21,-0.7071067811865477,0.7071067811865474,22.9,-0.16316506,24.83683493733406,20.4
2026-09-29 22:00:00,24.5,77,5.9,0.0,Gurugram,28.3688,76.9408,22,-0.5000000000000004,0.8660254037844384,22.7,-0.1796248,24.320375204086304,20.0
2026-09-29 23:00:00,24.0,79,5.7,0.0,Gurugram,28.3688,76.9408,23,-0.2588190451025215,0.965925826289068,22.5,0.104472935,24.104472935199738,20.0
2026-09-30 00:00:00,23.5,81,5.8,0.0,Gurugram,28.3688,76.9408,0,0.0,1.0,22.2,0.024801174,23.52480117417872,19.1
2026-09-30 01:00:00,23.1,83,5.8,0.0,Gurugram,28.3688,76.9408,1,0.2588190451025207,0.9659258262890684,22.0,0.005148067,23.10514806713909,18.6
2026-09-30 02:00:00,22.7,85,5.8,0.0,Gurugram,28.3688,76.9408,2,0.4999999999999999,0.8660254037844387,21.7,-0.16120246,22.53879753947258,17.8
2026-09-30 03:00:00,22.4,87,5.8,0.0,Gurugram,28.3688,76.9408,3,0.7071067811865476,0.7071067811865476,21.5,0.071632236,22.471632236242293,17.9
2026-09-30 04:00:00,22.1,87,5.8,0.0,Gurugram,28.3688,76.9408,4,0.8660254037844386,0.5000000000000001,21.4,0.008290425,22.10829042494297,17.3
2026-09-30 05:00:00,21.9,87,5.9,0.0,Gurugram,28.3688,76.9408,5,0.9659258262890684,0.2588190451025207,21.3,0.13940504,22.03940504193306,17.1
2026-09-30 06:00:00,21.7,88,5.9,2.0,Gurugram,28.3688,76.9408,6,1.0,6.123233995736766e-17,21.2,0.28533092,21.985330921411517,17.1
2026-09-30 07:00:00,23.5,80,7.9,83.0,Gurugram,28.3688,76.9408,7,0.9659258262890684,-0.2588190451025206,22.6,0.03864656,23.538646560162302,18.0
2026-09-30 08:00:00,25.9,71,6.7,266.0,Gurugram,28.3688,76.9408,8,0.8660254037844387,-0.4999999999999998,24.8,-0.4191486,25.480851405858992,21.6
2026-09-30 09:00:00,28.1,61,7.9,463.0,Gurugram,28.3688,76.9408,9,0.7071067811865476,-0.7071067811865475,27.0,-0.39632127,27.70367873311043,24.6
2026-09-30 10:00:00,30.0,53,11.0,630.0,Gurugram,28.3688,76.9408,10,0.4999999999999999,-0.8660254037844387,28.6,-1.0805632,28.919436812400814,25.9
2026-09-30 11:00:00,31.4,47,14.1,742.0,Gurugram,28.3688,76.9408,11,0.258819045102521,-0.9659258262890682,29.9,-1.336936,30.06306400299072,26.1
2026-09-30 12:00:00,32.2,45,16.1,794.0,Gurugram,28.3688,76.9408,12,1.2246467991473532e-16,-1.0,30.8,-1.3442839,30.855716061592105,26.1
2026-09-30 13:00:00,32.6,44,16.6,763.0,Gurugram,28.3688,76.9408,13,-0.2588190451025208,-0.9659258262890684,31.4,-1.4858978,31.11410222053528,26.2
2026-09-30 14:00:00,32.7,43,15.9,659.0,Gurugram,28.3688,76.9408,14,-0.4999999999999997,-0.8660254037844388,31.6,-1.5643249,31.13567514419556,26.3
2026-09-30 15:00:00,32.4,43,15.7,519.0,Gurugram,28.3688,76.9408,15,-0.7071067811865471,-0.7071067811865479,31.4,-1.3568345,31.04316546916961,26.0
2026-09-30 16:00:00,31.7,45,14.2,341.0,Gurugram,28.3688,76.9408,16,-0.8660254037844385,-0.5000000000000004,30.7,-1.146871,30.553129029273983,25.9
2026-09-30 17:00:00,30.0,53,9.4,150.0,Gurugram,28.3688,76.9408,17,-0.9659258262890684,-0.2588190451025206,29.3,-0.6826334,29.31736660003662,25.9
2026-09-30 18:00:00,27.8,61,7.2,18.0,Gurugram,28.3688,76.9408,18,-1.0,-1.8369701987210294e-16,27.3,0.20432085,28.00432084798813,24.2
2026-09-30 19:00:00,26.6,67,6.7,0.0,Gurugram,28.3688,76.9408,19,-0.9659258262890684,0.2588190451025203,26.4,0.025488423,26.62548842318356,22.5
2026-09-30 20:00:00,25.9,70,6.2,0.0,Gurugram,28.3688,76.9408,20,-0.8660254037844386,0.5000000000000001,25.6,-0.027605826,25.872394173964857,21.8
2026-09-30 21:00:00,25.3,71,7.0,0.0,Gurugram,28.3688,76.9408,21,-0.7071067811865477,0.7071067811865474,25.0,-0.13777712,25.162222880125046,20.3
2026-09-30 22:00:00,24.7,73,6.4,0.0,Gurugram,28.3688,76.9408,22,-0.5000000000000004,0.8660254037844384,24.5,-0.1697205,24.530279499292373,19.8
2026-09-30 23:00:00,24.4,75,5.1,0.0,Gurugram,28.3688,76.9408,23,-0.2588190451025215,0.965925826289068,24.0,-0.17359124,24.226408758759497,20.4
2026-10-01 00:00:00,23.7,77,4.9,0.0,Gurugram,28.3688,76.9408,0,0.0,1.0,23.5,-0.41863874,23.2813612639904,19.3
2026-10-01 01:00:00,23.2,80,5.6,0.0,Gurugram,28.3688,76.9408,1,0.2588190451025207,0.9659258262890684,23.1,0.005148067,23.20514806713909,18.7
2026-10-01 02:00:00,23.1,81,6.5,0.0,Gurugram,28.3688,76.9408,2,0.4999999999999999,0.8660254037844387,22.7,-0.10084611,22.99915388822556,17.8
2026-10-01 03:00:00,23.1,81,6.5,0.0,Gurugram,28.3688,76.9408,3,0.7071067811865476,0.7071067811865476,22.4,-0.036842406,23.06315759420395,17.9
2026-10-01 04:00:00,22.9,82,6.3,0.0,Gurugram,28.3688,76.9408,4,0.8660254037844386,0.5000000000000001,22.1,-0.13212752,22.76787247657776,17.6
2026-10-01 05:00:00,22.7,81,6.1,0.0,Gurugram,28.3688,76.9408,5,0.9659258262890684,0.2588190451025207,21.9,-0.0010129102,22.69898708984256,17.6
2026-10-01 06:00:00,22.5,79,6.0,2.0,Gurugram,28.3688,76.9408,6,1.0,6.123233995736766e-17,21.7,-0.19504586,22.304954141378403,16.9
2026-10-01 07:00:00,24.2,70,8.6,81.0,Gurugram,28.3688,76.9408,7,0.9659258262890684,-0.2588190451025206,23.5,-0.3937429,23.80625711083412,17.6
2026-10-01 08:00:00,26.6,61,7.2,262.0,Gurugram,28.3688,76.9408,8,0.8660254037844387,-0.4999999999999998,25.9,-0.5039014,26.09609857797623,21.7
2026-10-01 09:00:00,29.2,52,7.2,458.0,Gurugram,28.3688,76.9408,9,0.7071067811865476,-0.7071067811865475,28.1,-0.44225904,28.757740956544875,25.7
2026-10-01 10:00:00,31.4,45,9.7,626.0,Gurugram,28.3688,76.9408,10,0.4999999999999999,-0.8660254037844387,30.0,-1.1962953,30.203704738616945,27.7
2026-10-01 11:00:00,33.1,39,11.9,742.0,Gurugram,28.3688,76.9408,11,0.258819045102521,-0.9659258262890682,31.4,-1.7594099,31.34059009552002,29.1
2026-10-01 12:00:00,34.1,36,14.3,791.0,Gurugram,28.3688,76.9408,12,1.2246467991473532e-16,-1.0,32.2,-2.4664598,31.63354024887085,28.1
2026-10-01 13:00:00,34.4,35,16.4,764.0,Gurugram,28.3688,76.9408,13,-0.2588190451025208,-0.9659258262890684,32.6,-2.3570988,32.04290118217468,27.3
2026-10-01 14:00:00,34.4,34,16.8,669.0,Gurugram,28.3688,76.9408,14,-0.4999999999999997,-0.8660254037844388,32.7,-2.3784826,32.02151741981506,26.8
2026-10-01 15:00:00,34.0,35,15.9,509.0,Gurugram,28.3688,76.9408,15,-0.7071067811865471,-0.7071067811865479,32.4,-2.3290298,31.67097020149231,26.4
2026-10-01 16:00:00,33.0,40,12.7,339.0,Gurugram,28.3688,76.9408,16,-0.8660254037844385,-0.5000000000000004,31.7,-1.619317,31.380682945251465,28.1
2026-10-01 17:00:00,30.8,50,8.0,148.0,Gurugram,28.3688,76.9408,17,-0.9659258262890684,-0.2588190451025206,30.0,-0.8320514,29.967948603630067,26.7
2026-10-01 18:00:00,28.4,60,6.5,16.0,Gurugram,28.3688,76.9408,18,-1.0,-1.8369701987210294e-16,27.8,-0.12134677,28.278653228282927,24.7
2026-10-01 19:00:00,27.4,65,6.8,0.0,Gurugram,28.3688,76.9408,19,-0.9659258262890684,0.2588190451025203,26.6,-0.14142351,27.258576491475104,23.4
2026-10-01 20:00:00,26.6,69,6.3,0.0,Gurugram,28.3688,76.9408,20,-0.8660254037844386,0.5000000000000001,25.9,-0.32749835,26.272501653432847,22.3
2026-10-01 21:00:00,26.2,70,6.1,0.0,Gurugram,28.3688,76.9408,21,-0.7071067811865477,0.7071067811865474,25.3,-0.31256804,25.887431961297988,21.9
2026-10-01 22:00:00,25.5,72,5.7,0.0,Gurugram,28.3688,76.9408,22,-0.5000000000000004,0.8660254037844384,24.7,-0.18618023,25.313819766044617,21.4
2026-10-01 23:00:00,24.6,75,7.0,0.0,Gurugram,28.3688,76.9408,23,-0.2588190451025215,0.965925826289068,24.4,0.05364879,24.653648788481952,19.8
2026-10-02 00:00:00,24.1,76,6.8,0.0,Gurugram,28.3688,76.9408,0,0.0,1.0,23.7,-0.14899059,23.95100941359997,18.8
2026-10-02 01:00:00,23.8,76,6.5,0.0,Gurugram,28.3688,76.9408,1,0.2588190451025207,0.9659258262890684,23.2,-0.24095683,23.55904317200184,18.3
2026-10-02 02:00:00,23.5,76,6.3,0.0,Gurugram,28.3688,76.9408,2,0.4999999999999999,0.8660254037844387,23.1,-0.47967356,23.02032643556595,17.6
2026-10-02 03:00:00,22.9,74,6.0,0.0,Gurugram,28.3688,76.9408,3,0.7071067811865476,0.7071067811865476,23.1,-0.50975704,22.390242958068846,16.7
2026-10-02 04:00:00,22.3,72,6.4,0.0,Gurugram,28.3688,76.9408,4,0.8660254037844386,0.5000000000000001,22.9,-0.5631946,21.736805427074437,15.3
2026-10-02 05:00:00,22.4,69,6.8,0.0,Gurugram,28.3688,76.9408,5,0.9659258262890684,0.2588190451025207,22.7,-0.40013656,21.999863439798357,15.2
2026-10-02 06:00:00,23.3,65,7.2,0.0,Gurugram,28.3688,76.9408,6,1.0,6.123233995736766e-17,22.5,-0.5420629,22.757937121391297,15.9
2026-10-02 07:00:00,24.9,60,7.5,85.0,Gurugram,28.3688,76.9408,7,0.9659258262890684,-0.2588190451025206,24.2,-0.5449904,24.355009579658507,18.3
2026-10-02 08:00:00,26.7,54,8.0,262.0,Gurugram,28.3688,76.9408,8,0.8660254037844387,-0.4999999999999998,26.6,-0.27632174,26.42367826104164,21.5
2026-10-02 09:00:00,29.0,48,9.1,470.0,Gurugram,28.3688,76.9408,9,0.7071067811865476,-0.7071067811865475,29.2,-0.48903075,28.510969251394272,24.8
2026-10-02 10:00:00,31.5,42,10.8,627.0,Gurugram,28.3688,76.9408,10,0.4999999999999999,-0.8660254037844387,31.4,-1.2243991,30.275600910186768,27.5
2026-10-02 11:00:00,33.5,37,12.5,733.0,Gurugram,28.3688,76.9408,11,0.258819045102521,-0.9659258262890682,33.1,-1.9222656,31.577734351158146,29.1
2026-10-02 12:00:00,34.7,33,14.1,795.0,Gurugram,28.3688,76.9408,12,1.2246467991473532e-16,-1.0,34.1,-2.6057715,32.094228458404544,28.9
2026-10-02 13:00:00,35.2,30,15.7,767.0,Gurugram,28.3688,76.9408,13,-0.2588190451025208,-0.9659258262890684,34.4,-2.7240038,32.47599620819092,28.3
2026-10-02 14:00:00,35.2,29,16.2,673.0,Gurugram,28.3688,76.9408,14,-0.4999999999999997,-0.8660254037844388,34.4,-2.7174413,32.48255867958069,27.7
2026-10-02 15:00:00,34.3,32,14.0,512.0,Gurugram,28.3688,76.9408,15,-0.7071067811865471,-0.7071067811865479,34.0,-2.5778372,31.722162771224973,27.7
2026-10-02 16:00:00,32.7,37,10.6,347.0,Gurugram,28.3688,76.9408,16,-0.8660254037844385,-0.5000000000000004,33.0,-1.1469947,31.55300529003144,28.8
2026-10-02 17:00:00,31.1,44,7.7,164.0,Gurugram,28.3688,76.9408,17,-0.9659258262890684,-0.2588190451025206,30.8,-0.7352145,30.364785528182985,27.0
2026-10-02 18:00:00,29.7,50,6.5,15.0,Gurugram,28.3688,76.9408,18,-1.0,-1.8369701987210294e-16,28.4,-0.44734898,29.25265101790428,25.5
2026-10-02 19:00:00,28.2,57,6.0,0.0,Gurugram,28.3688,76.9408,19,-0.9659258262890684,0.2588190451025203,27.4,-0.193459,28.006540995836257,24.2
2026-10-02 20:00:00,26.9,64,5.2,0.0,Gurugram,28.3688,76.9408,20,-0.8660254037844386,0.5000000000000001,26.6,-0.45517626,26.444823735952376,22.9
2026-10-02 21:00:00,25.8,68,4.4,0.0,Gurugram,28.3688,76.9408,21,-0.7071067811865477,0.7071067811865474,26.2,-0.3760446,25.42395539879799,22.4
2026-10-02 22:00:00,25.0,71,5.4,0.0,Gurugram,28.3688,76.9408,22,-0.5000000000000004,0.8660254037844384,25.5,-0.24395648,24.756043523550037,20.7
2026-10-02 23:00:00,24.3,71,6.9,0.0,Gurugram,28.3688,76.9408,23,-0.2588190451025215,0.965925826289068,24.6,0.047093373,24.347093372792006,19.1
2026-09-28 00:00:00,23.2,95,2.3,0.0,New Delhi,28.6041,77.2046,0,0.0,1.0,22.3,-0.2641625,22.93583748936653,23.7
2026-09-28 01:00:00,23.1,96,4.9,0.0,New Delhi,28.6041,77.2046,1,0.2588190451025207,0.9659258262890684,22.7,-0.092676,23.007324001193048,20.3
2026-09-28 02:00:00,22.9,96,5.5,0.0,New Delhi,28.6041,77.2046,2,0.4999999999999999,0.8660254037844387,22.9,-0.07115567,22.82884433269501,19.3
2026-09-28 03:00:00,22.6,97,4.2,0.0,New Delhi,28.6041,77.2046,3,0.7071067811865476,0.7071067811865476,23.1,-0.115462795,22.48453720510006,20.4
2026-09-28 04:00:00,22.2,97,2.8,0.0,New Delhi,28.6041,77.2046,4,0.8660254037844386,0.5000000000000001,23.1,-0.36368108,21.83631892204285,21.6
2026-09-28 05:00:00,23.1,95,3.6,0.0,New Delhi,28.6041,77.2046,5,0.9659258262890684,0.2588190451025207,22.4,-0.19554658,22.904453417658807,21.7
2026-09-28 06:00:00,22.9,95,1.9,1.0,New Delhi,28.6041,77.2046,6,1.0,6.123233995736766e-17,22.2,-0.28880224,22.61119776368141,23.9
2026-09-28 07:00:00,23.6,90,1.1,31.0,New Delhi,28.6041,77.2046,7,0.9659258262890684,-0.2588190451025206,22.8,-0.34824568,23.251754319667818,25.4
2026-09-28 08:00:00,24.3,86,3.3,126.0,New Delhi,28.6041,77.2046,8,0.8660254037844387,-0.4999999999999998,23.9,-0.55535585,23.74464415311813,23.0
2026-09-28 09:00:00,25.1,81,4.3,201.0,New Delhi,28.6041,77.2046,9,0.7071067811865476,-0.7071067811865475,25.5,-0.29718155,24.80281845331192,23.0
2026-09-28 10:00:00,25.7,77,5.4,261.0,New Delhi,28.6041,77.2046,10,0.4999999999999999,-0.8660254037844387,27.1,-0.6927439,25.00725610256195,22.1
2026-09-28 11:00:00,26.1,70,4.8,340.0,New Delhi,28.6041,77.2046,11,0.258819045102521,-0.9659258262890682,28.4,-0.6008353,25.49916467666626,23.1
2026-09-28 12:00:00,26.3,70,5.0,359.0,New Delhi,28.6041,77.2046,12,1.2246467991473532e-16,-1.0,28.2,-0.9214875,25.37851248979569,22.8
2026-09-28 13:00:00,27.1,67,4.3,521.0,New Delhi,28.6041,77.2046,13,-0.2588190451025208,-0.9659258262890684,28.5,-1.1740683,25.92593166828156,24.4
2026-09-28 14:00:00,28.1,63,6.0,556.0,New Delhi,28.6041,77.2046,14,-0.4999999999999997,-0.8660254037844388,28.6,-1.4586515,26.641348457336427,23.9
2026-09-28 15:00:00,25.9,71,12.1,379.0,New Delhi,28.6041,77.2046,15,-0.7071067811865471,-0.7071067811865479,28.3,-0.71588343,25.18411656618118,19.1
2026-09-28 16:00:00,24.7,81,13.6,242.0,New Delhi,28.6041,77.2046,16,-0.8660254037844385,-0.5000000000000004,27.5,0.15178905,24.85178905427456,17.5
2026-09-28 17:00:00,23.9,85,7.1,107.0,New Delhi,28.6041,77.2046,17,-0.9659258262890684,-0.2588190451025206,26.4,1.0521135,24.952113533020015,21.2
2026-09-28 18:00:00,23.7,85,4.8,16.0,New Delhi,28.6041,77.2046,18,-1.0,-1.8369701987210294e-16,24.7,0.23889488,23.93889487981796,21.0
2026-09-28 19:00:00,23.5,86,3.4,0.0,New Delhi,28.6041,77.2046,19,-0.9659258262890684,0.2588190451025203,24.0,-0.027528038,23.47247196175158,22.1
2026-09-28 20:00:00,23.3,87,6.1,0.0,New Delhi,28.6041,77.2046,20,-0.8660254037844386,0.5000000000000001,23.5,0.18983132,23.4898313164711,19.2
2026-09-28 21:00:00,23.1,88,6.7,0.0,New Delhi,28.6041,77.2046,21,-0.7071067811865477,0.7071067811865474,23.1,0.11800794,23.218007943034173,18.4
2026-09-28 22:00:00,23.0,89,7.3,0.0,New Delhi,28.6041,77.2046,22,-0.5000000000000004,0.8660254037844384,22.8,0.11800794,23.11800794303417,18.0
2026-09-28 23:00:00,22.9,88,6.4,0.0,New Delhi,28.6041,77.2046,23,-0.2588190451025215,0.965925826289068,23.9,0.3523344,23.25233440995216,18.7
2026-09-29 00:00:00,22.8,88,6.5,0.0,New Delhi,28.6041,77.2046,0,0.0,1.0,23.2,0.14917226,22.949172261357308,18.1
2026-09-29 01:00:00,22.7,88,6.7,0.0,New Delhi,28.6041,77.2046,1,0.2588190451025207,0.9659258262890684,23.1,0.09684642,22.7968464165926,17.7
2026-09-29 02:00:00,22.7,88,6.5,0.0,New Delhi,28.6041,77.2046,2,0.4999999999999999,0.8660254037844387,22.9,-0.07115567,22.628844332695007,17.6
2026-09-29 03:00:00,22.5,89,6.2,0.0,New Delhi,28.6041,77.2046,3,0.7071067811865476,0.7071067811865476,22.6,0.022000104,22.52200010418892,17.7
2026-09-29 04:00:00,22.4,89,6.3,0.0,New Delhi,28.6041,77.2046,4,0.8660254037844386,0.5000000000000001,22.2,-0.04134169,22.358658311516045,17.4
2026-09-29 05:00:00,22.2,90,6.5,0.0,New Delhi,28.6041,77.2046,5,0.9659258262890684,0.2588190451025207,23.1,0.08977291,22.289772909879684,17.2
2026-09-29 06:00:00,22.1,89,6.8,2.0,New Delhi,28.6041,77.2046,6,1.0,6.123233995736766e-17,22.9,0.069343776,22.16934377551079,16.7
2026-09-29 07:00:00,22.8,88,6.8,76.0,New Delhi,28.6041,77.2046,7,0.9659258262890684,-0.2588190451025206,23.6,0.03554546,22.835545460879803,17.9
2026-09-29 08:00:00,24.2,82,6.1,239.0,New Delhi,28.6041,77.2046,8,0.8660254037844387,-0.4999999999999998,24.3,-0.11184865,24.088151347637176,20.5
2026-09-29 09:00:00,26.0,74,7.4,429.0,New Delhi,28.6041,77.2046,9,0.7071067811865476,-0.7071067811865475,25.1,-0.8396045,25.16039550304413,21.4
2026-09-29 10:00:00,27.6,66,8.9,598.0,New Delhi,28.6041,77.2046,10,0.4999999999999999,-0.8660254037844387,25.7,-1.4568228,26.143177247047426,22.5
2026-09-29 11:00:00,28.8,62,9.2,711.0,New Delhi,28.6041,77.2046,11,0.258819045102521,-0.9659258262890682,26.1,-2.012466,26.787534046173096,23.5
2026-09-29 12:00:00,29.8,58,8.9,761.0,New Delhi,28.6041,77.2046,12,1.2246467991473532e-16,-1.0,26.3,-2.5672247,27.232775259017945,24.1
2026-09-29 13:00:00,30.4,54,8.9,743.0,New Delhi,28.6041,77.2046,13,-0.2588190451025208,-0.9659258262890684,27.1,-2.2995343,28.1004656791687,25.2
2026-09-29 14:00:00,30.7,52,9.4,645.0,New Delhi,28.6041,77.2046,14,-0.4999999999999997,-0.8660254037844388,28.1,-1.9875364,28.712463569641116,25.8
2026-09-29 15:00:00,30.5,51,9.8,511.0,New Delhi,28.6041,77.2046,15,-0.7071067811865471,-0.7071067811865479,25.9,-1.561695,28.938305020332336,25.8
2026-09-29 16:00:00,30.0,54,9.4,331.0,New Delhi,28.6041,77.2046,16,-0.8660254037844385,-0.5000000000000004,24.7,-1.659501,28.34049904346466,24.7
2026-09-29 17:00:00,29.0,60,7.3,145.0,New Delhi,28.6041,77.2046,17,-0.9659258262890684,-0.2588190451025206,23.9,-0.9289252,28.071074783802032,24.5
2026-09-29 18:00:00,27.6,66,6.2,17.0,New Delhi,28.6041,77.2046,18,-1.0,-1.8369701987210294e-16,23.7,-0.27591872,27.32408127784729,23.8
2026-09-29 19:00:00,26.9,70,5.7,0.0,New Delhi,28.6041,77.2046,19,-0.9659258262890684,0.2588190451025203,23.5,-0.5647042,26.335295820236205,22.8
2026-09-29 20:00:00,26.3,72,5.5,0.0,New Delhi,28.6041,77.2046,20,-0.8660254037844386,0.5000000000000001,23.3,-0.5905279,25.70947210788727,22.1
2026-09-29 21:00:00,25.8,73,5.7,0.0,New Delhi,28.6041,77.2046,21,-0.7071067811865477,0.7071067811865474,23.1,-0.56127656,25.23872344493866,21.3
2026-09-29 22:00:00,25.4,74,6.0,0.0,New Delhi,28.6041,77.2046,22,-0.5000000000000004,0.8660254037844384,23.0,-0.41519693,24.98480307459831,20.8
2026-09-29 23:00:00,25.0,75,6.4,0.0,New Delhi,28.6041,77.2046,23,-0.2588190451025215,0.965925826289068,22.9,-0.12279478,24.87720522284508,20.5
2026-09-30 00:00:00,24.7,75,6.3,0.0,New Delhi,28.6041,77.2046,0,0.0,1.0,22.8,-0.43593928,24.26406071782112,19.5
2026-09-30 01:00:00,24.2,76,5.9,0.0,New Delhi,28.6041,77.2046,1,0.2588190451025207,0.9659258262890684,22.7,-0.5605784,23.639421594142917,18.9
2026-09-30 02:00:00,23.8,78,5.7,0.0,New Delhi,28.6041,77.2046,2,0.4999999999999999,0.8660254037844387,22.7,-0.5707863,23.22921370267868,18.6
2026-09-30 03:00:00,23.4,79,5.8,0.0,New Delhi,28.6041,77.2046,3,0.7071067811865476,0.7071067811865476,22.5,-0.44866228,22.95133771896362,18.1
2026-09-30 04:00:00,23.1,80,6.5,0.0,New Delhi,28.6041,77.2046,4,0.8660254037844386,0.5000000000000001,22.4,-0.28343698,22.816563016176225,17.4
2026-09-30 05:00:00,22.7,82,6.7,0.0,New Delhi,28.6041,77.2046,5,0.9659258262890684,0.2588190451025207,22.2,-0.1523223,22.54767769277096,16.9
2026-09-30 06:00:00,22.5,83,6.8,2.0,New Delhi,28.6041,77.2046,6,1.0,6.123233995736766e-17,22.1,-0.17275144,22.32724855840206,16.6
2026-09-30 07:00:00,23.4,81,7.3,83.0,New Delhi,28.6041,77.2046,7,0.9659258262890684,-0.2588190451025206,22.8,-0.14988835,23.25011164844036,17.9
2026-09-30 08:00:00,25.2,75,5.8,261.0,New Delhi,28.6041,77.2046,8,0.8660254037844387,-0.4999999999999998,24.2,-0.7033056,24.49669439792633,20.9
2026-09-30 09:00:00,27.2,67,6.3,454.0,New Delhi,28.6041,77.2046,9,0.7071067811865476,-0.7071067811865475,26.0,-1.1816442,26.018355798721316,22.8
2026-09-30 10:00:00,28.9,59,8.1,620.0,New Delhi,28.6041,77.2046,10,0.4999999999999999,-0.8660254037844387,27.6,-1.6195269,27.28047313690185,24.1
2026-09-30 11:00:00,30.3,52,9.8,733.0,New Delhi,28.6041,77.2046,11,0.258819045102521,-0.9659258262890682,28.8,-2.0232158,28.276784229278565,25.2
2026-09-30 12:00:00,31.3,46,11.1,780.0,New Delhi,28.6041,77.2046,12,1.2246467991473532e-16,-1.0,29.8,-1.9376343,29.36236565113068,26.4
2026-09-30 13:00:00,31.8,43,11.5,759.0,New Delhi,28.6041,77.2046,13,-0.2588190451025208,-0.9659258262890684,30.4,-2.2659543,29.53404574394226,26.3
2026-09-30 14:00:00,32.0,42,11.8,672.0,New Delhi,28.6041,77.2046,14,-0.4999999999999997,-0.8660254037844388,30.7,-2.1054356,29.89456439018249,26.6
2026-09-30 15:00:00,31.7,42,11.7,528.0,New Delhi,28.6041,77.2046,15,-0.7071067811865471,-0.7071067811865479,30.5,-1.9744511,29.725548934936523,26.0
2026-09-30 16:00:00,31.0,45,11.0,340.0,New Delhi,28.6041,77.2046,16,-0.8660254037844385,-0.5000000000000004,30.0,-1.4678421,29.53215789794922,25.8
2026-09-30 17:00:00,29.6,53,7.7,147.0,New Delhi,28.6041,77.2046,17,-0.9659258262890684,-0.2588190451025206,29.0,-1.3635964,28.23640356063843,24.2
2026-09-30 18:00:00,27.9,62,5.5,16.0,New Delhi,28.6041,77.2046,18,-1.0,-1.8369701987210294e-16,27.6,-0.51562965,27.384370350837703,23.9
2026-09-30 19:00:00,27.3,65,5.3,0.0,New Delhi,28.6041,77.2046,19,-0.9659258262890684,0.2588190451025203,26.9,-0.5548316,26.74516837596893,23.3
2026-09-30 20:00:00,26.7,67,5.2,0.0,New Delhi,28.6041,77.2046,20,-0.8660254037844386,0.5000000000000001,26.3,-0.7890633,25.910936725139617,22.3
2026-09-30 21:00:00,26.2,68,6.1,0.0,New Delhi,28.6041,77.2046,21,-0.7071067811865477,0.7071067811865474,25.8,-0.68154794,25.518452060222625,21.1
2026-09-30 22:00:00,25.6,69,6.1,0.0,New Delhi,28.6041,77.2046,22,-0.5000000000000004,0.8660254037844384,25.4,-0.52850556,25.07149443626404,20.5
2026-09-30 23:00:00,25.3,70,5.5,0.0,New Delhi,28.6041,77.2046,23,-0.2588190451025215,0.965925826289068,25.0,-0.29417917,25.005820828676224,20.9
2026-10-01 00:00:00,24.8,72,5.2,0.0,New Delhi,28.6041,77.2046,0,0.0,1.0,24.7,-0.69080627,24.10919373035431,19.9
2026-10-01 01:00:00,24.4,73,5.2,0.0,New Delhi,28.6041,77.2046,1,0.2588190451025207,0.9659258262890684,24.2,-0.8154454,23.584554576873774,19.2
2026-10-01 02:00:00,24.0,75,6.3,0.0,New Delhi,28.6041,77.2046,2,0.4999999999999999,0.8660254037844387,23.8,-0.78769726,23.21230274438858,17.9
2026-10-01 03:00:00,23.5,79,7.1,0.0,New Delhi,28.6041,77.2046,3,0.7071067811865476,0.7071067811865476,23.4,-0.44866228,23.051337718963623,17.3
2026-10-01 04:00:00,23.3,80,7.1,0.0,New Delhi,28.6041,77.2046,4,0.8660254037844386,0.5000000000000001,23.1,-0.28343698,23.016563016176224,17.3
2026-10-01 05:00:00,23.1,84,6.5,0.0,New Delhi,28.6041,77.2046,5,0.9659258262890684,0.2588190451025207,22.7,-0.16427554,22.935724458098413,17.8
2026-10-01 06:00:00,23.1,84,6.4,2.0,New Delhi,28.6041,77.2046,6,1.0,6.123233995736766e-17,22.5,-0.18470468,22.91529532372952,17.9
2026-10-01 07:00:00,24.3,79,7.0,81.0,New Delhi,28.6041,77.2046,7,0.9659258262890684,-0.2588190451025206,23.4,-0.34421727,23.955782729387284,19.1
2026-10-01 08:00:00,26.1,73,4.8,257.0,New Delhi,28.6041,77.2046,8,0.8660254037844387,-0.4999999999999998,25.2,-1.0804174,25.01958260536194,22.4
2026-10-01 09:00:00,28.2,63,5.8,448.0,New Delhi,28.6041,77.2046,9,0.7071067811865476,-0.7071067811865475,27.2,-1.1299638,27.070036244392394,24.4
2026-10-01 10:00:00,30.2,55,7.0,612.0,New Delhi,28.6041,77.2046,10,0.4999999999999999,-0.8660254037844387,28.9,-1.8349633,28.36503667831421,25.7
2026-10-01 11:00:00,31.8,48,8.2,728.0,New Delhi,28.6041,77.2046,11,0.258819045102521,-0.9659258262890682,30.3,-1.971643,29.828357028961182,27.6
2026-10-01 12:00:00,33.1,41,9.8,779.0,New Delhi,28.6041,77.2046,12,1.2246467991473532e-16,-1.0,31.3,-2.2955754,30.804424619674684,28.8
2026-10-01 13:00:00,33.8,39,11.7,757.0,New Delhi,28.6041,77.2046,13,-0.2588190451025208,-0.9659258262890684,31.8,-2.7873905,31.01260952949524,28.6
2026-10-01 14:00:00,33.9,38,12.0,670.0,New Delhi,28.6041,77.2046,14,-0.4999999999999997,-0.8660254037844388,32.0,-2.732519,31.167481088638304,28.5
2026-10-01 15:00:00,33.6,39,12.4,518.0,New Delhi,28.6041,77.2046,15,-0.7071067811865471,-0.7071067811865479,31.7,-2.732889,30.86711106300354,27.6
2026-10-01 16:00:00,32.9,43,11.5,336.0,New Delhi,28.6041,77.2046,16,-0.8660254037844385,-0.5000000000000004,31.0,-2.2508776,30.64912238121033,27.5
2026-10-01 17:00:00,31.3,50,8.9,144.0,New Delhi,28.6041,77.2046,17,-0.9659258262890684,-0.2588190451025206,29.6,-1.7752404,29.524759578704835,26.0
2026-10-01 18:00:00,29.5,59,5.5,15.0,New Delhi,28.6041,77.2046,18,-1.0,-1.8369701987210294e-16,27.9,-1.3917396,28.1082603931427,24.8
2026-10-01 19:00:00,28.7,63,5.1,0.0,New Delhi,28.6041,77.2046,19,-0.9659258262890684,0.2588190451025203,27.3,-1.1652008,27.53479917049408,24.5
2026-10-01 20:00:00,28.0,66,5.2,0.0,New Delhi,28.6041,77.2046,20,-0.8660254037844386,0.5000000000000001,26.7,-0.9964349,27.003565073013306,23.8
2026-10-01 21:00:00,27.4,69,5.4,0.0,New Delhi,28.6041,77.2046,21,-0.7071067811865477,0.7071067811865474,26.2,-0.91940236,26.48059763908386,23.1
2026-10-01 22:00:00,26.7,71,5.8,0.0,New Delhi,28.6041,77.2046,22,-0.5000000000000004,0.8660254037844384,25.6,-0.90418583,25.795814168453216,22.0
2026-10-01 23:00:00,26.3,72,4.7,0.0,New Delhi,28.6041,77.2046,23,-0.2588190451025215,0.965925826289068,25.3,-0.7513548,25.548645186424256,22.5
2026-10-02 00:00:00,25.6,74,5.2,0.0,New Delhi,28.6041,77.2046,0,0.0,1.0,24.8,-0.6355734,24.964426612854005,21.4
2026-10-02 01:00:00,25.0,76,6.7,0.0,New Delhi,28.6041,77.2046,1,0.2588190451025207,0.9659258262890684,24.4,-0.52326757,24.47673243284225,19.7
2026-10-02 02:00:00,24.4,78,5.9,0.0,New Delhi,28.6041,77.2046,2,0.4999999999999999,0.8660254037844387,24.0,-0.5985355,23.80146452188492,19.3
2026-10-02 03:00:00,23.9,79,7.0,0.0,New Delhi,28.6041,77.2046,3,0.7071067811865476,0.7071067811865476,23.5,-0.44866228,23.45133771896362,18.1
2026-10-02 04:00:00,23.5,79,7.4,0.0,New Delhi,28.6041,77.2046,4,0.8660254037844386,0.5000000000000001,23.3,-0.51200414,22.987995862960812,17.1
2026-10-02 05:00:00,23.5,78,7.2,0.0,New Delhi,28.6041,77.2046,5,0.9659258262890684,0.2588190451025207,23.1,-0.45320252,23.04679748415947,17.2
2026-10-02 06:00:00,24.0,74,7.0,0.0,New Delhi,28.6041,77.2046,6,1.0,6.123233995736766e-17,23.1,-0.76400185,23.235998153686523,17.4
2026-10-02 07:00:00,24.9,68,6.6,86.0,New Delhi,28.6041,77.2046,7,0.9659258262890684,-0.2588190451025206,24.3,-0.8997222,24.00027778148651,18.7
2026-10-02 08:00:00,26.2,62,6.4,259.0,New Delhi,28.6041,77.2046,8,0.8660254037844387,-0.4999999999999998,26.1,-1.1753703,25.02462966442108,20.4
2026-10-02 09:00:00,28.2,55,7.0,464.0,New Delhi,28.6041,77.2046,9,0.7071067811865476,-0.7071067811865475,28.2,-1.1460819,27.053918075561523,23.3
2026-10-02 10:00:00,30.6,48,8.1,618.0,New Delhi,28.6041,77.2046,10,0.4999999999999999,-0.8660254037844387,30.2,-1.6709146,28.929085350036623,25.9
2026-10-02 11:00:00,32.6,42,9.3,722.0,New Delhi,28.6041,77.2046,11,0.258819045102521,-0.9659258262890682,31.8,-2.154813,30.445186948776247,28.1
2026-10-02 12:00:00,33.9,36,10.9,784.0,New Delhi,28.6041,77.2046,12,1.2246467991473532e-16,-1.0,33.1,-2.5679228,31.332077169418334,29.2
2026-10-02 13:00:00,34.9,32,12.7,755.0,New Delhi,28.6041,77.2046,13,-0.2588190451025208,-0.9659258262890684,33.8,-3.0345442,31.865455770492552,29.2
2026-10-02 14:00:00,35.2,30,13.6,660.0,New Delhi,28.6041,77.2046,14,-0.4999999999999997,-0.8660254037844388,33.9,-3.2362795,31.96372051239014,28.6
2026-10-02 15:00:00,34.8,32,13.0,490.0,New Delhi,28.6041,77.2046,15,-0.7071067811865471,-0.7071067811865479,33.6,-3.0775259,31.72247414588928,28.3
2026-10-02 16:00:00,33.7,36,11.9,337.0,New Delhi,28.6041,77.2046,16,-0.8660254037844385,-0.5000000000000004,32.9,-2.3911397,31.308860254287723,28.0
2026-10-02 17:00:00,32.6,40,10.5,163.0,New Delhi,28.6041,77.2046,17,-0.9659258262890684,-0.2588190451025206,31.3,-1.9848025,30.615197515487672,27.0
2026-10-02 18:00:00,31.5,44,9.3,15.0,New Delhi,28.6041,77.2046,18,-1.0,-1.8369701987210294e-16,29.5,-1.6351832,29.864816784858704,25.8
2026-10-02 19:00:00,30.3,49,7.9,0.0,New Delhi,28.6041,77.2046,19,-0.9659258262890684,0.2588190451025203,28.7,-1.8886099,28.411390113830567,23.8
2026-10-02 20:00:00,29.2,53,7.0,0.0,New Delhi,28.6041,77.2046,20,-0.8660254037844386,0.5000000000000001,28.0,-1.8390037,27.360996317863464,22.6
2026-10-02 21:00:00,28.4,56,6.3,0.0,New Delhi,28.6041,77.2046,21,-0.7071067811865477,0.7071067811865474,27.4,-1.3755984,27.024401569366454,22.5
2026-10-02 22:00:00,27.8,57,5.9,0.0,New Delhi,28.6041,77.2046,22,-0.5000000000000004,0.8660254037844384,26.7,-1.0851986,26.71480135917664,22.3
2026-10-02 23:00:00,27.1,59,5.6,0.0,New Delhi,28.6041,77.2046,23,-0.2588190451025215,0.965925826289068,26.3,-0.87640357,26.22359642982483,21.9
2026-09-28 00:00:00,22.6,99,6.1,0.0,Noida,28.3951,77.5549,0,0.0,1.0,22.2,1.0447371,23.6447371006012,20.4
2026-09-28 01:00:00,22.8,98,6.6,0.0,Noida,28.3951,77.5549,1,0.2588190451025207,0.9659258262890684,22.2,1.0504491,23.850449132919312,20.4
2026-09-28 02:00:00,22.9,96,6.3,0.0,Noida,28.3951,77.5549,2,0.4999999999999999,0.8660254037844387,22.3,0.8621426,23.76214262247085,20.2
2026-09-28 03:00:00,22.2,98,5.7,0.0,Noida,28.3951,77.5549,3,0.7071067811865476,0.7071067811865476,22.4,0.8067984,23.00679839849472,19.6
2026-09-28 04:00:00,21.8,99,3.5,0.0,Noida,28.3951,77.5549,4,0.8660254037844386,0.5000000000000001,22.4,0.4871828,22.287182796001435,21.3
2026-09-28 05:00:00,22.0,100,0.3,0.0,Noida,28.3951,77.5549,5,0.9659258262890684,0.2588190451025207,22.4,0.6253662,22.6253662109375,
2026-09-28 06:00:00,22.3,98,4.0,2.0,Noida,28.3951,77.5549,6,1.0,6.123233995736766e-17,22.2,0.7110598,23.01105980873108,21.5
2026-09-28 07:00:00,23.3,93,5.2,42.0,Noida,28.3951,77.5549,7,0.9659258262890684,-0.2588190451025206,23.1,0.88959515,24.18959515094757,21.7
2026-09-28 08:00:00,24.3,88,5.9,152.0,Noida,28.3951,77.5549,8,0.8660254037844387,-0.4999999999999998,24.4,0.8375923,25.1375923037529,22.5
2026-09-28 09:00:00,25.5,81,6.4,329.0,Noida,28.3951,77.5549,9,0.7071067811865476,-0.7071067811865475,25.8,0.61611164,26.116111636161804,23.7
2026-09-28 10:00:00,26.9,76,7.4,541.0,Noida,28.3951,77.5549,10,0.4999999999999999,-0.8660254037844387,27.2,0.42186892,27.32186892032623,25.4
2026-09-28 11:00:00,28.0,65,8.8,569.0,Noida,28.3951,77.5549,11,0.258819045102521,-0.9659258262890682,27.4,0.015079767,28.01507976744324,25.5
2026-09-28 12:00:00,28.8,58,9.6,563.0,Noida,28.3951,77.5549,12,1.2246467991473532e-16,-1.0,28.1,-0.4552283,28.34477170109749,25.4
2026-09-28 13:00:00,29.2,54,10.5,553.0,Noida,28.3951,77.5549,13,-0.2588190451025208,-0.9659258262890684,28.4,-0.5756345,28.62436552047729,25.4
2026-09-28 14:00:00,29.6,56,8.8,560.0,Noida,28.3951,77.5549,14,-0.4999999999999997,-0.8660254037844388,28.3,-0.8278304,28.77216962575913,26.1
2026-09-28 15:00:00,29.3,57,9.7,497.0,Noida,28.3951,77.5549,15,-0.7071067811865471,-0.7071067811865479,27.8,-0.4091262,28.890873807668687,26.2
2026-09-28 16:00:00,27.7,68,11.2,273.0,Noida,28.3951,77.5549,16,-0.8660254037844385,-0.5000000000000004,26.6,0.3843543,28.084354293346404,24.8
2026-09-28 17:00:00,24.3,86,14.3,116.0,Noida,28.3951,77.5549,17,-0.9659258262890684,-0.2588190451025206,25.3,1.4853108,25.78531079292297,18.9
2026-09-28 18:00:00,23.6,88,7.7,15.0,Noida,28.3951,77.5549,18,-1.0,-1.8369701987210294e-16,24.1,1.3653755,24.96537551879883,21.0
2026-09-28 19:00:00,23.4,89,1.1,0.0,Noida,28.3951,77.5549,19,-0.9659258262890684,0.2588190451025203,23.3,0.9899083,24.389908277988432,26.7
2026-09-28 20:00:00,23.1,90,2.8,0.0,Noida,28.3951,77.5549,20,-0.8660254037844386,0.5000000000000001,22.7,0.8658357,23.96583572626114,24.0
2026-09-28 21:00:00,23.1,90,6.4,0.0,Noida,28.3951,77.5549,21,-0.7071067811865477,0.7071067811865474,22.3,1.0825982,24.182598209381105,20.4
2026-09-28 22:00:00,23.0,91,10.8,0.0,Noida,28.3951,77.5549,22,-0.5000000000000004,0.8660254037844384,21.9,1.1961782,24.19617819786072,18.5
2026-09-28 23:00:00,22.8,92,9.8,0.0,Noida,28.3951,77.5549,23,-0.2588190451025215,0.965925826289068,22.8,1.4140685,24.21406846046448,19.1
2026-09-29 00:00:00,22.7,91,9.3,0.0,Noida,28.3951,77.5549,0,0.0,1.0,22.6,1.3320037,24.032003712654117,18.9
2026-09-29 01:00:00,22.7,90,8.0,0.0,Noida,28.3951,77.5549,1,0.2588190451025207,0.9659258262890684,22.8,1.0897207,23.789720726013183,18.9
2026-09-29 02:00:00,22.4,91,7.5,0.0,Noida,28.3951,77.5549,2,0.4999999999999999,0.8660254037844387,22.9,0.89408594,23.29408594369888,18.3
2026-09-29 03:00:00,22.4,91,8.2,0.0,Noida,28.3951,77.5549,3,0.7071067811865476,0.7071067811865476,22.2,0.8557476,23.255747580528254,17.9
2026-09-29 04:00:00,22.4,90,8.6,0.0,Noida,28.3951,77.5549,4,0.8660254037844386,0.5000000000000001,21.8,0.78321713,23.18321713209152,17.5
2026-09-29 05:00:00,22.4,89,8.3,0.0,Noida,28.3951,77.5549,5,0.9659258262890684,0.2588190451025207,22.0,0.9143317,23.314331674575804,17.8
2026-09-29 06:00:00,22.3,89,8.2,2.0,Noida,28.3951,77.5549,6,1.0,6.123233995736766e-17,22.3,0.8939026,23.193902599811555,17.7
2026-09-29 07:00:00,23.5,84,9.6,77.0,Noida,28.3951,77.5549,7,0.9659258262890684,-0.2588190451025206,23.3,0.7477308,24.24773079156876,18.9
2026-09-29 08:00:00,25.1,78,10.3,237.0,Noida,28.3951,77.5549,8,0.8660254037844387,-0.4999999999999998,24.3,0.28571108,25.385711079835893,20.7
2026-09-29 09:00:00,26.8,70,12.0,409.0,Noida,28.3951,77.5549,9,0.7071067811865476,-0.7071067811865475,25.5,0.056592934,26.8565929338336,22.5
2026-09-29 10:00:00,27.9,64,12.0,557.0,Noida,28.3951,77.5549,10,0.4999999999999999,-0.8660254037844387,26.9,-0.3522644,27.547735595703124,23.7
2026-09-29 11:00:00,29.1,59,12.1,686.0,Noida,28.3951,77.5549,11,0.258819045102521,-0.9659258262890682,28.0,-0.6629663,28.437033689022066,25.2
2026-09-29 12:00:00,30.1,56,11.8,740.0,Noida,28.3951,77.5549,12,1.2246467991473532e-16,-1.0,28.8,-1.2028052,28.897194838523863,26.1
2026-09-29 13:00:00,30.7,55,10.8,726.0,Noida,28.3951,77.5549,13,-0.2588190451025208,-0.9659258262890684,29.2,-1.502002,29.197997999191283,26.8
2026-09-29 14:00:00,31.0,54,10.8,632.0,Noida,28.3951,77.5549,14,-0.4999999999999997,-0.8660254037844388,29.6,-0.86153525,30.13846474885941,28.2
2026-09-29 15:00:00,30.9,52,11.2,497.0,Noida,28.3951,77.5549,15,-0.7071067811865471,-0.7071067811865479,29.3,-0.49541977,30.4045802295208,28.2
2026-09-29 16:00:00,30.4,56,10.1,325.0,Noida,28.3951,77.5549,16,-0.8660254037844385,-0.5000000000000004,27.7,-0.3434119,30.056588107347487,27.7
2026-09-29 17:00:00,28.9,62,6.8,141.0,Noida,28.3951,77.5549,17,-0.9659258262890684,-0.2588190451025206,24.3,0.53832394,29.438323938846587,26.9
2026-09-29 18:00:00,27.1,67,6.5,16.0,Noida,28.3951,77.5549,18,-1.0,-1.8369701987210294e-16,23.6,0.51780206,27.617802059650423,24.2
2026-09-29 19:00:00,26.2,71,6.2,0.0,Noida,28.3951,77.5549,19,-0.9659258262890684,0.2588190451025203,23.4,0.5304236,26.73042358160019,23.2
2026-09-29 20:00:00,25.6,74,5.9,0.0,Noida,28.3951,77.5549,20,-0.8660254037844386,0.5000000000000001,23.1,0.63066465,26.23066464662552,22.8
2026-09-29 21:00:00,25.1,76,6.3,0.0,Noida,28.3951,77.5549,21,-0.7071067811865477,0.7071067811865474,23.1,0.6072906,25.70729062557221,21.9
2026-09-29 22:00:00,24.9,77,7.0,0.0,Noida,28.3951,77.5549,22,-0.5000000000000004,0.8660254037844384,23.0,0.6366114,25.53661140203476,21.4
2026-09-29 23:00:00,24.6,78,7.7,0.0,Noida,28.3951,77.5549,23,-0.2588190451025215,0.965925826289068,22.8,0.96053314,25.560533142089845,21.3
2026-09-30 00:00:00,24.2,79,7.7,0.0,Noida,28.3951,77.5549,0,0.0,1.0,22.7,0.7940692,24.994069170951843,20.3
2026-09-30 01:00:00,23.7,80,7.0,0.0,Noida,28.3951,77.5549,1,0.2588190451025207,0.9659258262890684,22.7,0.8610832,24.561083209514617,20.0
2026-09-30 02:00:00,23.3,80,6.8,0.0,Noida,28.3951,77.5549,2,0.4999999999999999,0.8660254037844387,22.4,0.65028065,23.95028065443039,19.1
2026-09-30 03:00:00,23.1,81,6.8,0.0,Noida,28.3951,77.5549,3,0.7071067811865476,0.7071067811865476,22.4,0.57919085,23.679190850257875,18.7
2026-09-30 04:00:00,22.7,82,7.2,0.0,Noida,28.3951,77.5549,4,0.8660254037844386,0.5000000000000001,22.4,0.50666016,23.20666016340256,17.7
2026-09-30 05:00:00,22.3,84,7.4,0.0,Noida,28.3951,77.5549,5,0.9659258262890684,0.2588190451025207,22.4,0.62582165,22.92582165002823,17.3
2026-09-30 06:00:00,22.1,85,7.2,2.0,Noida,28.3951,77.5549,6,1.0,6.123233995736766e-17,22.3,0.6053926,22.70539257526398,17.1
2026-09-30 07:00:00,23.7,81,8.4,88.0,Noida,28.3951,77.5549,7,0.9659258262890684,-0.2588190451025206,23.5,0.6219019,24.32190192937851,19.3
2026-09-30 08:00:00,25.9,74,7.2,268.0,Noida,28.3951,77.5549,8,0.8660254037844387,-0.4999999999999998,25.1,0.21471079,26.114710786938662,22.7
2026-09-30 09:00:00,28.1,66,8.3,462.0,Noida,28.3951,77.5549,9,0.7071067811865476,-0.7071067811865475,26.8,0.04699142,28.14699141904712,25.7
2026-09-30 10:00:00,29.7,57,10.4,626.0,Noida,28.3951,77.5549,10,0.4999999999999999,-0.8660254037844387,27.9,-0.31477705,29.385222953557967,27.2
2026-09-30 11:00:00,30.8,52,11.5,738.0,Noida,28.3951,77.5549,11,0.258819045102521,-0.9659258262890682,29.1,-0.92017823,29.87982176542282,27.6
2026-09-30 12:00:00,31.5,49,11.8,784.0,Noida,28.3951,77.5549,12,1.2246467991473532e-16,-1.0,30.1,-0.9463582,30.55364179611206,28.6
2026-09-30 13:00:00,32.0,46,12.0,759.0,Noida,28.3951,77.5549,13,-0.2588190451025208,-0.9659258262890684,30.7,-1.0400351,30.959964871406555,28.9
2026-09-30 14:00:00,32.2,44,12.5,669.0,Noida,28.3951,77.5549,14,-0.4999999999999997,-0.8660254037844388,31.0,-1.0587301,31.14126987457276,28.7
2026-09-30 15:00:00,31.9,44,12.6,524.0,Noida,28.3951,77.5549,15,-0.7071067811865471,-0.7071067811865479,30.9,-0.9250338,30.97496619224548,28.1
2026-09-30 16:00:00,31.0,51,9.8,337.0,Noida,28.3951,77.5549,16,-0.8660254037844385,-0.5000000000000004,30.4,-0.5657009,30.434299111366272,28.0
2026-09-30 17:00:00,29.0,62,6.6,144.0,Noida,28.3951,77.5549,17,-0.9659258262890684,-0.2588190451025206,28.9,0.51612025,29.51612025499344,27.1
2026-09-30 18:00:00,26.8,66,6.4,15.0,Noida,28.3951,77.5549,18,-1.0,-1.8369701987210294e-16,27.1,0.56039137,27.36039136648178,23.8
2026-09-30 19:00:00,25.9,68,5.9,0.0,Noida,28.3951,77.5549,19,-0.9659258262890684,0.2588190451025203,26.2,0.6456659,26.545665884017943,22.9
2026-09-30 20:00:00,25.3,69,6.4,0.0,Noida,28.3951,77.5549,20,-0.8660254037844386,0.5000000000000001,25.6,0.6021352,25.902135181427003,21.7
2026-09-30 21:00:00,24.9,71,6.9,0.0,Noida,28.3951,77.5549,21,-0.7071067811865477,0.7071067811865474,25.1,0.52955186,25.429551863670348,20.8
2026-09-30 22:00:00,24.6,72,7.5,0.0,Noida,28.3951,77.5549,22,-0.5000000000000004,0.8660254037844384,24.9,0.5269293,25.12692931890488,20.1
2026-09-30 23:00:00,24.1,75,6.9,0.0,Noida,28.3951,77.5549,23,-0.2588190451025215,0.965925826289068,24.6,0.87415487,24.97415486574173,20.4
2026-10-01 00:00:00,23.5,77,6.5,0.0,Noida,28.3951,77.5549,0,0.0,1.0,24.2,0.62048346,24.120483458042145,19.3
2026-10-01 01:00:00,23.4,77,6.4,0.0,Noida,28.3951,77.5549,1,0.2588190451025207,0.9659258262890684,23.7,0.4526849,23.8526849091053,18.9
2026-10-01 02:00:00,22.9,79,6.2,0.0,Noida,28.3951,77.5549,2,0.4999999999999999,0.8660254037844387,23.3,0.46119335,23.361193352937697,18.4
2026-10-01 03:00:00,22.6,80,7.6,0.0,Noida,28.3951,77.5549,3,0.7071067811865476,0.7071067811865476,23.1,0.57919085,23.179190850257875,17.3
2026-10-01 04:00:00,22.5,82,8.4,0.0,Noida,28.3951,77.5549,4,0.8660254037844386,0.5000000000000001,22.7,0.5072064,23.00720638036728,16.8
2026-10-01 05:00:00,22.3,87,6.7,0.0,Noida,28.3951,77.5549,5,0.9659258262890684,0.2588190451025207,22.3,0.8385772,23.13857721090317,18.2
2026-10-01 06:00:00,22.2,88,5.9,2.0,Noida,28.3951,77.5549,6,1.0,6.123233995736766e-17,22.1,0.8449533,23.044953298568725,18.8
2026-10-01 07:00:00,24.2,81,7.5,85.0,Noida,28.3951,77.5549,7,0.9659258262890684,-0.2588190451025206,23.7,0.64559567,24.8455956697464,20.5
2026-10-01 08:00:00,26.6,74,4.7,263.0,Noida,28.3951,77.5549,8,0.8660254037844387,-0.4999999999999998,25.9,0.15675142,26.75675142407417,25.1
2026-10-01 09:00:00,28.7,66,6.5,454.0,Noida,28.3951,77.5549,9,0.7071067811865476,-0.7071067811865475,28.1,0.12623963,28.826239627599715,27.0
2026-10-01 10:00:00,30.6,57,8.8,617.0,Noida,28.3951,77.5549,10,0.4999999999999999,-0.8660254037844387,29.7,-0.69223696,29.907763040065767,28.2
2026-10-01 11:00:00,32.1,51,9.4,728.0,Noida,28.3951,77.5549,11,0.258819045102521,-0.9659258262890682,30.8,-1.1515117,30.948488330841062,29.7
2026-10-01 12:00:00,33.1,44,10.6,777.0,Noida,28.3951,77.5549,12,1.2246467991473532e-16,-1.0,31.5,-1.2107079,31.88929209709168,30.8
2026-10-01 13:00:00,33.5,42,11.9,754.0,Noida,28.3951,77.5549,13,-0.2588190451025208,-0.9659258262890684,32.0,-1.684744,31.815255999565125,30.2
2026-10-01 14:00:00,33.7,40,11.7,666.0,Noida,28.3951,77.5549,14,-0.4999999999999997,-0.8660254037844388,32.2,-1.7299433,31.970056724548343,30.2
2026-10-01 15:00:00,33.4,41,10.7,519.0,Noida,28.3951,77.5549,15,-0.7071067811865471,-0.7071067811865479,31.9,-1.6254076,31.774592423439024,29.8
2026-10-01 16:00:00,32.3,50,7.6,331.0,Noida,28.3951,77.5549,16,-0.8660254037844385,-0.5000000000000004,31.0,-1.047684,31.252316045761106,29.2
2026-10-01 17:00:00,30.0,61,5.4,141.0,Noida,28.3951,77.5549,17,-0.9659258262890684,-0.2588190451025206,29.0,-0.039475173,29.960524827241898,28.1
2026-10-01 18:00:00,27.8,64,5.5,14.0,Noida,28.3951,77.5549,18,-1.0,-1.8369701987210294e-16,26.8,0.50757504,28.307575035095216,25.5
2026-10-01 19:00:00,27.0,66,5.8,0.0,Noida,28.3951,77.5549,19,-0.9659258262890684,0.2588190451025203,25.9,0.22608183,27.22608183324337,23.8
2026-10-01 20:00:00,26.5,68,6.3,0.0,Noida,28.3951,77.5549,20,-0.8660254037844386,0.5000000000000001,25.3,0.31059638,26.81059637665749,23.1
2026-10-01 21:00:00,26.2,69,7.5,0.0,Noida,28.3951,77.5549,21,-0.7071067811865477,0.7071067811865474,24.9,0.3678704,26.56787039041519,22.3
2026-10-01 22:00:00,26.0,71,8.7,0.0,Noida,28.3951,77.5549,22,-0.5000000000000004,0.8660254037844384,24.6,0.45858786,26.45858785510063,22.1
2026-10-01 23:00:00,25.6,73,9.2,0.0,Noida,28.3951,77.5549,23,-0.2588190451025215,0.965925826289068,24.1,0.8989892,26.49898920059204,22.2
2026-10-02 00:00:00,24.9,76,6.8,0.0,Noida,28.3951,77.5549,0,0.0,1.0,23.5,0.5927343,25.49273427724838,21.3
2026-10-02 01:00:00,24.2,79,5.8,0.0,Noida,28.3951,77.5549,1,0.2588190451025207,0.9659258262890684,23.4,0.6055414,24.80554140806198,21.0
2026-10-02 02:00:00,23.6,81,6.5,0.0,Noida,28.3951,77.5549,2,0.4999999999999999,0.8660254037844387,22.9,0.65028065,24.25028065443039,19.8
2026-10-02 03:00:00,23.2,82,7.2,0.0,Noida,28.3951,77.5549,3,0.7071067811865476,0.7071067811865476,22.6,0.57919085,23.779190850257876,18.7
2026-10-02 04:00:00,22.9,82,7.2,0.0,Noida,28.3951,77.5549,4,0.8660254037844386,0.5000000000000001,22.5,0.50666016,23.40666016340256,18.1
2026-10-02 05:00:00,23.1,80,7.1,0.0,Noida,28.3951,77.5549,5,0.9659258262890684,0.2588190451025207,22.3,0.6377749,23.737774884700777,18.5
2026-10-02 06:00:00,23.9,77,6.7,1.0,Noida,28.3951,77.5549,6,1.0,6.123233995736766e-17,22.2,0.19700235,24.097002351284026,19.2
2026-10-02 07:00:00,25.2,72,6.3,91.0,Noida,28.3951,77.5549,7,0.9659258262890684,-0.2588190451025206,24.2,0.0787836,25.278783601522445,21.2
2026-10-02 08:00:00,26.7,66,6.3,266.0,Noida,28.3951,77.5549,8,0.8660254037844387,-0.4999999999999998,26.6,0.14700617,26.847006168961524,23.6
2026-10-02 09:00:00,28.6,58,7.4,472.0,Noida,28.3951,77.5549,9,0.7071067811865476,-0.7071067811865475,28.7,0.14139654,28.74139653742313,26.1
2026-10-02 10:00:00,30.7,50,9.1,625.0,Noida,28.3951,77.5549,10,0.4999999999999999,-0.8660254037844387,30.6,-0.4810221,30.218977910280227,28.2
2026-10-02 11:00:00,32.4,44,10.7,727.0,Noida,28.3951,77.5549,11,0.258819045102521,-0.9659258262890682,32.1,-0.98429143,31.415708565711974,29.9
2026-10-02 12:00:00,33.6,40,12.2,786.0,Noida,28.3951,77.5549,12,1.2246467991473532e-16,-1.0,33.1,-1.4998846,32.10011539459229,30.5
2026-10-02 13:00:00,34.4,36,13.4,755.0,Noida,28.3951,77.5549,13,-0.2588190451025208,-0.9659258262890684,33.5,-2.098715,32.30128493309021,29.9
2026-10-02 14:00:00,34.5,35,13.6,658.0,Noida,28.3951,77.5549,14,-0.4999999999999997,-0.8660254037844388,33.7,-2.137777,32.36222290992737,29.6
2026-10-02 15:00:00,33.5,39,11.5,481.0,Noida,28.3951,77.5549,15,-0.7071067811865471,-0.7071067811865479,33.4,-1.2820003,32.21799969673157,30.2
2026-10-02 16:00:00,31.8,46,8.3,335.0,Noida,28.3951,77.5549,16,-0.8660254037844385,-0.5000000000000004,32.3,-0.7939455,31.006054508686063,28.5
2026-10-02 17:00:00,30.3,52,6.2,165.0,Noida,28.3951,77.5549,17,-0.9659258262890684,-0.2588190451025206,30.0,0.0889878,30.388987797498704,27.7
2026-10-02 18:00:00,29.2,54,6.4,14.0,Noida,28.3951,77.5549,18,-1.0,-1.8369701987210294e-16,27.8,0.39648882,29.596488815546035,26.3
2026-10-02 19:00:00,28.3,55,7.7,0.0,Noida,28.3951,77.5549,19,-0.9659258262890684,0.2588190451025203,27.0,0.108704835,28.40870483517647,24.3
2026-10-02 20:00:00,27.5,56,8.7,0.0,Noida,28.3951,77.5549,20,-0.8660254037844386,0.5000000000000001,26.5,-0.1814587,27.318541303277016,22.4
2026-10-02 21:00:00,26.9,57,8.7,0.0,Noida,28.3951,77.5549,21,-0.7071067811865477,0.7071067811865474,26.2,0.013636733,26.91363673340529,21.8
2026-10-02 22:00:00,26.6,59,8.5,0.0,Noida,28.3951,77.5549,22,-0.5000000000000004,0.8660254037844384,26.0,0.011014198,26.611014197953047,21.5
2026-10-02 23:00:00,26.1,61,7.9,0.0,Noida,28.3951,77.5549,23,-0.2588190451025215,0.965925826289068,25.6,0.4078474,26.507847404479985,21.6
2026-09-28 00:00:00,23.2,96,3.4,0.0,North Delhi,28.7445,77.1882,0,0.0,1.0,22.8,0.35545394,23.555453938245773,23.0
2026-09-28 01:00:00,22.9,98,5.4,0.0,North Delhi,28.7445,77.1882,1,0.2588190451025207,0.9659258262890684,22.8,0.51106364,23.411063635349272,20.6
2026-09-28 02:00:00,22.6,98,5.6,0.0,North Delhi,28.7445,77.1882,2,0.4999999999999999,0.8660254037844387,22.9,0.47614658,23.07614657878876,19.8
2026-09-28 03:00:00,22.3,98,4.4,0.0,North Delhi,28.7445,77.1882,3,0.7071067811865476,0.7071067811865476,22.9,0.44934875,22.749348747730256,20.6
2026-09-28 04:00:00,22.1,98,3.2,0.0,North Delhi,28.7445,77.1882,4,0.8660254037844386,0.5000000000000001,22.9,0.21245483,22.31245482563973,21.7
2026-09-28 05:00:00,23.0,93,4.1,0.0,North Delhi,28.7445,77.1882,5,0.9659258262890684,0.2588190451025207,22.6,0.5561668,23.55616682767868,21.8
2026-09-28 06:00:00,22.9,93,2.8,1.0,North Delhi,28.7445,77.1882,6,1.0,6.123233995736766e-17,22.5,0.2873337,23.18733369708061,23.1
2026-09-28 07:00:00,23.3,91,2.0,23.0,North Delhi,28.7445,77.1882,7,0.9659258262890684,-0.2588190451025206,23.0,0.19903871,23.499038714170457,24.7
2026-09-28 08:00:00,23.7,90,1.9,82.0,North Delhi,28.7445,77.1882,8,0.8660254037844387,-0.4999999999999998,24.0,0.24891818,23.94891817569733,25.5
2026-09-28 09:00:00,24.2,88,0.9,91.0,North Delhi,28.7445,77.1882,9,0.7071067811865476,-0.7071067811865475,25.5,0.52241427,24.72241426706314,27.4
2026-09-28 10:00:00,24.4,86,0.6,75.0,North Delhi,28.7445,77.1882,10,0.4999999999999999,-0.8660254037844387,27.0,0.81149983,25.211499834060668,28.0
2026-09-28 11:00:00,24.8,82,0.0,166.0,North Delhi,28.7445,77.1882,11,0.258819045102521,-0.9659258262890682,28.4,0.7837873,25.583787310123444,
2026-09-28 12:00:00,25.2,81,1.2,217.0,North Delhi,28.7445,77.1882,12,1.2246467991473532e-16,-1.0,28.3,1.0050781,26.205078077316283,28.8
2026-09-28 13:00:00,26.5,76,3.3,432.0,North Delhi,28.7445,77.1882,13,-0.2588190451025208,-0.9659258262890684,28.5,-0.21329457,26.28670543432236,26.5
2026-09-28 14:00:00,27.2,71,6.1,482.0,North Delhi,28.7445,77.1882,14,-0.4999999999999997,-0.8660254037844388,28.4,-0.62869364,26.571306359767917,24.1
2026-09-28 15:00:00,25.0,80,9.0,308.0,North Delhi,28.7445,77.1882,15,-0.7071067811865471,-0.7071067811865479,27.9,0.9039702,25.903970181941983,22.4
2026-09-28 16:00:00,24.0,85,16.5,213.0,North Delhi,28.7445,77.1882,16,-0.8660254037844385,-0.5000000000000004,27.3,1.0920751,25.09207510948181,15.4
2026-09-28 17:00:00,23.8,86,6.5,110.0,North Delhi,28.7445,77.1882,17,-0.9659258262890684,-0.2588190451025206,26.3,1.6635727,25.46357266902924,22.5
2026-09-28 18:00:00,23.6,87,5.0,16.0,North Delhi,28.7445,77.1882,18,-1.0,-1.8369701987210294e-16,24.6,0.9180092,24.518009221553804,21.9
2026-09-28 19:00:00,23.4,88,3.4,0.0,North Delhi,28.7445,77.1882,19,-0.9659258262890684,0.2588190451025203,23.9,0.7538434,24.153843426704405,23.3
2026-09-28 20:00:00,23.3,89,6.9,0.0,North Delhi,28.7445,77.1882,20,-0.8660254037844386,0.5000000000000001,23.5,0.8529919,24.15299187898636,20.0
2026-09-28 21:00:00,23.1,89,6.9,0.0,North Delhi,28.7445,77.1882,21,-0.7071067811865477,0.7071067811865474,23.2,0.69222534,23.792225337028505,19.4
2026-09-28 22:00:00,23.0,89,6.2,0.0,North Delhi,28.7445,77.1882,22,-0.5000000000000004,0.8660254037844384,23.0,0.69222534,23.692225337028503,19.6
2026-09-28 23:00:00,22.9,89,5.8,0.0,North Delhi,28.7445,77.1882,23,-0.2588190451025215,0.965925826289068,23.9,0.9177487,23.817748689651488,20.2
2026-09-29 00:00:00,22.8,89,6.4,0.0,North Delhi,28.7445,77.1882,0,0.0,1.0,23.2,0.7145865,23.51458649635315,19.2
2026-09-29 01:00:00,22.8,89,6.7,0.0,North Delhi,28.7445,77.1882,1,0.2588190451025207,0.9659258262890684,22.9,0.6441487,23.444148707389832,18.9
2026-09-29 02:00:00,22.6,89,6.6,0.0,North Delhi,28.7445,77.1882,2,0.4999999999999999,0.8660254037844387,22.6,0.47614658,23.07614657878876,18.3
2026-09-29 03:00:00,22.5,90,6.4,0.0,North Delhi,28.7445,77.1882,3,0.7071067811865476,0.7071067811865476,22.3,0.56930244,23.06930243968964,18.5
2026-09-29 04:00:00,22.4,90,5.9,0.0,North Delhi,28.7445,77.1882,4,0.8660254037844386,0.5000000000000001,22.1,0.5059606,22.905960583686827,18.7
2026-09-29 05:00:00,22.2,90,5.7,0.0,North Delhi,28.7445,77.1882,5,0.9659258262890684,0.2588190451025207,23.0,0.6370753,22.83707530498505,18.7
2026-09-29 06:00:00,22.2,89,6.3,2.0,North Delhi,28.7445,77.1882,6,1.0,6.123233995736766e-17,22.9,0.61664623,22.816646230220798,18.1
2026-09-29 07:00:00,22.8,87,6.0,74.0,North Delhi,28.7445,77.1882,7,0.9659258262890684,-0.2588190451025206,23.3,0.49894089,23.298940885066987,19.2
2026-09-29 08:00:00,24.2,82,5.4,236.0,North Delhi,28.7445,77.1882,8,0.8660254037844387,-0.4999999999999998,23.7,0.39163336,24.591633361577987,21.8
2026-09-29 09:00:00,26.1,73,6.4,424.0,North Delhi,28.7445,77.1882,9,0.7071067811865476,-0.7071067811865475,24.2,-0.65356153,25.446438467502595,22.2
2026-09-29 10:00:00,27.6,67,7.8,592.0,North Delhi,28.7445,77.1882,10,0.4999999999999999,-0.8660254037844387,24.4,-1.1053089,26.49469110965729,23.4
2026-09-29 11:00:00,28.8,63,8.3,705.0,North Delhi,28.7445,77.1882,11,0.258819045102521,-0.9659258262890682,24.8,-1.4900631,27.309936928749085,24.6
2026-09-29 12:00:00,29.7,59,8.2,754.0,North Delhi,28.7445,77.1882,12,1.2246467991473532e-16,-1.0,25.2,-1.9497333,27.750266742706295,25.1
2026-09-29 13:00:00,30.2,56,8.5,738.0,North Delhi,28.7445,77.1882,13,-0.2588190451025208,-0.9659258262890684,26.5,-1.8739351,28.32606489658356,25.8
2026-09-29 14:00:00,30.4,54,9.0,642.0,North Delhi,28.7445,77.1882,14,-0.4999999999999997,-0.8660254037844388,27.2,-1.5385436,28.861456418037413,26.2
2026-09-29 15:00:00,30.3,53,9.2,507.0,North Delhi,28.7445,77.1882,15,-0.7071067811865471,-0.7071067811865479,25.0,-1.1996332,29.100366759300236,26.3
2026-09-29 16:00:00,29.9,56,9.0,329.0,North Delhi,28.7445,77.1882,16,-0.8660254037844385,-0.5000000000000004,24.0,-1.3391857,28.56081428527832,25.2
2026-09-29 17:00:00,28.9,63,6.7,143.0,North Delhi,28.7445,77.1882,17,-0.9659258262890684,-0.2588190451025206,23.8,-0.23253359,28.66746641099453,25.8
2026-09-29 18:00:00,27.6,70,5.8,17.0,North Delhi,28.7445,77.1882,18,-1.0,-1.8369701987210294e-16,23.6,0.2278532,27.82785319387913,25.1
2026-09-29 19:00:00,26.8,72,5.6,0.0,North Delhi,28.7445,77.1882,19,-0.9659258262890684,0.2588190451025203,23.4,-0.079251766,26.720748233795167,23.6
2026-09-29 20:00:00,26.3,74,5.9,0.0,North Delhi,28.7445,77.1882,20,-0.8660254037844386,0.5000000000000001,23.3,-0.06557402,26.23442597985268,22.8
2026-09-29 21:00:00,25.9,74,6.4,0.0,North Delhi,28.7445,77.1882,21,-0.7071067811865477,0.7071067811865474,23.1,-0.040786017,25.859213983267544,22.0
2026-09-29 22:00:00,25.6,73,6.9,0.0,North Delhi,28.7445,77.1882,22,-0.5000000000000004,0.8660254037844384,23.0,-0.04043183,25.559568168967964,21.2
2026-09-29 23:00:00,25.2,73,6.9,0.0,North Delhi,28.7445,77.1882,23,-0.2588190451025215,0.965925826289068,22.9,0.23528615,25.43528614640236,21.0
2026-09-30 00:00:00,24.8,74,6.8,0.0,North Delhi,28.7445,77.1882,0,0.0,1.0,22.8,0.11983654,24.91983653903008,20.2
2026-09-30 01:00:00,24.3,76,6.7,0.0,North Delhi,28.7445,77.1882,1,0.2588190451025207,0.9659258262890684,22.8,-0.022914557,24.277085443213583,19.4
2026-09-30 02:00:00,23.9,77,6.5,0.0,North Delhi,28.7445,77.1882,2,0.4999999999999999,0.8660254037844387,22.6,-0.2873444,23.61265560388565,18.5
2026-09-30 03:00:00,23.5,79,6.4,0.0,North Delhi,28.7445,77.1882,3,0.7071067811865476,0.7071067811865476,22.5,0.062830165,23.56283016502857,18.6
2026-09-30 04:00:00,23.1,80,6.5,0.0,North Delhi,28.7445,77.1882,4,0.8660254037844386,0.5000000000000001,22.4,0.2638653,23.363865292072298,18.3
2026-09-30 05:00:00,22.8,81,6.7,0.0,North Delhi,28.7445,77.1882,5,0.9659258262890684,0.2588190451025207,22.2,0.3949799,23.194979894161225,17.9
2026-09-30 06:00:00,22.6,82,6.7,2.0,North Delhi,28.7445,77.1882,6,1.0,6.123233995736766e-17,22.2,0.37455076,22.97455075979233,17.6
2026-09-30 07:00:00,23.4,80,6.4,82.0,North Delhi,28.7445,77.1882,7,0.9659258262890684,-0.2588190451025206,22.8,0.43019196,23.83019196391105,19.3
2026-09-30 08:00:00,25.2,75,5.4,257.0,North Delhi,28.7445,77.1882,8,0.8660254037844387,-0.4999999999999998,24.2,-0.29762074,24.90237925648689,21.8
2026-09-30 09:00:00,27.2,67,5.9,450.0,North Delhi,28.7445,77.1882,9,0.7071067811865476,-0.7071067811865475,26.1,-0.83170974,26.36829025745392,23.6
2026-09-30 10:00:00,29.0,58,8.1,614.0,North Delhi,28.7445,77.1882,10,0.4999999999999999,-0.8660254037844387,27.6,-1.3936642,27.606335759162903,24.5
2026-09-30 11:00:00,30.2,51,9.5,728.0,North Delhi,28.7445,77.1882,11,0.258819045102521,-0.9659258262890682,28.8,-1.624481,28.575519037246703,25.7
2026-09-30 12:00:00,31.1,47,10.0,775.0,North Delhi,28.7445,77.1882,12,1.2246467991473532e-16,-1.0,29.7,-1.3110515,29.788948512077333,27.5
2026-09-30 13:00:00,31.5,45,10.7,755.0,North Delhi,28.7445,77.1882,13,-0.2588190451025208,-0.9659258262890684,30.2,-1.6125758,29.88742423057556,27.3
2026-09-30 14:00:00,31.6,44,10.9,667.0,North Delhi,28.7445,77.1882,14,-0.4999999999999997,-0.8660254037844388,30.4,-1.5143788,30.085621213912965,27.4
2026-09-30 15:00:00,31.4,44,11.3,522.0,North Delhi,28.7445,77.1882,15,-0.7071067811865471,-0.7071067811865479,30.3,-1.3542004,30.04579963684082,26.9
2026-09-30 16:00:00,30.8,48,10.2,337.0,North Delhi,28.7445,77.1882,16,-0.8660254037844385,-0.5000000000000004,29.9,-0.9871186,29.81288139820099,26.7
2026-09-30 17:00:00,29.5,56,7.5,145.0,North Delhi,28.7445,77.1882,17,-0.9659258262890684,-0.2588190451025206,28.9,-0.8752852,28.62471479177475,25.0
2026-09-30 18:00:00,27.9,65,5.6,16.0,North Delhi,28.7445,77.1882,18,-1.0,-1.8369701987210294e-16,27.6,-0.015553411,27.884446588903664,24.9
2026-09-30 19:00:00,27.0,68,5.4,0.0,North Delhi,28.7445,77.1882,19,-0.9659258262890684,0.2588190451025203,26.8,-0.09766416,26.90233583748341,23.7
2026-09-30 20:00:00,26.3,69,5.6,0.0,North Delhi,28.7445,77.1882,20,-0.8660254037844386,0.5000000000000001,26.3,-0.09770441,26.202295589447026,22.6
2026-09-30 21:00:00,25.7,71,6.2,0.0,North Delhi,28.7445,77.1882,21,-0.7071067811865477,0.7071067811865474,25.9,-0.04721803,25.652781971544027,21.5
2026-09-30 22:00:00,25.3,72,5.8,0.0,North Delhi,28.7445,77.1882,22,-0.5000000000000004,0.8660254037844384,25.6,0.009762819,25.309762818925083,21.3
2026-09-30 23:00:00,24.9,73,5.2,0.0,North Delhi,28.7445,77.1882,23,-0.2588190451025215,0.965925826289068,25.2,0.15180355,25.0518035531044,21.4
2026-10-01 00:00:00,24.7,73,4.9,0.0,North Delhi,28.7445,77.1882,0,0.0,1.0,24.8,-0.18567045,24.51432954967022,20.9
2026-10-01 01:00:00,24.3,74,4.9,0.0,North Delhi,28.7445,77.1882,1,0.2588190451025207,0.9659258262890684,24.3,-0.22611327,24.07388672530651,20.3
2026-10-01 02:00:00,24.0,76,5.0,0.0,North Delhi,28.7445,77.1882,2,0.4999999999999999,0.8660254037844387,23.9,-0.40092108,23.59907892346382,19.6
2026-10-01 03:00:00,23.5,79,7.4,0.0,North Delhi,28.7445,77.1882,3,0.7071067811865476,0.7071067811865476,23.5,0.062830165,23.56283016502857,18.0
2026-10-01 04:00:00,23.3,80,7.1,0.0,North Delhi,28.7445,77.1882,4,0.8660254037844386,0.5000000000000001,23.1,0.2638653,23.563865292072297,18.2
2026-10-01 05:00:00,23.2,85,6.8,0.0,North Delhi,28.7445,77.1882,5,0.9659258262890684,0.2588190451025207,22.8,0.38302666,23.58302665948868,18.8
2026-10-01 06:00:00,23.1,85,6.7,2.0,North Delhi,28.7445,77.1882,6,1.0,6.123233995736766e-17,22.6,0.36259753,23.462597525119783,18.6
2026-10-01 07:00:00,24.2,82,6.8,80.0,North Delhi,28.7445,77.1882,7,0.9659258262890684,-0.2588190451025206,23.4,0.40244278,24.602442783117294,20.5
2026-10-01 08:00:00,26.0,76,4.5,254.0,North Delhi,28.7445,77.1882,8,0.8660254037844387,-0.4999999999999998,25.2,-0.58114046,25.418859541416168,23.5
2026-10-01 09:00:00,28.2,65,5.6,444.0,North Delhi,28.7445,77.1882,9,0.7071067811865476,-0.7071067811865475,27.2,-0.8375396,27.36246038675308,25.1
2026-10-01 10:00:00,30.2,56,7.0,607.0,North Delhi,28.7445,77.1882,10,0.4999999999999999,-0.8660254037844387,29.0,-1.4920667,28.707933259010314,26.3
2026-10-01 11:00:00,31.8,48,7.9,722.0,North Delhi,28.7445,77.1882,11,0.258819045102521,-0.9659258262890682,30.2,-1.6214758,30.17852418422699,28.1
2026-10-01 12:00:00,32.8,44,9.2,773.0,North Delhi,28.7445,77.1882,12,1.2246467991473532e-16,-1.0,31.1,-1.7096246,31.09037535190582,29.4
2026-10-01 13:00:00,33.3,42,10.1,753.0,North Delhi,28.7445,77.1882,13,-0.2588190451025208,-0.9659258262890684,31.5,-2.2056873,31.094312715530396,29.3
2026-10-01 14:00:00,33.4,42,10.7,664.0,North Delhi,28.7445,77.1882,14,-0.4999999999999997,-0.8660254037844388,31.6,-2.267536,31.1324640750885,29.1
2026-10-01 15:00:00,33.1,44,11.3,519.0,North Delhi,28.7445,77.1882,15,-0.7071067811865471,-0.7071067811865479,31.4,-1.8111334,31.28886661529541,29.1
2026-10-01 16:00:00,32.3,48,10.5,333.0,North Delhi,28.7445,77.1882,16,-0.8660254037844385,-0.5000000000000004,30.8,-1.5194798,30.780520248413083,28.3
2026-10-01 17:00:00,30.8,58,7.9,142.0,North Delhi,28.7445,77.1882,17,-0.9659258262890684,-0.2588190451025206,29.5,-1.2472129,29.552787113189694,26.7
2026-10-01 18:00:00,29.3,65,6.5,15.0,North Delhi,28.7445,77.1882,18,-1.0,-1.8369701987210294e-16,27.9,-0.9000838,28.399916219711304,25.3
2026-10-01 19:00:00,28.4,68,6.0,0.0,North Delhi,28.7445,77.1882,19,-0.9659258262890684,0.2588190451025203,27.0,-0.44925237,27.950747632980345,25.0
2026-10-01 20:00:00,27.8,69,6.4,0.0,North Delhi,28.7445,77.1882,20,-0.8660254037844386,0.5000000000000001,26.3,-0.29160747,27.508392530679703,24.2
2026-10-01 21:00:00,27.2,70,7.2,0.0,North Delhi,28.7445,77.1882,21,-0.7071067811865477,0.7071067811865474,25.7,-0.38989797,26.810102027654647,22.9
2026-10-01 22:00:00,26.7,72,6.4,0.0,North Delhi,28.7445,77.1882,22,-0.5000000000000004,0.8660254037844384,25.3,-0.41611204,26.283887964487075,22.5
2026-10-01 23:00:00,26.2,73,6.3,0.0,North Delhi,28.7445,77.1882,23,-0.2588190451025215,0.965925826289068,24.9,-0.022397855,26.17760214470327,22.4
2026-10-02 00:00:00,25.7,74,4.3,0.0,North Delhi,28.7445,77.1882,0,0.0,1.0,24.7,-0.2791231,25.42087690234184,22.9
2026-10-02 01:00:00,25.1,76,5.4,0.0,North Delhi,28.7445,77.1882,1,0.2588190451025207,0.9659258262890684,24.3,-0.15599951,24.94400048851967,21.3
2026-10-02 02:00:00,24.6,77,6.5,0.0,North Delhi,28.7445,77.1882,2,0.4999999999999999,0.8660254037844387,24.0,-0.31509358,24.28490642309189,19.6
2026-10-02 03:00:00,24.1,79,7.2,0.0,North Delhi,28.7445,77.1882,3,0.7071067811865476,0.7071067811865476,23.5,0.062830165,24.162830165028574,19.1
2026-10-02 04:00:00,23.7,81,7.3,0.0,North Delhi,28.7445,77.1882,4,0.8660254037844386,0.5000000000000001,23.3,0.2638653,23.963865292072292,18.9
2026-10-02 05:00:00,23.6,80,7.2,0.0,North Delhi,28.7445,77.1882,5,0.9659258262890684,0.2588190451025207,23.2,0.3949799,23.994979894161222,18.9
2026-10-02 06:00:00,24.1,77,6.6,0.0,North Delhi,28.7445,77.1882,6,1.0,6.123233995736766e-17,23.1,-0.25250924,23.847490763664247,18.8
2026-10-02 07:00:00,24.9,73,5.6,84.0,North Delhi,28.7445,77.1882,7,0.9659258262890684,-0.2588190451025206,24.2,-0.2975599,24.602440112829207,20.6
2026-10-02 08:00:00,26.1,67,5.2,255.0,North Delhi,28.7445,77.1882,8,0.8660254037844387,-0.4999999999999998,26.0,-0.67444026,25.42555973529816,22.2
2026-10-02 09:00:00,28.1,58,5.8,459.0,North Delhi,28.7445,77.1882,9,0.7071067811865476,-0.7071067811865475,28.2,-0.9109292,27.189070796966558,24.2
2026-10-02 10:00:00,30.4,49,7.0,612.0,North Delhi,28.7445,77.1882,10,0.4999999999999999,-0.8660254037844387,30.2,-1.340314,29.05968596935272,26.3
2026-10-02 11:00:00,32.3,43,8.3,716.0,North Delhi,28.7445,77.1882,11,0.258819045102521,-0.9659258262890682,31.8,-1.7249908,30.575009155273435,28.4
2026-10-02 12:00:00,33.6,38,9.6,779.0,North Delhi,28.7445,77.1882,12,1.2246467991473532e-16,-1.0,32.8,-2.1891835,31.410816526412965,29.6
2026-10-02 13:00:00,34.4,35,11.2,750.0,North Delhi,28.7445,77.1882,13,-0.2588190451025208,-0.9659258262890684,33.3,-2.5398781,31.86012187004089,29.9
2026-10-02 14:00:00,34.6,34,12.1,655.0,North Delhi,28.7445,77.1882,14,-0.4999999999999997,-0.8660254037844388,33.4,-2.6525233,31.947476720809934,29.6
2026-10-02 15:00:00,34.2,37,11.4,485.0,North Delhi,28.7445,77.1882,15,-0.7071067811865471,-0.7071067811865479,33.1,-2.4832952,31.716704797744757,29.2
2026-10-02 16:00:00,33.1,43,9.8,334.0,North Delhi,28.7445,77.1882,16,-0.8660254037844385,-0.5000000000000004,32.3,-1.7933148,31.30668518543244,28.9
2026-10-02 17:00:00,32.0,48,8.7,162.0,North Delhi,28.7445,77.1882,17,-0.9659258262890684,-0.2588190451025206,30.8,-1.4235587,30.576441287994385,27.6
2026-10-02 18:00:00,30.9,52,8.3,15.0,North Delhi,28.7445,77.1882,18,-1.0,-1.8369701987210294e-16,29.3,-1.0957818,29.80421819686889,26.3
2026-10-02 19:00:00,29.6,55,8.2,0.0,North Delhi,28.7445,77.1882,19,-0.9659258262890684,0.2588190451025203,28.4,-1.3777866,28.222213363647462,23.9
2026-10-02 20:00:00,28.6,58,8.1,0.0,North Delhi,28.7445,77.1882,20,-0.8660254037844386,0.5000000000000001,27.8,-0.97567874,27.62432125806809,23.2
2026-10-02 21:00:00,27.9,60,7.7,0.0,North Delhi,28.7445,77.1882,21,-0.7071067811865477,0.7071067811865474,27.2,-0.66601384,27.233986163139345,22.7
2026-10-02 22:00:00,27.4,60,7.3,0.0,North Delhi,28.7445,77.1882,22,-0.5000000000000004,0.8660254037844384,26.7,-0.5260663,26.873933696746825,22.2
2026-10-02 23:00:00,26.8,62,6.9,0.0,North Delhi,28.7445,77.1882,23,-0.2588190451025215,0.965925826289068,26.2,-0.30103248,26.498967516422272,21.9
2026-09-28 00:00:00,23.1,97,5.3,0.0,North East Delhi,28.7044,77.2722,0,0.0,1.0,22.5,0.4571804,23.557180410623552,20.8
2026-09-28 01:00:00,22.6,99,5.9,0.0,North East Delhi,28.7044,77.2722,1,0.2588190451025207,0.9659258262890684,22.6,0.53445953,23.134459531307225,19.7
2026-09-28 02:00:00,22.3,98,6.2,0.0,North East Delhi,28.7044,77.2722,2,0.4999999999999999,0.8660254037844387,22.9,0.40376848,22.703768479824067,18.7
2026-09-28 03:00:00,22.1,99,5.1,0.0,North East Delhi,28.7044,77.2722,3,0.7071067811865476,0.7071067811865476,22.9,0.4117546,22.5117546081543,19.5
2026-09-28 04:00:00,21.9,99,4.7,0.0,North East Delhi,28.7044,77.2722,4,0.8660254037844386,0.5000000000000001,22.9,0.35146794,22.251467937231062,19.5
2026-09-28 05:00:00,22.8,92,3.9,0.0,North East Delhi,28.7044,77.2722,5,0.9659258262890684,0.2588190451025207,22.6,0.45913455,23.259134548902512,21.6
2026-09-28 06:00:00,22.7,94,3.5,1.0,North East Delhi,28.7044,77.2722,6,1.0,6.123233995736766e-17,22.5,0.1340412,22.83404120504856,21.7
2026-09-28 07:00:00,23.1,91,4.7,19.0,North East Delhi,28.7044,77.2722,7,0.9659258262890684,-0.2588190451025206,23.0,0.52834576,23.62834576368332,21.1
2026-09-28 08:00:00,23.2,94,4.4,46.0,North East Delhi,28.7044,77.2722,8,0.8660254037844387,-0.4999999999999998,24.0,0.6955854,23.895585429668422,22.2
2026-09-28 09:00:00,23.9,91,3.2,83.0,North East Delhi,28.7044,77.2722,9,0.7071067811865476,-0.7071067811865475,25.4,0.48314083,24.38314082622528,24.3
2026-09-28 10:00:00,24.2,89,1.8,90.0,North East Delhi,28.7044,77.2722,10,0.4999999999999999,-0.8660254037844387,26.9,0.9409938,25.140993785858157,27.1
2026-09-28 11:00:00,24.6,81,1.8,162.0,North East Delhi,28.7044,77.2722,11,0.258819045102521,-0.9659258262890682,27.9,0.7290202,25.329020178318025,26.9
2026-09-28 12:00:00,25.3,79,0.8,269.0,North East Delhi,28.7044,77.2722,12,1.2246467991473532e-16,-1.0,28.2,-0.21783614,25.082163858413697,27.7
2026-09-28 13:00:00,26.5,77,3.2,416.0,North East Delhi,28.7044,77.2722,13,-0.2588190451025208,-0.9659258262890684,28.4,-0.16850933,26.33149066567421,26.7
2026-09-28 14:00:00,27.4,68,4.2,478.0,North East Delhi,28.7044,77.2722,14,-0.4999999999999997,-0.8660254037844388,28.1,-0.57799864,26.82200136184692,25.7
2026-09-28 15:00:00,25.1,82,9.8,324.0,North East Delhi,28.7044,77.2722,15,-0.7071067811865471,-0.7071067811865479,27.7,0.8435854,25.94358537197113,22.4
2026-09-28 16:00:00,24.2,86,14.3,191.0,North East Delhi,28.7044,77.2722,16,-0.8660254037844385,-0.5000000000000004,27.1,0.9205067,25.120506715774532,17.6
2026-09-28 17:00:00,23.6,90,6.9,100.0,North East Delhi,28.7044,77.2722,17,-0.9659258262890684,-0.2588190451025206,25.9,1.7978075,25.397807455062868,22.5
2026-09-28 18:00:00,23.3,91,4.6,15.0,North East Delhi,28.7044,77.2722,18,-1.0,-1.8369701987210294e-16,24.4,1.092121,24.39212100505829,22.4
2026-09-28 19:00:00,23.1,91,4.9,0.0,North East Delhi,28.7044,77.2722,19,-0.9659258262890684,0.2588190451025203,23.8,0.8083211,23.9083211183548,21.3
2026-09-28 20:00:00,23.0,91,7.2,0.0,North East Delhi,28.7044,77.2722,20,-0.8660254037844386,0.5000000000000001,23.4,0.7350596,23.73505961894989,19.2
2026-09-28 21:00:00,23.0,91,7.8,0.0,North East Delhi,28.7044,77.2722,21,-0.7071067811865477,0.7071067811865474,23.1,0.5961009,23.59610092639923,18.7
2026-09-28 22:00:00,22.9,91,8.0,0.0,North East Delhi,28.7044,77.2722,22,-0.5000000000000004,0.8660254037844384,22.8,0.5934784,23.49347838163376,18.4
2026-09-28 23:00:00,22.7,91,6.6,0.0,North East Delhi,28.7044,77.2722,23,-0.2588190451025215,0.965925826289068,23.8,0.8272586,23.527258586883544,19.2
2026-09-29 00:00:00,22.6,90,6.5,0.0,North East Delhi,28.7044,77.2722,0,0.0,1.0,23.1,0.6240965,23.224096512794496,18.7
2026-09-29 01:00:00,22.6,90,6.8,0.0,North East Delhi,28.7044,77.2722,1,0.2588190451025207,0.9659258262890684,22.6,0.57177055,23.171770548820497,18.4
2026-09-29 02:00:00,22.5,90,7.4,0.0,North East Delhi,28.7044,77.2722,2,0.4999999999999999,0.8660254037844387,22.3,0.40376848,22.903768479824063,17.6
2026-09-29 03:00:00,22.4,90,7.8,0.0,North East Delhi,28.7044,77.2722,3,0.7071067811865476,0.7071067811865476,22.1,0.48497507,22.884975069761275,17.4
2026-09-29 04:00:00,22.3,90,6.7,0.0,North East Delhi,28.7044,77.2722,4,0.8660254037844386,0.5000000000000001,21.9,0.41302907,22.713029074668885,17.7
2026-09-29 05:00:00,22.2,90,6.8,0.0,North East Delhi,28.7044,77.2722,5,0.9659258262890684,0.2588190451025207,22.8,0.54414374,22.744143736362457,17.7
2026-09-29 06:00:00,22.2,89,7.3,2.0,North East Delhi,28.7044,77.2722,6,1.0,6.123233995736766e-17,22.7,0.52371466,22.723714661598205,17.3
2026-09-29 07:00:00,23.0,87,7.3,74.0,North East Delhi,28.7044,77.2722,7,0.9659258262890684,-0.2588190451025206,23.1,0.44095734,23.440957337617878,18.6
2026-09-29 08:00:00,24.2,82,6.4,232.0,North East Delhi,28.7044,77.2722,8,0.8660254037844387,-0.4999999999999998,23.2,0.30732366,24.507323664426803,20.9
2026-09-29 09:00:00,25.9,76,6.5,419.0,North East Delhi,28.7044,77.2722,9,0.7071067811865476,-0.7071067811865475,23.9,-0.4943103,25.405689710378645,22.3
2026-09-29 10:00:00,27.5,67,8.3,590.0,North East Delhi,28.7044,77.2722,10,0.4999999999999999,-0.8660254037844387,24.2,-1.0596259,26.44037413597107,23.2
2026-09-29 11:00:00,28.8,63,8.9,703.0,North East Delhi,28.7044,77.2722,11,0.258819045102521,-0.9659258262890682,24.6,-1.6336336,27.16636638641357,24.2
2026-09-29 12:00:00,29.6,61,9.0,753.0,North East Delhi,28.7044,77.2722,12,1.2246467991473532e-16,-1.0,25.3,-1.9948428,27.605157232284547,24.9
2026-09-29 13:00:00,30.1,58,8.8,734.0,North East Delhi,28.7044,77.2722,13,-0.2588190451025208,-0.9659258262890684,26.5,-1.9607195,28.13928053379059,25.6
2026-09-29 14:00:00,30.3,55,9.2,644.0,North East Delhi,28.7044,77.2722,14,-0.4999999999999997,-0.8660254037844388,27.4,-1.7485727,28.551427292823792,25.8
2026-09-29 15:00:00,30.2,54,9.4,505.0,North East Delhi,28.7044,77.2722,15,-0.7071067811865471,-0.7071067811865479,25.1,-1.2214018,28.978598189353946,26.1
2026-09-29 16:00:00,29.8,57,9.2,326.0,North East Delhi,28.7044,77.2722,16,-0.8660254037844385,-0.5000000000000004,24.2,-1.422149,28.377851057052613,25.0
2026-09-29 17:00:00,28.8,64,8.0,141.0,North East Delhi,28.7044,77.2722,17,-0.9659258262890684,-0.2588190451025206,23.6,-0.20315187,28.596848133206368,25.6
2026-09-29 18:00:00,27.4,71,7.5,16.0,North East Delhi,28.7044,77.2722,18,-1.0,-1.8369701987210294e-16,23.3,0.15226254,27.55226253867149,24.2
2026-09-29 19:00:00,26.7,75,7.0,0.0,North East Delhi,28.7044,77.2722,19,-0.9659258262890684,0.2588190451025203,23.1,-0.1576824,26.54231759607792,22.9
2026-09-29 20:00:00,26.1,77,7.2,0.0,North East Delhi,28.7044,77.2722,20,-0.8660254037844386,0.5000000000000001,23.0,-0.09288746,26.007112538814543,22.1
2026-09-29 21:00:00,25.7,77,7.6,0.0,North East Delhi,28.7044,77.2722,21,-0.7071067811865477,0.7071067811865474,23.0,-0.07500535,25.6249946475029,21.3
2026-09-29 22:00:00,25.4,76,8.1,0.0,North East Delhi,28.7044,77.2722,22,-0.5000000000000004,0.8660254037844384,22.9,-0.036870528,25.363129471987484,20.6
2026-09-29 23:00:00,25.0,76,8.3,0.0,North East Delhi,28.7044,77.2722,23,-0.2588190451025215,0.965925826289068,22.7,0.30319354,25.303193539381027,20.5
2026-09-30 00:00:00,24.6,76,8.0,0.0,North East Delhi,28.7044,77.2722,0,0.0,1.0,22.6,0.06861825,24.668618252873426,19.5
2026-09-30 01:00:00,24.3,77,8.2,0.0,North East Delhi,28.7044,77.2722,1,0.2588190451025207,0.9659258262890684,22.6,-0.056020886,24.243979114294053,18.7
2026-09-30 02:00:00,23.9,78,7.9,0.0,North East Delhi,28.7044,77.2722,2,0.4999999999999999,0.8660254037844387,22.5,-0.14226519,23.75773481428623,18.1
2026-09-30 03:00:00,23.5,79,7.7,0.0,North East Delhi,28.7044,77.2722,3,0.7071067811865476,0.7071067811865476,22.4,-0.021497063,23.478502936661243,17.7
2026-09-30 04:00:00,23.1,80,7.8,0.0,North East Delhi,28.7044,77.2722,4,0.8660254037844386,0.5000000000000001,22.3,0.17147999,23.271479985117917,17.4
2026-09-30 05:00:00,22.9,81,7.6,0.0,North East Delhi,28.7044,77.2722,5,0.9659258262890684,0.2588190451025207,22.2,0.3020484,23.20204838514328,17.4
2026-09-30 06:00:00,22.7,82,7.6,2.0,North East Delhi,28.7044,77.2722,6,1.0,6.123233995736766e-17,22.2,0.28161925,22.981619250774383,17.1
2026-09-30 07:00:00,23.6,80,6.4,83.0,North East Delhi,28.7044,77.2722,7,0.9659258262890684,-0.2588190451025206,23.0,0.37220845,23.97220844626427,19.5
2026-09-30 08:00:00,25.2,75,5.5,259.0,North East Delhi,28.7044,77.2722,8,0.8660254037844387,-0.4999999999999998,24.2,-0.3473777,24.85262231230736,21.7
2026-09-30 09:00:00,27.2,67,6.3,451.0,North East Delhi,28.7044,77.2722,9,0.7071067811865476,-0.7071067811865475,25.9,-0.8386949,26.361305129528045,23.4
2026-09-30 10:00:00,28.8,59,8.2,616.0,North East Delhi,28.7044,77.2722,10,0.4999999999999999,-0.8660254037844387,27.5,-1.3768758,27.42312424182892,24.3
2026-09-30 11:00:00,30.1,52,9.4,728.0,North East Delhi,28.7044,77.2722,11,0.258819045102521,-0.9659258262890682,28.8,-1.5772891,28.52271089553833,25.7
2026-09-30 12:00:00,31.0,48,10.3,775.0,North East Delhi,28.7044,77.2722,12,1.2246467991473532e-16,-1.0,29.6,-1.2874279,29.71257209777832,27.4
2026-09-30 13:00:00,31.4,46,10.7,754.0,North East Delhi,28.7044,77.2722,13,-0.2588190451025208,-0.9659258262890684,30.1,-1.607064,29.79293599128723,27.3
2026-09-30 14:00:00,31.6,45,11.0,666.0,North East Delhi,28.7044,77.2722,14,-0.4999999999999997,-0.8660254037844388,30.3,-1.5242077,30.07579228878021,27.4
2026-09-30 15:00:00,31.3,45,11.2,520.0,North East Delhi,28.7044,77.2722,15,-0.7071067811865471,-0.7071067811865479,30.2,-1.3665643,29.93343572616577,26.8
2026-09-30 16:00:00,30.6,49,10.4,335.0,North East Delhi,28.7044,77.2722,16,-0.8660254037844385,-0.5000000000000004,29.8,-1.023054,29.576945996284486,26.3
2026-09-30 17:00:00,29.3,57,8.5,143.0,North East Delhi,28.7044,77.2722,17,-0.9659258262890684,-0.2588190451025206,28.8,-0.84805536,28.451944637298585,24.7
2026-09-30 18:00:00,27.8,65,7.6,16.0,North East Delhi,28.7044,77.2722,18,-1.0,-1.8369701987210294e-16,27.4,0.11334257,27.913342568278317,24.3
2026-09-30 19:00:00,26.9,69,7.3,0.0,North East Delhi,28.7044,77.2722,19,-0.9659258262890684,0.2588190451025203,26.7,-0.18202737,26.717972630262373,22.7
2026-09-30 20:00:00,26.2,72,7.4,0.0,North East Delhi,28.7044,77.2722,20,-0.8660254037844386,0.5000000000000001,26.1,-0.13238919,26.067610812187198,21.8
2026-09-30 21:00:00,25.6,73,8.0,0.0,North East Delhi,28.7044,77.2722,21,-0.7071067811865477,0.7071067811865474,25.7,-0.1031311,25.49686889946461,20.7
2026-09-30 22:00:00,25.0,74,7.4,0.0,North East Delhi,28.7044,77.2722,22,-0.5000000000000004,0.8660254037844384,25.4,0.07085359,25.07085359096527,20.2
2026-09-30 23:00:00,24.6,75,7.1,0.0,North East Delhi,28.7044,77.2722,23,-0.2588190451025215,0.965925826289068,25.0,0.30518013,24.90518013238907,20.1
2026-10-01 00:00:00,24.4,75,7.1,0.0,North East Delhi,28.7044,77.2722,0,0.0,1.0,24.6,0.029346617,24.42934661693871,19.4
2026-10-01 01:00:00,24.2,75,7.0,0.0,North East Delhi,28.7044,77.2722,1,0.2588190451025207,0.9659258262890684,24.3,-0.09529257,24.10470743179321,18.9
2026-10-01 02:00:00,24.0,76,7.1,0.0,North East Delhi,28.7044,77.2722,2,0.4999999999999999,0.8660254037844387,23.9,-0.3597225,23.64027750492096,18.1
2026-10-01 03:00:00,23.7,77,8.7,0.0,North East Delhi,28.7044,77.2722,3,0.7071067811865476,0.7071067811865476,23.5,-0.3883486,23.31165139079094,16.9
2026-10-01 04:00:00,23.5,79,8.7,0.0,North East Delhi,28.7044,77.2722,4,0.8660254037844386,0.5000000000000001,23.1,-0.09289685,23.407103151082996,17.2
2026-10-01 05:00:00,23.4,84,8.3,0.0,North East Delhi,28.7044,77.2722,5,0.9659258262890684,0.2588190451025207,22.9,0.29064137,23.69064136743545,18.2
2026-10-01 06:00:00,23.3,84,8.0,2.0,North East Delhi,28.7044,77.2722,6,1.0,6.123233995736766e-17,22.7,0.27021223,23.57021223306656,18.1
2026-10-01 07:00:00,24.3,81,7.0,81.0,North East Delhi,28.7044,77.2722,7,0.9659258262890684,-0.2588190451025206,23.6,0.34445927,24.644459265470505,20.4
2026-10-01 08:00:00,26.2,75,4.7,254.0,North East Delhi,28.7044,77.2722,8,0.8660254037844387,-0.4999999999999998,25.2,-0.55171096,25.648289036750796,23.5
2026-10-01 09:00:00,28.4,65,5.2,445.0,North East Delhi,28.7044,77.2722,9,0.7071067811865476,-0.7071067811865475,27.2,-0.9888725,27.411127471923827,25.4
2026-10-01 10:00:00,30.3,56,6.9,608.0,North East Delhi,28.7044,77.2722,10,0.4999999999999999,-0.8660254037844387,28.8,-1.5256805,28.774319458007813,26.4
2026-10-01 11:00:00,31.8,49,7.8,720.0,North East Delhi,28.7044,77.2722,11,0.258819045102521,-0.9659258262890682,30.1,-1.5978519,30.202148127555848,28.2
2026-10-01 12:00:00,32.8,44,9.1,771.0,North East Delhi,28.7044,77.2722,12,1.2246467991473532e-16,-1.0,31.0,-1.7215353,31.078464674949643,29.4
2026-10-01 13:00:00,33.3,42,10.1,750.0,North East Delhi,28.7044,77.2722,13,-0.2588190451025208,-0.9659258262890684,31.4,-2.3141234,30.98587660789489,29.1
2026-10-01 14:00:00,33.4,42,10.7,662.0,North East Delhi,28.7044,77.2722,14,-0.4999999999999997,-0.8660254037844388,31.6,-2.384775,31.015225076675414,28.9
2026-10-01 15:00:00,33.1,44,11.1,517.0,North East Delhi,28.7044,77.2722,15,-0.7071067811865471,-0.7071067811865479,31.3,-1.8473364,31.252663588523863,29.1
2026-10-01 16:00:00,32.3,48,10.3,331.0,North East Delhi,28.7044,77.2722,16,-0.8660254037844385,-0.5000000000000004,30.6,-1.5636097,30.73639028072357,28.2
2026-10-01 17:00:00,30.8,58,9.1,141.0,North East Delhi,28.7044,77.2722,17,-0.9659258262890684,-0.2588190451025206,29.3,-1.3351588,29.464841175079343,26.5
2026-10-01 18:00:00,29.2,65,8.4,14.0,North East Delhi,28.7044,77.2722,18,-1.0,-1.8369701987210294e-16,27.8,-0.98040223,28.21959776878357,24.7
2026-10-01 19:00:00,28.4,69,7.7,0.0,North East Delhi,28.7044,77.2722,19,-0.9659258262890684,0.2588190451025203,26.9,-0.6135164,27.78648360967636,24.4
2026-10-01 20:00:00,27.8,70,8.3,0.0,North East Delhi,28.7044,77.2722,20,-0.8660254037844386,0.5000000000000001,26.2,-0.41636476,27.38363524079323,23.7
2026-10-01 21:00:00,27.2,71,8.9,0.0,North East Delhi,28.7044,77.2722,21,-0.7071067811865477,0.7071067811865474,25.6,-0.48602238,26.71397761702537,22.5
2026-10-01 22:00:00,26.7,72,8.8,0.0,North East Delhi,28.7044,77.2722,22,-0.5000000000000004,0.8660254037844384,25.0,-0.51485896,26.185141038894653,21.6
2026-10-01 23:00:00,26.3,73,8.4,0.0,North East Delhi,28.7044,77.2722,23,-0.2588190451025215,0.965925826289068,24.6,-0.20549321,26.094506788253785,21.6
2026-10-02 00:00:00,25.8,74,6.3,0.0,North East Delhi,28.7044,77.2722,0,0.0,1.0,24.4,-0.3279601,25.47203989624977,21.4
2026-10-02 01:00:00,25.3,75,6.3,0.0,North East Delhi,28.7044,77.2722,1,0.2588190451025207,0.9659258262890684,24.2,-0.19067925,25.10932074785233,20.9
2026-10-02 02:00:00,24.9,77,8.3,0.0,North East Delhi,28.7044,77.2722,2,0.4999999999999999,0.8660254037844387,24.0,-0.38692546,24.51307454109192,19.2
2026-10-02 03:00:00,24.4,78,8.4,0.0,North East Delhi,28.7044,77.2722,3,0.7071067811865476,0.7071067811865476,23.7,-0.12155932,24.278440678119654,18.8
2026-10-02 04:00:00,23.9,80,8.9,0.0,North East Delhi,28.7044,77.2722,4,0.8660254037844386,0.5000000000000001,23.5,0.43490154,24.334901535511012,18.8
2026-10-02 05:00:00,23.9,80,8.9,0.0,North East Delhi,28.7044,77.2722,5,0.9659258262890684,0.2588190451025207,23.4,0.56601614,24.466016137599944,19.1
2026-10-02 06:00:00,24.3,77,8.0,1.0,North East Delhi,28.7044,77.2722,6,1.0,6.123233995736766e-17,23.3,-0.37264383,23.92735617160797,18.3
2026-10-02 07:00:00,25.1,73,6.7,85.0,North East Delhi,28.7044,77.2722,7,0.9659258262890684,-0.2588190451025206,24.3,-0.36176142,24.738238579034807,20.1
2026-10-02 08:00:00,26.4,66,5.9,256.0,North East Delhi,28.7044,77.2722,8,0.8660254037844387,-0.4999999999999998,26.2,-0.71557426,25.68442573547363,22.0
2026-10-02 09:00:00,28.3,57,6.2,460.0,North East Delhi,28.7044,77.2722,9,0.7071067811865476,-0.7071067811865475,28.4,-1.0808913,27.21910874843597,24.0
2026-10-02 10:00:00,30.6,48,7.2,612.0,North East Delhi,28.7044,77.2722,10,0.4999999999999999,-0.8660254037844387,30.3,-1.2915696,29.30843040943146,26.6
2026-10-02 11:00:00,32.5,41,8.4,716.0,North East Delhi,28.7044,77.2722,11,0.258819045102521,-0.9659258262890682,31.8,-1.7494262,30.750573754310608,28.5
2026-10-02 12:00:00,33.7,37,9.7,778.0,North East Delhi,28.7044,77.2722,12,1.2246467991473532e-16,-1.0,32.8,-2.2421644,31.457835626602176,29.6
2026-10-02 13:00:00,34.5,34,11.4,749.0,North East Delhi,28.7044,77.2722,13,-0.2588190451025208,-0.9659258262890684,33.3,-2.6002023,31.89979767799377,29.9
2026-10-02 14:00:00,34.8,33,12.4,653.0,North East Delhi,28.7044,77.2722,14,-0.4999999999999997,-0.8660254037844388,33.4,-2.693801,32.1061990737915,29.7
2026-10-02 15:00:00,34.3,36,12.2,481.0,North East Delhi,28.7044,77.2722,15,-0.7071067811865471,-0.7071067811865479,33.1,-2.5567796,31.74322037696838,29.0
2026-10-02 16:00:00,33.3,42,11.0,332.0,North East Delhi,28.7044,77.2722,16,-0.8660254037844385,-0.5000000000000004,32.3,-2.2323997,31.067600297927854,28.2
2026-10-02 17:00:00,32.2,47,10.1,162.0,North East Delhi,28.7044,77.2722,17,-0.9659258262890684,-0.2588190451025206,30.8,-1.4724663,30.727533650398257,27.8
2026-10-02 18:00:00,31.1,51,10.0,15.0,North East Delhi,28.7044,77.2722,18,-1.0,-1.8369701987210294e-16,29.2,-1.1253054,29.97469458580017,26.5
2026-10-02 19:00:00,29.9,54,10.1,0.0,North East Delhi,28.7044,77.2722,19,-0.9659258262890684,0.2588190451025203,28.4,-1.3587763,28.541223669052123,24.2
2026-10-02 20:00:00,28.9,57,10.0,0.0,North East Delhi,28.7044,77.2722,20,-0.8660254037844386,0.5000000000000001,27.8,-1.221899,27.678100967407225,22.9
2026-10-02 21:00:00,28.2,59,9.6,0.0,North East Delhi,28.7044,77.2722,21,-0.7071067811865477,0.7071067811865474,27.2,-0.898379,27.301620972156524,22.5
2026-10-02 22:00:00,27.6,60,9.2,0.0,North East Delhi,28.7044,77.2722,22,-0.5000000000000004,0.8660254037844384,26.7,-0.6183329,26.981667077541356,22.0
2026-10-02 23:00:00,27.0,61,8.7,0.0,North East Delhi,28.7044,77.2722,23,-0.2588190451025215,0.965925826289068,26.3,-0.3861379,26.613862097263336,21.6
2026-09-28 00:00:00,22.8,96,3.2,0.0,North West Delhi,28.7061,77.0901,0,0.0,1.0,22.7,-0.17212583,22.627874168753625,22.0
2026-09-28 01:00:00,22.8,96,5.8,0.0,North West Delhi,28.7061,77.0901,1,0.2588190451025207,0.9659258262890684,22.7,0.25233406,23.05233405828476,19.4
2026-09-28 02:00:00,22.7,97,6.5,0.0,North West Delhi,28.7061,77.0901,2,0.4999999999999999,0.8660254037844387,22.8,0.15587929,22.85587928891182,18.6
2026-09-28 03:00:00,22.3,98,5.3,0.0,North West Delhi,28.7061,77.0901,3,0.7071067811865476,0.7071067811865476,22.8,0.14086229,22.44086228609085,19.1
2026-09-28 04:00:00,22.0,98,3.6,0.0,North West Delhi,28.7061,77.0901,4,0.8660254037844386,0.5000000000000001,22.8,-0.14276788,21.85723212361336,20.4
2026-09-28 05:00:00,23.0,93,4.6,0.0,North West Delhi,28.7061,77.0901,5,0.9659258262890684,0.2588190451025207,22.3,0.2656697,23.26566970348358,20.8
2026-09-28 06:00:00,22.8,93,3.5,1.0,North West Delhi,28.7061,77.0901,6,1.0,6.123233995736766e-17,22.2,-0.1190148,22.68098520040512,21.4
2026-09-28 07:00:00,23.4,90,1.2,30.0,North West Delhi,28.7061,77.0901,7,0.9659258262890684,-0.2588190451025206,23.0,-0.20070507,23.19929493367672,25.2
2026-09-28 08:00:00,24.0,86,0.8,122.0,North West Delhi,28.7061,77.0901,8,0.8660254037844387,-0.4999999999999998,24.2,-0.5109081,23.489091873168945,25.9
2026-09-28 09:00:00,24.3,85,3.6,112.0,North West Delhi,28.7061,77.0901,9,0.7071067811865476,-0.7071067811865475,25.6,0.051750537,24.351750537008048,23.3
2026-09-28 10:00:00,24.3,88,2.2,73.0,North West Delhi,28.7061,77.0901,10,0.4999999999999999,-0.8660254037844387,27.4,0.7341863,25.03418629169464,26.3
2026-09-28 11:00:00,24.8,81,2.7,180.0,North West Delhi,28.7061,77.0901,11,0.258819045102521,-0.9659258262890682,28.9,0.61648124,25.416481244564057,25.9
2026-09-28 12:00:00,24.7,82,1.0,169.0,North West Delhi,28.7061,77.0901,12,1.2246467991473532e-16,-1.0,28.7,0.88731873,25.58731873035431,28.1
2026-09-28 13:00:00,26.2,77,4.6,446.0,North West Delhi,28.7061,77.0901,13,-0.2588190451025208,-0.9659258262890684,29.0,-0.29684916,25.90315083861351,24.6
2026-09-28 14:00:00,26.6,69,8.5,480.0,North West Delhi,28.7061,77.0901,14,-0.4999999999999997,-0.8660254037844388,28.8,-0.43931246,26.16068754196167,22.5
2026-09-28 15:00:00,25.6,75,11.1,300.0,North West Delhi,28.7061,77.0901,15,-0.7071067811865471,-0.7071067811865479,28.3,-0.19023995,25.409760048985483,20.3
2026-09-28 16:00:00,24.1,85,16.6,237.0,North West Delhi,28.7061,77.0901,16,-0.8660254037844385,-0.5000000000000004,27.5,0.4953677,24.595367705821992,14.2
2026-09-28 17:00:00,24.1,83,8.1,120.0,North West Delhi,28.7061,77.0901,17,-0.9659258262890684,-0.2588190451025206,26.6,1.1368972,25.23689720630646,21.2
2026-09-28 18:00:00,23.7,84,7.7,16.0,North West Delhi,28.7061,77.0901,18,-1.0,-1.8369701987210294e-16,24.9,0.4167045,24.11670450568199,19.2
2026-09-28 19:00:00,23.4,86,3.8,0.0,North West Delhi,28.7061,77.0901,19,-0.9659258262890684,0.2588190451025203,24.0,0.13476852,23.53476851582527,21.7
2026-09-28 20:00:00,23.1,87,7.1,0.0,North West Delhi,28.7061,77.0901,20,-0.8660254037844386,0.5000000000000001,23.5,0.28552014,23.385520136356355,18.4
2026-09-28 21:00:00,22.9,88,7.3,0.0,North West Delhi,28.7061,77.0901,21,-0.7071067811865477,0.7071067811865474,23.1,0.31237024,23.212370240688323,18.1
2026-09-28 22:00:00,22.9,88,6.1,0.0,North West Delhi,28.7061,77.0901,22,-0.5000000000000004,0.8660254037844384,22.9,0.31237024,23.212370240688323,18.9
2026-09-28 23:00:00,22.8,88,6.6,0.0,North West Delhi,28.7061,77.0901,23,-0.2588190451025215,0.965925826289068,23.5,0.5129698,23.31296979188919,18.7
2026-09-29 00:00:00,22.7,89,6.7,0.0,North West Delhi,28.7061,77.0901,0,0.0,1.0,22.8,0.32853043,23.02853043079376,18.2
2026-09-29 01:00:00,22.6,90,7.3,0.0,North West Delhi,28.7061,77.0901,1,0.2588190451025207,0.9659258262890684,22.8,0.30887735,22.908877348899843,17.7
2026-09-29 02:00:00,22.4,90,6.8,0.0,North West Delhi,28.7061,77.0901,2,0.4999999999999999,0.8660254037844387,22.7,0.15587929,22.555879288911814,17.4
2026-09-29 03:00:00,22.3,90,6.5,0.0,North West Delhi,28.7061,77.0901,3,0.7071067811865476,0.7071067811865476,22.3,0.24903515,22.5490351498127,17.6
2026-09-29 04:00:00,22.1,91,5.8,0.0,North West Delhi,28.7061,77.0901,4,0.8660254037844386,0.5000000000000001,22.0,0.18569332,22.28569332361221,17.8
2026-09-29 05:00:00,22.0,91,6.1,0.0,North West Delhi,28.7061,77.0901,5,0.9659258262890684,0.2588190451025207,23.0,0.3168079,22.31680789589882,17.6
2026-09-29 06:00:00,21.9,91,6.6,2.0,North West Delhi,28.7061,77.0901,6,1.0,6.123233995736766e-17,22.8,0.29637876,22.19637876152992,17.0
2026-09-29 07:00:00,22.8,87,6.0,75.0,North West Delhi,28.7061,77.0901,7,0.9659258262890684,-0.2588190451025206,23.4,0.16395155,22.96395154595375,18.7
2026-09-29 08:00:00,24.5,80,5.7,241.0,North West Delhi,28.7061,77.0901,8,0.8660254037844387,-0.4999999999999998,24.0,0.075577974,24.575577974319454,21.4
2026-09-29 09:00:00,26.5,71,7.1,430.0,North West Delhi,28.7061,77.0901,9,0.7071067811865476,-0.7071067811865475,24.3,-0.6633009,25.83669912815094,22.4
2026-09-29 10:00:00,28.0,66,8.8,594.0,North West Delhi,28.7061,77.0901,10,0.4999999999999999,-0.8660254037844387,24.3,-1.2647743,26.735225677490234,23.5
2026-09-29 11:00:00,29.2,61,9.0,705.0,North West Delhi,28.7061,77.0901,11,0.258819045102521,-0.9659258262890682,24.8,-2.038356,27.16164393424988,24.1
2026-09-29 12:00:00,30.1,57,8.9,756.0,North West Delhi,28.7061,77.0901,12,1.2246467991473532e-16,-1.0,24.7,-1.8724561,28.22754392623901,25.7
2026-09-29 13:00:00,30.6,54,9.7,742.0,North West Delhi,28.7061,77.0901,13,-0.2588190451025208,-0.9659258262890684,26.2,-1.7303278,28.86967215538025,26.4
2026-09-29 14:00:00,30.7,52,10.2,642.0,North West Delhi,28.7061,77.0901,14,-0.4999999999999997,-0.8660254037844388,26.6,-1.7569166,28.943083357810973,26.1
2026-09-29 15:00:00,30.6,52,10.1,511.0,North West Delhi,28.7061,77.0901,15,-0.7071067811865471,-0.7071067811865479,25.6,-1.2368361,29.363163924217226,26.6
2026-09-29 16:00:00,30.1,55,9.3,333.0,North West Delhi,28.7061,77.0901,16,-0.8660254037844385,-0.5000000000000004,24.1,-1.3783303,28.72166965007782,25.4
2026-09-29 17:00:00,29.0,62,7.4,146.0,North West Delhi,28.7061,77.0901,17,-0.9659258262890684,-0.2588190451025206,24.1,-0.82675874,28.17324125766754,24.8
2026-09-29 18:00:00,27.4,69,6.4,18.0,North West Delhi,28.7061,77.0901,18,-1.0,-1.8369701987210294e-16,23.7,-0.09824918,27.30175081789493,23.9
2026-09-29 19:00:00,26.5,72,6.1,0.0,North West Delhi,28.7061,77.0901,19,-0.9659258262890684,0.2588190451025203,23.4,-0.36025667,26.13974332809448,22.4
2026-09-29 20:00:00,25.8,74,6.5,0.0,North West Delhi,28.7061,77.0901,20,-0.8660254037844386,0.5000000000000001,23.1,-0.24437001,25.555629986524583,21.4
2026-09-29 21:00:00,25.4,75,6.9,0.0,North West Delhi,28.7061,77.0901,21,-0.7071067811865477,0.7071067811865474,22.9,-0.39985394,25.00014605522156,20.4
2026-09-29 22:00:00,24.9,75,6.8,0.0,North West Delhi,28.7061,77.0901,22,-0.5000000000000004,0.8660254037844384,22.9,-0.29158366,24.60841634273529,19.8
2026-09-29 23:00:00,24.5,76,7.0,0.0,North West Delhi,28.7061,77.0901,23,-0.2588190451025215,0.965925826289068,22.8,-0.09098402,24.409015983343124,19.4
2026-09-30 00:00:00,24.1,77,6.6,0.0,North West Delhi,28.7061,77.0901,0,0.0,1.0,22.7,-0.32034552,23.7796544790268,18.7
2026-09-30 01:00:00,23.6,79,7.0,0.0,North West Delhi,28.7061,77.0901,1,0.2588190451025207,0.9659258262890684,22.6,-0.12308784,23.47691216170788,18.1
2026-09-30 02:00:00,23.2,80,6.6,0.0,North West Delhi,28.7061,77.0901,2,0.4999999999999999,0.8660254037844387,22.4,-0.135886,23.06411400139332,17.7
2026-09-30 03:00:00,22.8,82,6.3,0.0,North West Delhi,28.7061,77.0901,3,0.7071067811865476,0.7071067811865476,22.3,-0.042730313,22.757269687205557,17.6
2026-09-30 04:00:00,22.4,83,6.1,0.0,North West Delhi,28.7061,77.0901,4,0.8660254037844386,0.5000000000000001,22.1,-0.10607208,22.29392791688442,17.1
2026-09-30 05:00:00,22.1,84,6.4,0.0,North West Delhi,28.7061,77.0901,5,0.9659258262890684,0.2588190451025207,22.0,0.013089277,22.113089276850225,16.6
2026-09-30 06:00:00,22.0,85,6.6,1.0,North West Delhi,28.7061,77.0901,6,1.0,6.123233995736766e-17,21.9,-0.003171524,21.99682847596705,16.3
2026-09-30 07:00:00,23.2,82,6.5,81.0,North West Delhi,28.7061,77.0901,7,0.9659258262890684,-0.2588190451025206,22.8,0.095202565,23.295202565193176,18.5
2026-09-30 08:00:00,25.3,74,5.4,257.0,North West Delhi,28.7061,77.0901,8,0.8660254037844387,-0.4999999999999998,24.5,-0.61367613,24.686323869228364,21.4
2026-09-30 09:00:00,27.6,65,6.3,450.0,North West Delhi,28.7061,77.0901,9,0.7071067811865476,-0.7071067811865475,26.5,-0.9624718,26.63752821683884,23.6
2026-09-30 10:00:00,29.3,57,8.9,616.0,North West Delhi,28.7061,77.0901,10,0.4999999999999999,-0.8660254037844387,28.0,-1.5846385,27.71536152362824,24.5
2026-09-30 11:00:00,30.6,50,10.2,729.0,North West Delhi,28.7061,77.0901,11,0.258819045102521,-0.9659258262890682,29.2,-1.7016307,28.89836928844452,26.1
2026-09-30 12:00:00,31.4,46,11.2,777.0,North West Delhi,28.7061,77.0901,12,1.2246467991473532e-16,-1.0,30.1,-1.6631339,29.7368661403656,27.1
2026-09-30 13:00:00,31.8,44,11.9,757.0,North West Delhi,28.7061,77.0901,13,-0.2588190451025208,-0.9659258262890684,30.6,-1.9368513,29.863148736953736,26.8
2026-09-30 14:00:00,31.9,44,11.9,670.0,North West Delhi,28.7061,77.0901,14,-0.4999999999999997,-0.8660254037844388,30.7,-1.813002,30.0869980096817,27.1
2026-09-30 15:00:00,31.5,45,12.2,525.0,North West Delhi,28.7061,77.0901,15,-0.7071067811865471,-0.7071067811865479,30.6,-1.5355673,29.96443271636963,26.5
2026-09-30 16:00:00,30.8,49,10.9,340.0,North West Delhi,28.7061,77.0901,16,-0.8660254037844385,-0.5000000000000004,30.1,-1.1800923,29.619907665252686,26.3
2026-09-30 17:00:00,29.4,58,7.3,147.0,North West Delhi,28.7061,77.0901,17,-0.9659258262890684,-0.2588190451025206,29.0,-0.94541883,28.45458116531372,25.0
2026-09-30 18:00:00,27.3,67,5.9,17.0,North West Delhi,28.7061,77.0901,18,-1.0,-1.8369701987210294e-16,27.4,0.07950725,27.379507246613503,24.1
2026-09-30 19:00:00,26.4,70,5.7,0.0,North West Delhi,28.7061,77.0901,19,-0.9659258262890684,0.2588190451025203,26.5,-0.26995826,26.130041742324828,22.5
2026-09-30 20:00:00,25.6,73,5.8,0.0,North West Delhi,28.7061,77.0901,20,-0.8660254037844386,0.5000000000000001,25.8,-0.21075697,25.389243027567865,21.5
2026-09-30 21:00:00,25.0,75,6.0,0.0,North West Delhi,28.7061,77.0901,21,-0.7071067811865477,0.7071067811865474,25.4,-0.29158366,24.70841634273529,20.4
2026-09-30 22:00:00,24.6,75,5.9,0.0,North West Delhi,28.7061,77.0901,22,-0.5000000000000004,0.8660254037844384,24.9,-0.29158366,24.30841634273529,19.9
2026-09-30 23:00:00,24.3,75,5.6,0.0,North West Delhi,28.7061,77.0901,23,-0.2588190451025215,0.965925826289068,24.5,-0.09098402,24.209015983343125,20.0
2026-10-01 00:00:00,23.8,76,4.9,0.0,North West Delhi,28.7061,77.0901,0,0.0,1.0,24.1,-0.576552,23.223448026180268,19.2
2026-10-01 01:00:00,23.5,77,4.9,0.0,North West Delhi,28.7061,77.0901,1,0.2588190451025207,0.9659258262890684,23.6,-0.6685185,22.83148151636124,18.7
2026-10-01 02:00:00,23.1,80,5.4,0.0,North West Delhi,28.7061,77.0901,2,0.4999999999999999,0.8660254037844387,23.2,-0.19366227,22.90633772909641,18.5
2026-10-01 03:00:00,22.8,82,7.1,0.0,North West Delhi,28.7061,77.0901,3,0.7071067811865476,0.7071067811865476,22.8,-0.042730313,22.757269687205557,17.0
2026-10-01 04:00:00,22.7,84,6.4,0.0,North West Delhi,28.7061,77.0901,4,0.8660254037844386,0.5000000000000001,22.4,-0.11802532,22.581974682211875,17.3
2026-10-01 05:00:00,22.5,88,5.6,0.0,North West Delhi,28.7061,77.0901,5,0.9659258262890684,0.2588190451025207,22.1,0.3168079,22.81680789589882,18.6
2026-10-01 06:00:00,22.4,88,5.6,1.0,North West Delhi,28.7061,77.0901,6,1.0,6.123233995736766e-17,22.0,0.3005471,22.700547093153,18.5
2026-10-01 07:00:00,23.9,83,6.4,80.0,North West Delhi,28.7061,77.0901,7,0.9659258262890684,-0.2588190451025206,23.2,0.095202565,23.99520256519317,19.8
2026-10-01 08:00:00,26.0,74,4.9,254.0,North West Delhi,28.7061,77.0901,8,0.8660254037844387,-0.4999999999999998,25.3,-0.7858486,25.21415138244629,22.6
2026-10-01 09:00:00,28.4,63,6.4,445.0,North West Delhi,28.7061,77.0901,9,0.7071067811865476,-0.7071067811865475,27.6,-1.0572543,27.34274568557739,24.5
2026-10-01 10:00:00,30.5,53,7.8,609.0,North West Delhi,28.7061,77.0901,10,0.4999999999999999,-0.8660254037844387,29.3,-1.4781591,29.021840929985046,26.4
2026-10-01 11:00:00,32.1,46,8.7,725.0,North West Delhi,28.7061,77.0901,11,0.258819045102521,-0.9659258262890682,30.6,-1.8392227,30.26077733039856,28.1
2026-10-01 12:00:00,32.9,43,10.0,776.0,North West Delhi,28.7061,77.0901,12,1.2246467991473532e-16,-1.0,31.4,-2.0894034,30.8105966091156,28.9
2026-10-01 13:00:00,33.3,42,11.0,755.0,North West Delhi,28.7061,77.0901,13,-0.2588190451025208,-0.9659258262890684,31.8,-2.4017165,30.898283529281613,28.8
2026-10-01 14:00:00,33.4,42,11.5,667.0,North West Delhi,28.7061,77.0901,14,-0.4999999999999997,-0.8660254037844388,31.9,-2.459202,30.94079794883728,28.6
2026-10-01 15:00:00,33.1,44,11.8,523.0,North West Delhi,28.7061,77.0901,15,-0.7071067811865471,-0.7071067811865479,31.5,-2.0139463,31.086053705215456,28.6
2026-10-01 16:00:00,32.2,49,10.9,336.0,North West Delhi,28.7061,77.0901,16,-0.8660254037844385,-0.5000000000000004,30.8,-1.7555125,30.4444875240326,27.7
2026-10-01 17:00:00,30.6,58,6.8,144.0,North West Delhi,28.7061,77.0901,17,-0.9659258262890684,-0.2588190451025206,29.4,-1.3991321,29.20086786746979,26.2
2026-10-01 18:00:00,28.5,66,5.7,16.0,North West Delhi,28.7061,77.0901,18,-1.0,-1.8369701987210294e-16,27.3,-0.5805263,27.91947370767593,25.0
2026-10-01 19:00:00,27.5,70,5.8,0.0,North West Delhi,28.7061,77.0901,19,-0.9659258262890684,0.2588190451025203,26.4,-0.43975282,27.06024718284607,23.9
2026-10-01 20:00:00,26.7,73,5.8,0.0,North West Delhi,28.7061,77.0901,20,-0.8660254037844386,0.5000000000000001,25.6,-0.626304,26.073696029186248,22.6
2026-10-01 21:00:00,26.2,74,6.7,0.0,North West Delhi,28.7061,77.0901,21,-0.7071067811865477,0.7071067811865474,25.0,-0.52546793,25.67453206777573,21.5
2026-10-01 22:00:00,25.7,76,6.8,0.0,North West Delhi,28.7061,77.0901,22,-0.5000000000000004,0.8660254037844384,24.6,-0.35818994,25.341810059547424,21.1
2026-10-01 23:00:00,25.3,76,5.9,0.0,North West Delhi,28.7061,77.0901,23,-0.2588190451025215,0.965925826289068,24.3,-0.14905973,25.15094027221203,21.3
2026-10-02 00:00:00,24.7,78,4.5,0.0,North West Delhi,28.7061,77.0901,0,0.0,1.0,23.8,-0.4346695,24.265330505371093,21.3
2026-10-02 01:00:00,24.2,80,5.8,0.0,North West Delhi,28.7061,77.0901,1,0.2588190451025207,0.9659258262890684,23.5,-0.012741117,24.18725888319313,20.1
2026-10-02 02:00:00,23.7,82,5.5,0.0,North West Delhi,28.7061,77.0901,2,0.4999999999999999,0.8660254037844387,23.1,-0.135886,23.56411400139332,19.5
2026-10-02 03:00:00,23.2,83,6.7,0.0,North West Delhi,28.7061,77.0901,3,0.7071067811865476,0.7071067811865476,22.8,-0.042730313,23.157269687205552,18.0
2026-10-02 04:00:00,22.8,84,6.7,0.0,North West Delhi,28.7061,77.0901,4,0.8660254037844386,0.5000000000000001,22.7,-0.11802532,22.68197468221188,17.3
2026-10-02 05:00:00,22.9,83,6.3,0.0,North West Delhi,28.7061,77.0901,5,0.9659258262890684,0.2588190451025207,22.5,0.025042515,22.92504251524806,17.9
2026-10-02 06:00:00,23.6,79,6.0,0.0,North West Delhi,28.7061,77.0901,6,1.0,6.123233995736766e-17,22.4,-0.25559503,23.34440497159958,18.5
2026-10-02 07:00:00,24.7,72,5.6,83.0,North West Delhi,28.7061,77.0901,7,0.9659258262890684,-0.2588190451025206,23.9,-0.5730957,24.126904320716857,19.8
2026-10-02 08:00:00,26.1,65,5.5,255.0,North West Delhi,28.7061,77.0901,8,0.8660254037844387,-0.4999999999999998,26.0,-0.9408254,25.159174597263338,21.4
2026-10-02 09:00:00,28.1,57,6.2,460.0,North West Delhi,28.7061,77.0901,9,0.7071067811865476,-0.7071067811865475,28.4,-1.1394099,26.960590100288396,23.6
2026-10-02 10:00:00,30.4,50,7.4,613.0,North West Delhi,28.7061,77.0901,10,0.4999999999999999,-0.8660254037844387,30.5,-1.4237653,28.976234698295592,26.2
2026-10-02 11:00:00,32.3,44,8.7,718.0,North West Delhi,28.7061,77.0901,11,0.258819045102521,-0.9659258262890682,32.1,-1.8027653,30.497234749794004,28.4
2026-10-02 12:00:00,33.5,40,10.1,780.0,North West Delhi,28.7061,77.0901,12,1.2246467991473532e-16,-1.0,32.9,-2.2554018,31.244598150253296,29.4
2026-10-02 13:00:00,34.2,37,12.1,752.0,North West Delhi,28.7061,77.0901,13,-0.2588190451025208,-0.9659258262890684,33.3,-2.7639153,31.43608469963074,29.1
2026-10-02 14:00:00,34.4,36,12.8,658.0,North West Delhi,28.7061,77.0901,14,-0.4999999999999997,-0.8660254037844388,33.4,-2.7490652,31.650934839248656,28.9
2026-10-02 15:00:00,33.7,39,11.5,492.0,North West Delhi,28.7061,77.0901,15,-0.7071067811865471,-0.7071067811865479,33.1,-2.0589697,31.64103026390076,29.2
2026-10-02 16:00:00,32.5,46,9.0,337.0,North West Delhi,28.7061,77.0901,16,-0.8660254037844385,-0.5000000000000004,32.2,-1.6955088,30.80449116230011,28.2
2026-10-02 17:00:00,31.2,52,7.3,162.0,North West Delhi,28.7061,77.0901,17,-0.9659258262890684,-0.2588190451025206,30.6,-1.3440384,29.855961632728576,26.8
2026-10-02 18:00:00,29.9,56,6.9,15.0,North West Delhi,28.7061,77.0901,18,-1.0,-1.8369701987210294e-16,28.5,-1.0603437,28.839656257629397,25.2
2026-10-02 19:00:00,28.6,59,7.2,0.0,North West Delhi,28.7061,77.0901,19,-0.9659258262890684,0.2588190451025203,27.5,-1.048381,27.551619029045103,23.3
2026-10-02 20:00:00,27.5,62,7.3,0.0,North West Delhi,28.7061,77.0901,20,-0.8660254037844386,0.5000000000000001,26.7,-0.56406784,26.935932159423828,22.5
2026-10-02 21:00:00,26.7,63,7.2,0.0,North West Delhi,28.7061,77.0901,21,-0.7071067811865477,0.7071067811865474,26.2,-0.80008024,25.899919760227203,20.9
2026-10-02 22:00:00,26.2,65,7.1,0.0,North West Delhi,28.7061,77.0901,22,-0.5000000000000004,0.8660254037844384,25.7,-0.64322037,25.556779634952544,20.5
2026-10-02 23:00:00,25.6,66,6.6,0.0,North West Delhi,28.7061,77.0901,23,-0.2588190451025215,0.965925826289068,25.3,-0.3170068,25.282993203401567,20.4
2026-09-28 00:00:00,23.4,96,3.6,0.0,Shahdara,28.6698,77.2922,0,0.0,1.0,22.5,0.45318142,23.85318141579628,23.2
2026-09-28 01:00:00,23.0,97,5.1,0.0,Shahdara,28.6698,77.2922,1,0.2588190451025207,0.9659258262890684,22.7,0.4830148,23.483014792203903,20.9
2026-09-28 02:00:00,22.6,98,5.2,0.0,Shahdara,28.6698,77.2922,2,0.4999999999999999,0.8660254037844387,22.9,0.3813121,22.981312102079396,20.0
2026-09-28 03:00:00,22.3,98,4.0,0.0,Shahdara,28.6698,77.2922,3,0.7071067811865476,0.7071067811865476,23.1,0.4359935,22.735993492603303,21.1
2026-09-28 04:00:00,22.1,98,3.5,0.0,Shahdara,28.6698,77.2922,4,0.8660254037844386,0.5000000000000001,23.2,0.20433928,22.304339280724527,21.2
2026-09-28 05:00:00,22.6,95,3.7,0.0,Shahdara,28.6698,77.2922,5,0.9659258262890684,0.2588190451025207,22.7,0.5295222,23.12952218055725,21.9
2026-09-28 06:00:00,22.8,93,2.8,1.0,Shahdara,28.6698,77.2922,6,1.0,6.123233995736766e-17,22.7,0.2792181,23.07921810746193,23.0
2026-09-28 07:00:00,23.1,92,2.6,21.0,Shahdara,28.6698,77.2922,7,0.9659258262890684,-0.2588190451025206,23.1,0.19092317,23.290923169255255,23.6
2026-09-28 08:00:00,23.7,90,2.7,63.0,Shahdara,28.6698,77.2922,8,0.8660254037844387,-0.4999999999999998,24.1,0.2628687,23.96286870241165,24.3
2026-09-28 09:00:00,24.6,85,1.5,110.0,Shahdara,28.6698,77.2922,9,0.7071067811865476,-0.7071067811865475,25.6,0.16452931,24.76452930867672,26.7
2026-09-28 10:00:00,25.0,82,1.1,143.0,Shahdara,28.6698,77.2922,10,0.4999999999999999,-0.8660254037844387,27.0,0.32252508,25.322525084018707,27.7
2026-09-28 11:00:00,25.3,75,1.8,201.0,Shahdara,28.6698,77.2922,11,0.258819045102521,-0.9659258262890682,28.0,0.32211298,25.62211297750473,26.9
2026-09-28 12:00:00,26.1,70,2.2,310.0,Shahdara,28.6698,77.2922,12,1.2246467991473532e-16,-1.0,28.3,-0.29101694,25.808983063697816,26.5
2026-09-28 13:00:00,27.0,67,3.4,433.0,Shahdara,28.6698,77.2922,13,-0.2588190451025208,-0.9659258262890684,28.5,-0.2197758,26.780224204063416,26.4
2026-09-28 14:00:00,28.1,62,4.0,528.0,Shahdara,28.6698,77.2922,14,-0.4999999999999997,-0.8660254037844388,28.4,-1.1997453,26.900254702568056,25.7
2026-09-28 15:00:00,25.9,75,10.2,358.0,Shahdara,28.6698,77.2922,15,-0.7071067811865471,-0.7071067811865479,27.9,0.023025155,25.92302515506744,21.8
2026-09-28 16:00:00,24.8,82,10.9,205.0,Shahdara,28.6698,77.2922,16,-0.8660254037844385,-0.5000000000000004,27.5,1.3463736,26.146373558044434,22.1
2026-09-28 17:00:00,23.9,87,7.3,98.0,Shahdara,28.6698,77.2922,17,-0.9659258262890684,-0.2588190451025206,26.0,1.774737,25.67473700046539,22.5
2026-09-28 18:00:00,23.6,89,4.2,15.0,Shahdara,28.6698,77.2922,18,-1.0,-1.8369701987210294e-16,24.5,1.1517894,24.75178942680359,23.2
2026-09-28 19:00:00,23.3,90,4.5,0.0,Shahdara,28.6698,77.2922,19,-0.9659258262890684,0.2588190451025203,24.0,0.86798966,24.167989659309388,22.1
2026-09-28 20:00:00,23.2,90,6.4,0.0,Shahdara,28.6698,77.2922,20,-0.8660254037844386,0.5000000000000001,23.6,0.8420076,24.04200757741928,20.2
2026-09-28 21:00:00,23.2,90,7.1,0.0,Shahdara,28.6698,77.2922,21,-0.7071067811865477,0.7071067811865474,23.2,0.72027224,23.92027224302292,19.5
2026-09-28 22:00:00,23.1,90,7.7,0.0,Shahdara,28.6698,77.2922,22,-0.5000000000000004,0.8660254037844384,22.9,0.71819586,23.818195855617525,19.1
2026-09-28 23:00:00,22.9,90,6.2,0.0,Shahdara,28.6698,77.2922,23,-0.2588190451025215,0.965925826289068,24.1,0.94317293,23.84317293167114,20.0
2026-09-29 00:00:00,22.8,90,6.0,0.0,Shahdara,28.6698,77.2922,0,0.0,1.0,23.4,0.7026999,23.502699899673463,19.6
2026-09-29 01:00:00,22.8,89,6.2,0.0,Shahdara,28.6698,77.2922,1,0.2588190451025207,0.9659258262890684,23.0,0.617717,23.417717027664185,19.2
2026-09-29 02:00:00,22.8,89,6.7,0.0,Shahdara,28.6698,77.2922,2,0.4999999999999999,0.8660254037844387,22.6,0.48293555,23.282935547828675,18.6
2026-09-29 03:00:00,22.6,89,6.7,0.0,Shahdara,28.6698,77.2922,3,0.7071067811865476,0.7071067811865476,22.3,0.5559472,23.155947184562685,18.4
2026-09-29 04:00:00,22.4,90,6.1,0.0,Shahdara,28.6698,77.2922,4,0.8660254037844386,0.5000000000000001,22.1,0.48341656,22.88341655731201,18.5
2026-09-29 05:00:00,22.3,90,6.2,0.0,Shahdara,28.6698,77.2922,5,0.9659258262890684,0.2588190451025207,22.6,0.6145313,22.91453127861023,18.4
2026-09-29 06:00:00,22.3,89,6.7,2.0,Shahdara,28.6698,77.2922,6,1.0,6.123233995736766e-17,22.8,0.5941022,22.89410220384598,18.0
2026-09-29 07:00:00,23.1,86,7.2,74.0,Shahdara,28.6698,77.2922,7,0.9659258262890684,-0.2588190451025206,23.1,0.41776082,23.517760819196702,18.7
2026-09-29 08:00:00,24.4,81,6.5,233.0,Shahdara,28.6698,77.2922,8,0.8660254037844387,-0.4999999999999998,23.7,0.3648294,24.764829391241072,21.2
2026-09-29 09:00:00,26.0,74,6.4,420.0,Shahdara,28.6698,77.2922,9,0.7071067811865476,-0.7071067811865475,24.6,-0.4410709,25.558929085731503,22.5
2026-09-29 10:00:00,27.6,66,8.2,592.0,Shahdara,28.6698,77.2922,10,0.4999999999999999,-0.8660254037844387,25.0,-1.0576024,26.542397594451906,23.3
2026-09-29 11:00:00,28.9,61,8.4,706.0,Shahdara,28.6698,77.2922,11,0.258819045102521,-0.9659258262890682,25.3,-1.5126781,27.38732185363769,24.5
2026-09-29 12:00:00,29.9,59,8.2,756.0,Shahdara,28.6698,77.2922,12,1.2246467991473532e-16,-1.0,26.1,-1.8083004,28.091699624061583,25.7
2026-09-29 13:00:00,30.5,56,8.2,736.0,Shahdara,28.6698,77.2922,13,-0.2588190451025208,-0.9659258262890684,27.0,-1.7774497,28.72255027294159,26.4
2026-09-29 14:00:00,30.7,53,8.7,644.0,Shahdara,28.6698,77.2922,14,-0.4999999999999997,-0.8660254037844388,28.1,-1.4002473,29.29975266456604,26.9
2026-09-29 15:00:00,30.6,52,9.2,506.0,Shahdara,28.6698,77.2922,15,-0.7071067811865471,-0.7071067811865479,25.9,-0.9816901,29.61830989122391,27.1
2026-09-29 16:00:00,30.1,54,8.8,327.0,Shahdara,28.6698,77.2922,16,-0.8660254037844385,-0.5000000000000004,24.8,-1.0610502,29.03894982337952,25.9
2026-09-29 17:00:00,29.1,60,7.1,142.0,Shahdara,28.6698,77.2922,17,-0.9659258262890684,-0.2588190451025206,23.9,-0.5290838,28.570916211605077,25.3
2026-09-29 18:00:00,27.8,68,5.1,16.0,Shahdara,28.6698,77.2922,18,-1.0,-1.8369701987210294e-16,23.6,0.1228458,27.92284579873085,25.5
2026-09-29 19:00:00,27.1,72,5.0,0.0,Shahdara,28.6698,77.2922,19,-0.9659258262890684,0.2588190451025203,23.3,-0.15641786,26.943582138419156,24.4
2026-09-29 20:00:00,26.6,74,5.1,0.0,Shahdara,28.6698,77.2922,20,-0.8660254037844386,0.5000000000000001,23.2,-0.25466517,26.3453348338604,23.5
2026-09-29 21:00:00,26.1,74,5.4,0.0,Shahdara,28.6698,77.2922,21,-0.7071067811865477,0.7071067811865474,23.2,-0.1753424,25.92465760409832,22.7
2026-09-29 22:00:00,25.8,74,6.1,0.0,Shahdara,28.6698,77.2922,22,-0.5000000000000004,0.8660254037844384,23.1,-0.015361574,25.78463842645288,22.0
2026-09-29 23:00:00,25.4,74,6.2,0.0,Shahdara,28.6698,77.2922,23,-0.2588190451025215,0.965925826289068,22.9,0.31282413,25.712824130058287,21.8
2026-09-30 00:00:00,24.9,74,6.2,0.0,Shahdara,28.6698,77.2922,0,0.0,1.0,22.8,0.10795003,25.007950031757357,20.7
2026-09-30 01:00:00,24.5,75,6.0,0.0,Shahdara,28.6698,77.2922,1,0.2588190451025207,0.9659258262890684,22.8,-0.049346123,24.45065387710929,20.0
2026-09-30 02:00:00,24.2,76,5.8,0.0,Shahdara,28.6698,77.2922,2,0.4999999999999999,0.8660254037844387,22.8,-0.3083046,23.891695392131805,19.4
2026-09-30 03:00:00,23.7,78,5.8,0.0,Shahdara,28.6698,77.2922,3,0.7071067811865476,0.7071067811865476,22.6,-0.0228381,23.677161899209025,19.2
2026-09-30 04:00:00,23.4,79,6.1,0.0,Shahdara,28.6698,77.2922,4,0.8660254037844386,0.5000000000000001,22.4,-0.023055611,23.37694438882172,18.5
2026-09-30 05:00:00,23.1,80,6.2,0.0,Shahdara,28.6698,77.2922,5,0.9659258262890684,0.2588190451025207,22.3,0.3724358,23.472435808181764,18.7
2026-09-30 06:00:00,22.8,81,6.0,2.0,Shahdara,28.6698,77.2922,6,1.0,6.123233995736766e-17,22.3,0.35200667,23.152006673812867,18.4
2026-09-30 07:00:00,23.7,79,6.2,83.0,Shahdara,28.6698,77.2922,7,0.9659258262890684,-0.2588190451025206,23.1,0.1653372,23.86533720493317,19.4
2026-09-30 08:00:00,25.3,74,4.9,260.0,Shahdara,28.6698,77.2922,8,0.8660254037844387,-0.4999999999999998,24.4,-0.28987196,25.01012803912163,22.4
2026-09-30 09:00:00,27.4,66,6.0,453.0,Shahdara,28.6698,77.2922,9,0.7071067811865476,-0.7071067811865475,26.0,-0.7783984,26.621601605415343,23.8
2026-09-30 10:00:00,29.1,57,7.8,617.0,Shahdara,28.6698,77.2922,10,0.4999999999999999,-0.8660254037844387,27.6,-1.4109983,27.68900165557861,24.6
2026-09-30 11:00:00,30.4,50,8.9,730.0,Shahdara,28.6698,77.2922,11,0.258819045102521,-0.9659258262890682,28.9,-1.4327013,28.967298650741576,26.3
2026-09-30 12:00:00,31.4,45,9.7,777.0,Shahdara,28.6698,77.2922,12,1.2246467991473532e-16,-1.0,29.9,-1.1486266,30.25137343406677,28.1
2026-09-30 13:00:00,32.1,42,10.3,755.0,Shahdara,28.6698,77.2922,13,-0.2588190451025208,-0.9659258262890684,30.5,-1.5571586,30.542841410636903,28.3
2026-09-30 14:00:00,32.2,40,10.6,668.0,Shahdara,28.6698,77.2922,14,-0.4999999999999997,-0.8660254037844388,30.7,-1.4988791,30.70112092494965,28.2
2026-09-30 15:00:00,32.0,41,10.9,522.0,Shahdara,28.6698,77.2922,15,-0.7071067811865471,-0.7071067811865479,30.6,-1.4241635,30.575836539268494,27.7
2026-09-30 16:00:00,31.4,43,10.7,336.0,Shahdara,28.6698,77.2922,16,-0.8660254037844385,-0.5000000000000004,30.1,-1.1584313,30.2415687084198,26.9
2026-09-30 17:00:00,30.1,50,8.3,144.0,Shahdara,28.6698,77.2922,17,-0.9659258262890684,-0.2588190451025206,29.1,-0.9412132,29.15878680944443,25.4
2026-09-30 18:00:00,28.6,59,5.6,16.0,Shahdara,28.6698,77.2922,18,-1.0,-1.8369701987210294e-16,27.8,-0.5522204,28.0477795958519,24.7
2026-09-30 19:00:00,27.8,63,5.4,0.0,Shahdara,28.6698,77.2922,19,-0.9659258262890684,0.2588190451025203,27.1,-0.21492264,27.58507736325264,24.3
2026-09-30 20:00:00,27.1,65,5.6,0.0,Shahdara,28.6698,77.2922,20,-0.8660254037844386,0.5000000000000001,26.6,-0.24367042,26.856329581141477,23.3
2026-09-30 21:00:00,26.4,68,6.6,0.0,Shahdara,28.6698,77.2922,21,-0.7071067811865477,0.7071067811865474,26.1,-0.29251227,26.10748773217201,21.8
2026-09-30 22:00:00,25.9,69,6.1,0.0,Shahdara,28.6698,77.2922,22,-0.5000000000000004,0.8660254037844384,25.8,-0.1176697,25.78233029842377,21.6
2026-09-30 23:00:00,25.3,71,5.0,0.0,Shahdara,28.6698,77.2922,23,-0.2588190451025215,0.965925826289068,25.4,0.11915238,25.419152382016183,22.0
2026-10-01 00:00:00,25.2,70,4.8,0.0,Shahdara,28.6698,77.2922,0,0.0,1.0,24.9,-0.19908927,25.000910726189613,21.5
2026-10-01 01:00:00,24.8,72,4.8,0.0,Shahdara,28.6698,77.2922,1,0.2588190451025207,0.9659258262890684,24.5,-0.2983099,24.501690107584,20.9
2026-10-01 02:00:00,24.5,73,5.2,0.0,Shahdara,28.6698,77.2922,2,0.4999999999999999,0.8660254037844387,24.2,-0.52418953,23.97581046819687,19.8
2026-10-01 03:00:00,24.1,75,7.2,0.0,Shahdara,28.6698,77.2922,3,0.7071067811865476,0.7071067811865476,23.7,-0.31737646,23.78262353539467,18.2
2026-10-01 04:00:00,23.9,76,7.3,0.0,Shahdara,28.6698,77.2922,4,0.8660254037844386,0.5000000000000001,23.4,-0.38990706,23.51009293794632,17.8
2026-10-01 05:00:00,23.6,82,6.7,0.0,Shahdara,28.6698,77.2922,5,0.9659258262890684,0.2588190451025207,23.1,0.3724358,23.972435808181764,19.3
2026-10-01 06:00:00,23.5,82,6.3,2.0,Shahdara,28.6698,77.2922,6,1.0,6.123233995736766e-17,22.8,0.35200667,23.852006673812863,19.3
2026-10-01 07:00:00,24.6,79,6.7,81.0,Shahdara,28.6698,77.2922,7,0.9659258262890684,-0.2588190451025206,23.7,0.13758802,24.73758802413941,20.5
2026-10-01 08:00:00,26.4,72,4.4,255.0,Shahdara,28.6698,77.2922,8,0.8660254037844387,-0.4999999999999998,25.3,-0.72641283,25.67358716726303,23.7
2026-10-01 09:00:00,28.7,60,5.2,447.0,Shahdara,28.6698,77.2922,9,0.7071067811865476,-0.7071067811865475,27.4,-0.97471154,27.72528846263885,25.5
2026-10-01 10:00:00,30.8,52,6.9,610.0,Shahdara,28.6698,77.2922,10,0.4999999999999999,-0.8660254037844387,29.1,-1.1502625,29.649737524986268,27.5
2026-10-01 11:00:00,32.4,44,7.8,723.0,Shahdara,28.6698,77.2922,11,0.258819045102521,-0.9659258262890682,30.4,-1.5542095,30.845790529251097,28.9
2026-10-01 12:00:00,33.7,38,9.2,773.0,Shahdara,28.6698,77.2922,12,1.2246467991473532e-16,-1.0,31.4,-2.2298684,31.47013158798218,29.7
2026-10-01 13:00:00,34.3,36,10.5,753.0,Shahdara,28.6698,77.2922,13,-0.2588190451025208,-0.9659258262890684,32.1,-2.6285183,31.671481657028195,29.8
2026-10-01 14:00:00,34.5,35,11.0,665.0,Shahdara,28.6698,77.2922,14,-0.4999999999999997,-0.8660254037844388,32.2,-2.6383293,31.86167073249817,29.8
2026-10-01 15:00:00,34.2,36,11.4,518.0,Shahdara,28.6698,77.2922,15,-0.7071067811865471,-0.7071067811865479,32.0,-2.6028392,31.597160768508918,29.0
2026-10-01 16:00:00,33.5,40,11.0,332.0,Shahdara,28.6698,77.2922,16,-0.8660254037844385,-0.5000000000000004,31.4,-2.1151025,31.384897470474243,28.7
2026-10-01 17:00:00,32.1,47,9.2,142.0,Shahdara,28.6698,77.2922,17,-0.9659258262890684,-0.2588190451025206,30.1,-1.3202761,30.779723858833314,27.9
2026-10-01 18:00:00,30.6,55,6.3,15.0,Shahdara,28.6698,77.2922,18,-1.0,-1.8369701987210294e-16,28.6,-1.1820431,29.41795692443848,26.2
2026-10-01 19:00:00,29.7,59,5.6,0.0,Shahdara,28.6698,77.2922,19,-0.9659258262890684,0.2588190451025203,27.8,-1.4196621,28.28033788204193,25.0
2026-10-01 20:00:00,29.0,62,5.6,0.0,Shahdara,28.6698,77.2922,20,-0.8660254037844386,0.5000000000000001,27.1,-1.3640724,27.63592755794525,24.2
2026-10-01 21:00:00,28.3,65,6.5,0.0,Shahdara,28.6698,77.2922,21,-0.7071067811865477,0.7071067811865474,26.4,-0.6639093,27.636090683937077,24.1
2026-10-01 22:00:00,27.6,67,6.3,0.0,Shahdara,28.6698,77.2922,22,-0.5000000000000004,0.8660254037844384,25.9,-0.42698327,27.17301673293114,23.6
2026-10-01 23:00:00,27.2,67,6.3,0.0,Shahdara,28.6698,77.2922,23,-0.2588190451025215,0.965925826289068,25.3,-0.16216299,27.037837010622024,23.4
2026-10-02 00:00:00,26.6,69,4.3,0.0,Shahdara,28.6698,77.2922,0,0.0,1.0,25.2,-0.7037346,25.896265423297884,23.2
2026-10-02 01:00:00,26.1,70,5.0,0.0,Shahdara,28.6698,77.2922,1,0.2588190451025207,0.9659258262890684,24.8,-0.7617999,25.338200128078466,21.8
2026-10-02 02:00:00,25.6,71,6.5,0.0,Shahdara,28.6698,77.2922,2,0.4999999999999999,0.8660254037844387,24.5,-0.5188831,25.08111689090729,20.4
2026-10-02 03:00:00,25.0,74,7.1,0.0,Shahdara,28.6698,77.2922,3,0.7071067811865476,0.7071067811865476,24.1,-0.40457913,24.595420867204663,19.6
2026-10-02 04:00:00,24.5,76,7.3,0.0,Shahdara,28.6698,77.2922,4,0.8660254037844386,0.5000000000000001,23.9,-0.41765624,24.08234375715256,18.8
2026-10-02 05:00:00,24.4,75,7.1,0.0,Shahdara,28.6698,77.2922,5,0.9659258262890684,0.2588190451025207,23.6,-0.28654164,24.113458359241484,18.8
2026-10-02 06:00:00,24.8,72,6.7,1.0,Shahdara,28.6698,77.2922,6,1.0,6.123233995736766e-17,23.5,-0.4051106,24.394889402389527,19.3
2026-10-02 07:00:00,25.6,67,5.9,86.0,Shahdara,28.6698,77.2922,7,0.9659258262890684,-0.2588190451025206,24.6,-0.41916916,25.180830842256547,20.9
2026-10-02 08:00:00,26.8,60,5.7,258.0,Shahdara,28.6698,77.2922,8,0.8660254037844387,-0.4999999999999998,26.4,-0.7825633,26.01743667125702,22.2
2026-10-02 09:00:00,28.9,51,6.3,463.0,Shahdara,28.6698,77.2922,9,0.7071067811865476,-0.7071067811865475,28.7,-0.9246249,27.97537508010864,24.7
2026-10-02 10:00:00,31.3,42,7.4,616.0,Shahdara,28.6698,77.2922,10,0.4999999999999999,-0.8660254037844387,30.8,-1.3328373,29.96716265678406,27.2
2026-10-02 11:00:00,33.4,36,8.6,719.0,Shahdara,28.6698,77.2922,11,0.258819045102521,-0.9659258262890682,32.4,-2.147767,31.252232933044432,29.0
2026-10-02 12:00:00,34.7,32,10.2,780.0,Shahdara,28.6698,77.2922,12,1.2246467991473532e-16,-1.0,33.7,-2.56033,32.139670085906985,30.4
2026-10-02 13:00:00,35.5,29,12.0,751.0,Shahdara,28.6698,77.2922,13,-0.2588190451025208,-0.9659258262890684,34.3,-2.902627,32.59737300872803,30.7
2026-10-02 14:00:00,35.8,29,13.1,656.0,Shahdara,28.6698,77.2922,14,-0.4999999999999997,-0.8660254037844388,34.5,-3.1634867,32.63651328086853,30.0
2026-10-02 15:00:00,35.4,30,13.0,484.0,Shahdara,28.6698,77.2922,15,-0.7071067811865471,-0.7071067811865479,34.2,-2.9549866,32.445013427734374,29.5
2026-10-02 16:00:00,34.5,34,12.1,334.0,Shahdara,28.6698,77.2922,16,-0.8660254037844385,-0.5000000000000004,33.5,-2.481323,32.01867699623108,29.1
2026-10-02 17:00:00,33.4,38,11.0,163.0,Shahdara,28.6698,77.2922,17,-0.9659258262890684,-0.2588190451025206,32.1,-2.299392,31.100608015060423,27.7
2026-10-02 18:00:00,32.4,42,9.8,15.0,Shahdara,28.6698,77.2922,18,-1.0,-1.8369701987210294e-16,30.6,-1.3386499,31.06135013103485,27.7
2026-10-02 19:00:00,31.2,46,8.6,0.0,Shahdara,28.6698,77.2922,19,-0.9659258262890684,0.2588190451025203,29.7,-1.8106802,29.38931984901428,25.2
2026-10-02 20:00:00,30.1,50,7.5,0.0,Shahdara,28.6698,77.2922,20,-0.8660254037844386,0.5000000000000001,29.0,-1.6209283,28.479071712493894,24.0
2026-10-02 21:00:00,29.3,53,7.1,0.0,Shahdara,28.6698,77.2922,21,-0.7071067811865477,0.7071067811865474,28.3,-1.6037061,27.6962938785553,23.1
2026-10-02 22:00:00,28.6,54,6.8,0.0,Shahdara,28.6698,77.2922,22,-0.5000000000000004,0.8660254037844384,27.6,-1.2111849,27.388815140724184,22.7
2026-10-02 23:00:00,28.0,56,6.6,0.0,Shahdara,28.6698,77.2922,23,-0.2588190451025215,0.965925826289068,27.2,-0.57817775,27.42182224988937,23.0
2026-09-28 00:00:00,22.8,96,2.7,0.0,South Delhi,28.4923,77.1845,0,0.0,1.0,21.9,-0.3702216,22.429778385162354,22.5
2026-09-28 01:00:00,22.9,97,6.1,0.0,South Delhi,28.4923,77.1845,1,0.2588190451025207,0.9659258262890684,22.2,0.0059185354,22.905918535403902,19.0
2026-09-28 02:00:00,22.9,96,6.4,0.0,South Delhi,28.4923,77.1845,2,0.4999999999999999,0.8660254037844387,22.4,-0.10904345,22.79095655083656,18.5
2026-09-28 03:00:00,22.5,98,5.4,0.0,South Delhi,28.4923,77.1845,3,0.7071067811865476,0.7071067811865476,22.8,-0.04471474,22.45528525859117,19.0
2026-09-28 04:00:00,22.0,98,3.9,0.0,South Delhi,28.4923,77.1845,4,0.8660254037844386,0.5000000000000001,22.6,-0.2818794,21.71812060475349,19.7
2026-09-28 05:00:00,22.9,96,2.5,0.0,South Delhi,28.4923,77.1845,5,0.9659258262890684,0.2588190451025207,22.0,-0.31042925,22.589570754766463,23.0
2026-09-28 06:00:00,22.9,96,1.6,1.0,South Delhi,28.4923,77.1845,6,1.0,6.123233995736766e-17,21.8,-0.32669005,22.573309952020644,24.3
2026-09-28 07:00:00,23.7,90,1.6,34.0,South Delhi,28.4923,77.1845,7,0.9659258262890684,-0.2588190451025206,22.6,-0.38613346,23.31386653780937,24.9
2026-09-28 08:00:00,24.3,87,4.0,147.0,South Delhi,28.4923,77.1845,8,0.8660254037844387,-0.4999999999999998,23.8,-0.20733848,24.092661517858502,22.7
2026-09-28 09:00:00,25.5,79,5.2,283.0,South Delhi,28.4923,77.1845,9,0.7071067811865476,-0.7071067811865475,25.5,-0.5564778,24.943522214889526,22.4
2026-09-28 10:00:00,26.4,73,7.4,402.0,South Delhi,28.4923,77.1845,10,0.4999999999999999,-0.8660254037844387,27.2,-1.0947434,25.30525662899017,21.5
2026-09-28 11:00:00,26.9,65,7.7,492.0,South Delhi,28.4923,77.1845,11,0.258819045102521,-0.9659258262890682,28.2,-0.7182261,26.18177392482757,22.5
2026-09-28 12:00:00,27.1,64,7.7,477.0,South Delhi,28.4923,77.1845,12,1.2246467991473532e-16,-1.0,28.0,-1.0976108,26.00238916873932,22.1
2026-09-28 13:00:00,27.6,65,7.0,579.0,South Delhi,28.4923,77.1845,13,-0.2588190451025208,-0.9659258262890684,28.4,-1.3618673,26.238132691383363,23.0
2026-09-28 14:00:00,28.4,60,6.5,570.0,South Delhi,28.4923,77.1845,14,-0.4999999999999997,-0.8660254037844388,28.7,-1.6647166,26.735283398628237,23.6
2026-09-28 15:00:00,26.6,68,12.9,418.0,South Delhi,28.4923,77.1845,15,-0.7071067811865471,-0.7071067811865479,28.4,-0.71574336,25.884256637096406,19.8
2026-09-28 16:00:00,25.3,77,14.6,263.0,South Delhi,28.4923,77.1845,16,-0.8660254037844385,-0.5000000000000004,27.4,-0.39023182,24.90976818203926,16.4
2026-09-28 17:00:00,23.8,84,8.8,106.0,South Delhi,28.4923,77.1845,17,-0.9659258262890684,-0.2588190451025206,26.1,1.0858772,24.885877180099488,20.4
2026-09-28 18:00:00,23.6,85,5.8,16.0,South Delhi,28.4923,77.1845,18,-1.0,-1.8369701987210294e-16,24.5,0.17784816,23.77784816026688,19.8
2026-09-28 19:00:00,23.4,87,3.8,0.0,South Delhi,28.4923,77.1845,19,-0.9659258262890684,0.2588190451025203,23.8,-0.030431947,23.369568053260444,21.5
2026-09-28 20:00:00,23.2,87,7.0,0.0,South Delhi,28.4923,77.1845,20,-0.8660254037844386,0.5000000000000001,23.2,0.037395466,23.23739546611905,18.2
2026-09-28 21:00:00,23.0,89,7.8,0.0,South Delhi,28.4923,77.1845,21,-0.7071067811865477,0.7071067811865474,22.8,0.05870099,23.058700989931825,17.6
2026-09-28 22:00:00,22.9,89,8.6,0.0,South Delhi,28.4923,77.1845,22,-0.5000000000000004,0.8660254037844384,22.5,0.05870099,22.95870098993182,17.0
2026-09-28 23:00:00,22.8,89,7.4,0.0,South Delhi,28.4923,77.1845,23,-0.2588190451025215,0.965925826289068,23.5,0.2660448,23.066044795513157,17.8
2026-09-29 00:00:00,22.6,89,7.5,0.0,South Delhi,28.4923,77.1845,0,0.0,1.0,22.8,0.06288262,22.662882617115976,17.1
2026-09-29 01:00:00,22.5,89,7.8,0.0,South Delhi,28.4923,77.1845,1,0.2588190451025207,0.9659258262890684,22.9,0.09320846,22.593208461999893,16.8
2026-09-29 02:00:00,22.4,89,7.8,0.0,South Delhi,28.4923,77.1845,2,0.4999999999999999,0.8660254037844387,22.9,-0.09778991,22.30221008658409,16.3
2026-09-29 03:00:00,22.3,90,7.3,0.0,South Delhi,28.4923,77.1845,3,0.7071067811865476,0.7071067811865476,22.5,-0.015887678,22.28411232233048,16.6
2026-09-29 04:00:00,22.1,90,7.6,0.0,South Delhi,28.4923,77.1845,4,0.8660254037844386,0.5000000000000001,22.0,-0.079229474,22.020770525932317,16.0
2026-09-29 05:00:00,21.9,91,7.7,0.0,South Delhi,28.4923,77.1845,5,0.9659258262890684,0.2588190451025207,22.9,0.06313867,21.963138671219347,15.9
2026-09-29 06:00:00,21.8,91,8.1,2.0,South Delhi,28.4923,77.1845,6,1.0,6.123233995736766e-17,22.9,0.04270954,21.842709540575743,15.4
2026-09-29 07:00:00,22.6,88,7.4,77.0,South Delhi,28.4923,77.1845,7,0.9659258262890684,-0.2588190451025206,23.7,-0.002342321,22.59765767902136,17.1
2026-09-29 08:00:00,24.1,82,7.3,242.0,South Delhi,28.4923,77.1845,8,0.8660254037844387,-0.4999999999999998,24.3,-0.19241723,23.907582765817644,19.5
2026-09-29 09:00:00,26.0,74,8.3,433.0,South Delhi,28.4923,77.1845,9,0.7071067811865476,-0.7071067811865475,25.5,-0.7909983,25.20900171995163,21.2
2026-09-29 10:00:00,27.6,66,9.8,601.0,South Delhi,28.4923,77.1845,10,0.4999999999999999,-0.8660254037844387,26.4,-1.4244167,26.17558333873749,22.3
2026-09-29 11:00:00,28.8,61,10.1,715.0,South Delhi,28.4923,77.1845,11,0.258819045102521,-0.9659258262890682,26.9,-1.8429378,26.95706217288971,23.5
2026-09-29 12:00:00,29.8,57,9.8,763.0,South Delhi,28.4923,77.1845,12,1.2246467991473532e-16,-1.0,27.1,-2.5969865,27.203013467788697,23.8
2026-09-29 13:00:00,30.4,53,9.8,745.0,South Delhi,28.4923,77.1845,13,-0.2588190451025208,-0.9659258262890684,27.6,-2.2995343,28.1004656791687,25.0
2026-09-29 14:00:00,30.6,51,10.1,648.0,South Delhi,28.4923,77.1845,14,-0.4999999999999997,-0.8660254037844388,28.4,-1.9262316,28.67376837730408,25.6
2026-09-29 15:00:00,30.5,51,10.6,513.0,South Delhi,28.4923,77.1845,15,-0.7071067811865471,-0.7071067811865479,26.6,-1.9185697,28.58143031597137,25.0
2026-09-29 16:00:00,30.0,53,9.9,333.0,South Delhi,28.4923,77.1845,16,-0.8660254037844385,-0.5000000000000004,25.3,-1.6108948,28.38910520076752,24.6
2026-09-29 17:00:00,28.8,60,7.8,146.0,South Delhi,28.4923,77.1845,17,-0.9659258262890684,-0.2588190451025206,23.8,-0.5614472,28.23855279684067,24.7
2026-09-29 18:00:00,27.3,66,7.3,17.0,South Delhi,28.4923,77.1845,18,-1.0,-1.8369701987210294e-16,23.6,-0.25134438,27.04865561723709,23.0
2026-09-29 19:00:00,26.7,70,7.3,0.0,South Delhi,28.4923,77.1845,19,-0.9659258262890684,0.2588190451025203,23.4,-0.63526475,26.06473524570465,21.6
2026-09-29 20:00:00,26.1,72,6.9,0.0,South Delhi,28.4923,77.1845,20,-0.8660254037844386,0.5000000000000001,23.2,-0.5704698,25.52953020334244,21.0
2026-09-29 21:00:00,25.6,73,7.3,0.0,South Delhi,28.4923,77.1845,21,-0.7071067811865477,0.7071067811865474,23.0,-0.6425172,24.95748279094696,20.0
2026-09-29 22:00:00,25.2,75,7.5,0.0,South Delhi,28.4923,77.1845,22,-0.5000000000000004,0.8660254037844384,22.9,-0.59909993,24.60090006589889,19.5
2026-09-29 23:00:00,24.7,76,7.9,0.0,South Delhi,28.4923,77.1845,23,-0.2588190451025215,0.965925826289068,22.8,-0.3137063,24.386293691396716,19.0
2026-09-30 00:00:00,24.4,76,7.8,0.0,South Delhi,28.4923,77.1845,0,0.0,1.0,22.6,-0.54828167,23.8517183303833,18.1
2026-09-30 01:00:00,24.0,78,7.4,0.0,South Delhi,28.4923,77.1845,1,0.2588190451025207,0.9659258262890684,22.5,-0.44556665,23.55443334579468,17.9
2026-09-30 02:00:00,23.6,79,7.2,0.0,South Delhi,28.4923,77.1845,2,0.4999999999999999,0.8660254037844387,22.4,-0.64970356,22.950296437740327,17.1
2026-09-30 03:00:00,23.2,80,7.2,0.0,South Delhi,28.4923,77.1845,3,0.7071067811865476,0.7071067811865476,22.3,-0.33912033,22.86087967157364,17.0
2026-09-30 04:00:00,22.8,82,7.8,0.0,South Delhi,28.4923,77.1845,4,0.8660254037844386,0.5000000000000001,22.1,-0.39120865,22.40879135131836,16.0
2026-09-30 05:00:00,22.4,84,7.9,0.0,South Delhi,28.4923,77.1845,5,0.9659258262890684,0.2588190451025207,21.9,-0.27204716,22.12795283794403,15.6
2026-09-30 06:00:00,22.2,84,8.1,2.0,South Delhi,28.4923,77.1845,6,1.0,6.123233995736766e-17,21.8,-0.29247636,21.90752364397049,15.1
2026-09-30 07:00:00,23.3,82,8.2,84.0,South Delhi,28.4923,77.1845,7,0.9659258262890684,-0.2588190451025206,22.6,-0.3096491,22.990350890159608,17.1
2026-09-30 08:00:00,25.3,75,6.7,263.0,South Delhi,28.4923,77.1845,8,0.8660254037844387,-0.4999999999999998,24.1,-0.8116234,24.488376605510712,20.3
2026-09-30 09:00:00,27.4,66,7.3,457.0,South Delhi,28.4923,77.1845,9,0.7071067811865476,-0.7071067811865475,26.0,-1.107289,26.292711043357848,22.8
2026-09-30 10:00:00,29.0,59,8.9,622.0,South Delhi,28.4923,77.1845,10,0.4999999999999999,-0.8660254037844387,27.6,-1.7070554,27.29294455051422,24.0
2026-09-30 11:00:00,30.2,53,10.6,736.0,South Delhi,28.4923,77.1845,11,0.258819045102521,-0.9659258262890682,28.8,-2.1698725,28.030127477645877,24.7
2026-09-30 12:00:00,31.2,47,11.9,783.0,South Delhi,28.4923,77.1845,12,1.2246467991473532e-16,-1.0,29.8,-1.8233364,29.37666363716125,26.3
2026-09-30 13:00:00,31.8,44,12.8,761.0,South Delhi,28.4923,77.1845,13,-0.2588190451025208,-0.9659258262890684,30.4,-2.2248156,29.57518439292908,25.8
2026-09-30 14:00:00,31.9,42,12.5,675.0,South Delhi,28.4923,77.1845,14,-0.4999999999999997,-0.8660254037844388,30.6,-2.1555684,29.74443163871765,26.0
2026-09-30 15:00:00,31.6,42,12.8,530.0,South Delhi,28.4923,77.1845,15,-0.7071067811865471,-0.7071067811865479,30.5,-1.8912768,29.708723163604738,25.5
2026-09-30 16:00:00,30.8,46,11.6,342.0,South Delhi,28.4923,77.1845,16,-0.8660254037844385,-0.5000000000000004,30.0,-1.4044125,29.395587491989136,25.4
2026-09-30 17:00:00,29.3,54,8.4,147.0,South Delhi,28.4923,77.1845,17,-0.9659258262890684,-0.2588190451025206,28.8,-1.1803688,28.119631218910214,24.0
2026-09-30 18:00:00,27.6,62,6.5,16.0,South Delhi,28.4923,77.1845,18,-1.0,-1.8369701987210294e-16,27.3,-0.2855531,27.314446902275087,23.4
2026-09-30 19:00:00,26.9,65,6.2,0.0,South Delhi,28.4923,77.1845,19,-0.9659258262890684,0.2588190451025203,26.7,-0.5729168,26.327083194255827,22.1
2026-09-30 20:00:00,26.3,68,6.2,0.0,South Delhi,28.4923,77.1845,20,-0.8660254037844386,0.5000000000000001,26.1,-0.67653275,25.623467254638676,21.3
2026-09-30 21:00:00,25.9,68,7.3,0.0,South Delhi,28.4923,77.1845,21,-0.7071067811865477,0.7071067811865474,25.6,-0.6472814,25.252718591690066,20.2
2026-09-30 22:00:00,25.4,70,7.5,0.0,South Delhi,28.4923,77.1845,22,-0.5000000000000004,0.8660254037844384,25.2,-0.7124087,24.687591278553008,19.3
2026-09-30 23:00:00,25.1,71,6.7,0.0,South Delhi,28.4923,77.1845,23,-0.2588190451025215,0.965925826289068,24.7,-0.43573564,24.66426435709,19.7
2026-10-01 00:00:00,24.6,72,6.0,0.0,South Delhi,28.4923,77.1845,0,0.0,1.0,24.4,-0.74888027,23.851119732856752,18.9
2026-10-01 01:00:00,24.4,73,6.1,0.0,South Delhi,28.4923,77.1845,1,0.2588190451025207,0.9659258262890684,24.0,-0.84084666,23.559153342247008,18.4
2026-10-01 02:00:00,23.6,77,7.4,0.0,South Delhi,28.4923,77.1845,2,0.4999999999999999,0.8660254037844387,23.6,-0.9389277,22.661072289943696,16.4
2026-10-01 03:00:00,23.1,80,8.4,0.0,South Delhi,28.4923,77.1845,3,0.7071067811865476,0.7071067811865476,23.2,-0.32786682,22.77213317751885,16.2
2026-10-01 04:00:00,23.1,81,7.9,0.0,South Delhi,28.4923,77.1845,4,0.8660254037844386,0.5000000000000001,22.8,-0.39120865,22.70879135131836,16.4
2026-10-01 05:00:00,23.0,84,7.4,0.0,South Delhi,28.4923,77.1845,5,0.9659258262890684,0.2588190451025207,22.4,-0.28330073,22.71669927239418,16.9
2026-10-01 06:00:00,22.9,83,7.5,1.0,South Delhi,28.4923,77.1845,6,1.0,6.123233995736766e-17,22.2,-0.28760833,22.612391674518584,16.6
2026-10-01 07:00:00,24.3,78,7.8,82.0,South Delhi,28.4923,77.1845,7,0.9659258262890684,-0.2588190451025206,23.3,-0.57629097,23.72370903491974,18.3
2026-10-01 08:00:00,26.3,72,5.2,259.0,South Delhi,28.4923,77.1845,8,0.8660254037844387,-0.4999999999999998,25.3,-1.0900885,25.209911513328557,22.2
2026-10-01 09:00:00,28.3,62,6.8,451.0,South Delhi,28.4923,77.1845,9,0.7071067811865476,-0.7071067811865475,27.4,-1.2410553,27.058944749832158,23.9
2026-10-01 10:00:00,30.2,54,8.3,615.0,South Delhi,28.4923,77.1845,10,0.4999999999999999,-0.8660254037844387,29.0,-1.707968,28.49203200340271,25.6
2026-10-01 11:00:00,31.8,47,9.0,730.0,South Delhi,28.4923,77.1845,11,0.258819045102521,-0.9659258262890682,30.2,-1.971643,29.828357028961182,27.5
2026-10-01 12:00:00,33.0,41,10.1,781.0,South Delhi,28.4923,77.1845,12,1.2246467991473532e-16,-1.0,31.2,-2.2955754,30.704424619674683,28.6
2026-10-01 13:00:00,33.6,39,12.0,759.0,South Delhi,28.4923,77.1845,13,-0.2588190451025208,-0.9659258262890684,31.8,-2.7873905,30.81260952949524,28.1
2026-10-01 14:00:00,33.7,39,12.7,672.0,South Delhi,28.4923,77.1845,14,-0.4999999999999997,-0.8660254037844388,31.9,-2.7887714,30.91122860908509,27.8
2026-10-01 15:00:00,33.4,39,13.0,518.0,South Delhi,28.4923,77.1845,15,-0.7071067811865471,-0.7071067811865479,31.6,-2.675752,30.724248075485228,27.0
2026-10-01 16:00:00,32.5,43,11.6,337.0,South Delhi,28.4923,77.1845,16,-0.8660254037844385,-0.5000000000000004,30.8,-2.0066617,30.493338346481323,27.1
2026-10-01 17:00:00,30.8,51,9.1,145.0,South Delhi,28.4923,77.1845,17,-0.9659258262890684,-0.2588190451025206,29.3,-1.5555067,29.244493293762208,25.6
2026-10-01 18:00:00,28.9,60,6.5,15.0,South Delhi,28.4923,77.1845,18,-1.0,-1.8369701987210294e-16,27.6,-0.81734353,28.082656466960906,24.4
2026-10-01 19:00:00,28.2,64,6.0,0.0,South Delhi,28.4923,77.1845,19,-0.9659258262890684,0.2588190451025203,26.9,-0.76429105,27.435708951950076,23.9
2026-10-01 20:00:00,27.6,66,6.4,0.0,South Delhi,28.4923,77.1845,20,-0.8660254037844386,0.5000000000000001,26.3,-0.85894686,26.741053140163423,22.8
2026-10-01 21:00:00,27.0,68,6.5,0.0,South Delhi,28.4923,77.1845,21,-0.7071067811865477,0.7071067811865474,25.9,-0.92029935,26.07970064878464,21.8
2026-10-01 22:00:00,26.7,69,7.5,0.0,South Delhi,28.4923,77.1845,22,-0.5000000000000004,0.8660254037844384,25.4,-0.97474635,25.725253653526305,20.9
2026-10-01 23:00:00,26.1,72,7.1,0.0,South Delhi,28.4923,77.1845,23,-0.2588190451025215,0.965925826289068,25.1,-0.58795816,25.51204184293747,20.9
2026-10-02 00:00:00,25.4,74,7.7,0.0,South Delhi,28.4923,77.1845,0,0.0,1.0,24.6,-0.60635734,24.793642663955687,19.7
2026-10-02 01:00:00,24.6,77,8.6,0.0,South Delhi,28.4923,77.1845,1,0.2588190451025207,0.9659258262890684,24.4,-0.62078995,23.97921005487442,18.1
2026-10-02 02:00:00,23.9,80,8.1,0.0,South Delhi,28.4923,77.1845,2,0.4999999999999999,0.8660254037844387,23.6,-0.42102256,23.47897743582725,17.6
2026-10-02 03:00:00,23.4,80,8.8,0.0,South Delhi,28.4923,77.1845,3,0.7071067811865476,0.7071067811865476,23.1,-0.03297793,23.36702206879854,17.1
2026-10-02 04:00:00,23.1,79,9.3,0.0,South Delhi,28.4923,77.1845,4,0.8660254037844386,0.5000000000000001,23.1,-0.25994587,22.8400541305542,15.9
2026-10-02 05:00:00,23.2,77,9.0,0.0,South Delhi,28.4923,77.1845,5,0.9659258262890684,0.2588190451025207,23.0,-0.5606239,22.63937611579895,15.5
2026-10-02 06:00:00,23.8,73,8.6,0.0,South Delhi,28.4923,77.1845,6,1.0,6.123233995736766e-17,22.9,-0.9850821,22.81491791009903,15.8
2026-10-02 07:00:00,24.8,68,8.2,87.0,South Delhi,28.4923,77.1845,7,0.9659258262890684,-0.2588190451025206,24.3,-0.9480403,23.85195969343185,17.7
2026-10-02 08:00:00,26.1,62,8.0,261.0,South Delhi,28.4923,77.1845,8,0.8660254037844387,-0.4999999999999998,26.3,-1.1701447,24.92985532283783,19.6
2026-10-02 09:00:00,28.1,55,8.5,466.0,South Delhi,28.4923,77.1845,9,0.7071067811865476,-0.7071067811865475,28.3,-1.1300106,26.969989395141603,22.8
2026-10-02 10:00:00,30.4,49,9.2,621.0,South Delhi,28.4923,77.1845,10,0.4999999999999999,-0.8660254037844387,30.2,-1.6842532,28.715746784210204,25.6
2026-10-02 11:00:00,32.3,43,10.2,725.0,South Delhi,28.4923,77.1845,11,0.258819045102521,-0.9659258262890682,31.8,-2.006829,30.29317097663879,27.9
2026-10-02 12:00:00,33.6,37,11.7,786.0,South Delhi,28.4923,77.1845,12,1.2246467991473532e-16,-1.0,33.0,-2.503619,31.09638104438782,28.7
2026-10-02 13:00:00,34.6,33,13.3,757.0,South Delhi,28.4923,77.1845,13,-0.2588190451025208,-0.9659258262890684,33.6,-3.042436,31.557564115524293,28.4
2026-10-02 14:00:00,34.9,31,14.2,661.0,South Delhi,28.4923,77.1845,14,-0.4999999999999997,-0.8660254037844388,33.7,-3.2511845,31.648815536499026,27.6
2026-10-02 15:00:00,34.4,32,13.5,492.0,South Delhi,28.4923,77.1845,15,-0.7071067811865471,-0.7071067811865479,33.4,-2.9247963,31.475203657150267,27.5
2026-10-02 16:00:00,33.2,37,12.0,338.0,South Delhi,28.4923,77.1845,16,-0.8660254037844385,-0.5000000000000004,32.5,-2.4369304,30.76306958198548,27.0
2026-10-02 17:00:00,32.0,41,10.8,163.0,South Delhi,28.4923,77.1845,17,-0.9659258262890684,-0.2588190451025206,30.8,-1.7571037,30.24289631843567,26.4
2026-10-02 18:00:00,30.9,45,10.1,15.0,South Delhi,28.4923,77.1845,18,-1.0,-1.8369701987210294e-16,28.9,-1.386845,29.513155007362364,25.2
2026-10-02 19:00:00,29.8,50,9.7,0.0,South Delhi,28.4923,77.1845,19,-0.9659258262890684,0.2588190451025203,28.2,-1.7730706,28.02692942619324,23.0
2026-10-02 20:00:00,28.8,54,9.2,0.0,South Delhi,28.4923,77.1845,20,-0.8660254037844386,0.5000000000000001,27.6,-1.4544947,27.345505285263062,22.2
2026-10-02 21:00:00,28.0,56,8.5,0.0,South Delhi,28.4923,77.1845,21,-0.7071067811865477,0.7071067811865474,27.0,-1.2135527,26.786447286605835,21.5
2026-10-02 22:00:00,27.4,57,8.0,0.0,South Delhi,28.4923,77.1845,22,-0.5000000000000004,0.8660254037844384,26.7,-1.1196874,26.28031256198883,20.9
2026-10-02 23:00:00,26.7,59,7.5,0.0,South Delhi,28.4923,77.1845,23,-0.2588190451025215,0.965925826289068,26.1,-0.97546816,25.724531841278075,20.2
2026-09-28 00:00:00,23.3,96,3.0,0.0,South East Delhi,28.546,77.2739,0,0.0,1.0,22.3,0.10650654,23.406506541371343,23.4
2026-09-28 01:00:00,23.1,97,5.6,0.0,South East Delhi,28.546,77.2739,1,0.2588190451025207,0.9659258262890684,22.6,0.32820433,23.4282043337822,20.3
2026-09-28 02:00:00,22.8,97,5.4,0.0,South East Delhi,28.546,77.2739,2,0.4999999999999999,0.8660254037844387,22.8,0.15546604,22.95546603500843,19.7
2026-09-28 03:00:00,22.3,98,4.8,0.0,South East Delhi,28.546,77.2739,3,0.7071067811865476,0.7071067811865476,23.0,0.21357954,22.513579535484315,19.7
2026-09-28 04:00:00,22.1,98,3.3,0.0,South East Delhi,28.546,77.2739,4,0.8660254037844386,0.5000000000000001,23.1,-0.049704336,22.05029566437006,21.1
2026-09-28 05:00:00,22.6,95,3.1,0.0,South East Delhi,28.546,77.2739,5,0.9659258262890684,0.2588190451025207,22.5,0.009564423,22.609564423002304,22.0
2026-09-28 06:00:00,23.0,92,2.2,1.0,South East Delhi,28.546,77.2739,6,1.0,6.123233995736766e-17,22.4,-0.012973497,22.987026503309608,23.7
2026-09-28 07:00:00,23.3,92,1.4,24.0,South East Delhi,28.546,77.2739,7,0.9659258262890684,-0.2588190451025206,23.0,-0.07241703,23.22758297175169,25.2
2026-09-28 08:00:00,24.0,88,2.9,88.0,South East Delhi,28.546,77.2739,8,0.8660254037844387,-0.4999999999999998,24.0,0.1209346,24.12093459814787,24.1
2026-09-28 09:00:00,25.1,83,2.7,177.0,South East Delhi,28.546,77.2739,9,0.7071067811865476,-0.7071067811865475,25.6,-0.29451647,24.80548352599144,25.2
2026-09-28 10:00:00,25.9,79,3.0,263.0,South East Delhi,28.546,77.2739,10,0.4999999999999999,-0.8660254037844387,27.0,-0.49273357,25.40726643204689,25.5
2026-09-28 11:00:00,26.2,69,3.7,334.0,South East Delhi,28.546,77.2739,11,0.258819045102521,-0.9659258262890682,27.8,-0.39081007,25.80918992757797,24.6
2026-09-28 12:00:00,26.8,67,4.2,406.0,South East Delhi,28.546,77.2739,12,1.2246467991473532e-16,-1.0,28.2,-0.5890543,26.21094571352005,24.6
2026-09-28 13:00:00,27.3,64,4.2,495.0,South East Delhi,28.546,77.2739,13,-0.2588190451025208,-0.9659258262890684,28.4,-0.7768799,26.523120093345643,25.1
2026-09-28 14:00:00,28.2,62,3.6,554.0,South East Delhi,28.546,77.2739,14,-0.4999999999999997,-0.8660254037844388,28.4,-1.4026871,26.797312927246093,26.1
2026-09-28 15:00:00,26.8,69,9.5,398.0,South East Delhi,28.546,77.2739,15,-0.7071067811865471,-0.7071067811865479,28.0,-0.18603145,26.613968554139134,22.9
2026-09-28 16:00:00,24.8,82,11.4,231.0,South East Delhi,28.546,77.2739,16,-0.8660254037844385,-0.5000000000000004,27.4,0.5997652,25.399765181541444,20.4
2026-09-28 17:00:00,23.9,86,7.9,96.0,South East Delhi,28.546,77.2739,17,-0.9659258262890684,-0.2588190451025206,25.9,1.3627007,25.262700700759886,21.5
2026-09-28 18:00:00,23.7,87,4.9,16.0,South East Delhi,28.546,77.2739,18,-1.0,-1.8369701987210294e-16,24.4,0.62634873,24.326348733901977,21.7
2026-09-28 19:00:00,23.5,88,4.3,0.0,South East Delhi,28.546,77.2739,19,-0.9659258262890684,0.2588190451025203,23.9,0.5873133,24.087313294410706,22.0
2026-09-28 20:00:00,23.3,89,6.9,0.0,South East Delhi,28.546,77.2739,20,-0.8660254037844386,0.5000000000000001,23.4,0.56133133,23.86133133172989,19.5
2026-09-28 21:00:00,23.2,89,7.4,0.0,South East Delhi,28.546,77.2739,21,-0.7071067811865477,0.7071067811865474,23.1,0.40502843,23.60502843260765,18.8
2026-09-28 22:00:00,23.1,90,8.4,0.0,South East Delhi,28.546,77.2739,22,-0.5000000000000004,0.8660254037844384,22.8,0.40295208,23.50295207500458,18.2
2026-09-28 23:00:00,22.9,90,6.9,0.0,South East Delhi,28.546,77.2739,23,-0.2588190451025215,0.965925826289068,24.0,0.62100303,23.52100303173065,19.0
2026-09-29 00:00:00,22.8,90,6.9,0.0,South East Delhi,28.546,77.2739,0,0.0,1.0,23.3,0.41784105,23.21784104704857,18.4
2026-09-29 01:00:00,22.8,89,6.9,0.0,South East Delhi,28.546,77.2739,1,0.2588190451025207,0.9659258262890684,23.1,0.36551523,23.165515232086182,18.3
2026-09-29 02:00:00,22.8,89,7.1,0.0,South East Delhi,28.546,77.2739,2,0.4999999999999999,0.8660254037844387,22.8,0.21324229,23.013242292404176,17.9
2026-09-29 03:00:00,22.5,90,7.3,0.0,South East Delhi,28.546,77.2739,3,0.7071067811865476,0.7071067811865476,22.3,0.28625384,22.786253839731216,17.5
2026-09-29 04:00:00,22.4,90,6.8,0.0,South East Delhi,28.546,77.2739,4,0.8660254037844386,0.5000000000000001,22.1,0.21485403,22.614854031801222,17.5
2026-09-29 05:00:00,22.3,89,6.9,0.0,South East Delhi,28.546,77.2739,5,0.9659258262890684,0.2588190451025207,22.6,0.3459686,22.64596860408783,17.4
2026-09-29 06:00:00,22.3,89,7.3,2.0,South East Delhi,28.546,77.2739,6,1.0,6.123233995736766e-17,23.0,0.32553947,22.62553946971893,17.1
2026-09-29 07:00:00,23.0,87,7.5,75.0,South East Delhi,28.546,77.2739,7,0.9659258262890684,-0.2588190451025206,23.3,0.17505626,23.17505626380444,18.0
2026-09-29 08:00:00,24.4,81,7.0,235.0,South East Delhi,28.546,77.2739,8,0.8660254037844387,-0.4999999999999998,24.0,0.11287977,24.512879768013956,20.5
2026-09-29 09:00:00,26.0,74,7.1,423.0,South East Delhi,28.546,77.2739,9,0.7071067811865476,-0.7071067811865475,25.1,-0.59839606,25.401603937149048,21.9
2026-09-29 10:00:00,27.6,65,8.5,594.0,South East Delhi,28.546,77.2739,10,0.4999999999999999,-0.8660254037844387,25.9,-1.2725997,26.327400302886964,22.8
2026-09-29 11:00:00,28.8,62,8.7,709.0,South East Delhi,28.546,77.2739,11,0.258819045102521,-0.9659258262890682,26.2,-1.8489631,26.951036858558652,23.8
2026-09-29 12:00:00,29.8,58,8.5,758.0,South East Delhi,28.546,77.2739,12,1.2246467991473532e-16,-1.0,26.8,-2.4792526,27.320747423172,24.3
2026-09-29 13:00:00,30.5,55,8.6,738.0,South East Delhi,28.546,77.2739,13,-0.2588190451025208,-0.9659258262890684,27.3,-2.284186,28.215814113616943,25.5
2026-09-29 14:00:00,30.7,53,8.8,643.0,South East Delhi,28.546,77.2739,14,-0.4999999999999997,-0.8660254037844388,28.2,-1.801415,28.898585033416747,26.2
2026-09-29 15:00:00,30.6,51,9.4,507.0,South East Delhi,28.546,77.2739,15,-0.7071067811865471,-0.7071067811865479,26.8,-1.302813,29.297186946868894,26.4
2026-09-29 16:00:00,30.1,53,8.9,327.0,South East Delhi,28.546,77.2739,16,-0.8660254037844385,-0.5000000000000004,24.8,-1.4341146,28.665885424613958,25.2
2026-09-29 17:00:00,29.1,59,6.9,143.0,South East Delhi,28.546,77.2739,17,-0.9659258262890684,-0.2588190451025206,23.9,-0.82037705,28.27962294816971,24.8
2026-09-29 18:00:00,27.6,67,5.3,16.0,South East Delhi,28.546,77.2739,18,-1.0,-1.8369701987210294e-16,23.7,-0.16065906,27.43934094011784,24.5
2026-09-29 19:00:00,27.0,71,5.2,0.0,South East Delhi,28.546,77.2739,19,-0.9659258262890684,0.2588190451025203,23.5,-0.37231484,26.62768515944481,23.7
2026-09-29 20:00:00,26.5,72,5.1,0.0,South East Delhi,28.546,77.2739,20,-0.8660254037844386,0.5000000000000001,23.3,-0.44012952,26.05987048149109,23.0
2026-09-29 21:00:00,26.0,74,5.8,0.0,South East Delhi,28.546,77.2739,21,-0.7071067811865477,0.7071067811865474,23.2,-0.2659173,25.73408269882202,22.1
2026-09-29 22:00:00,25.6,75,6.3,0.0,South East Delhi,28.546,77.2739,22,-0.5000000000000004,0.8660254037844384,23.1,-0.18531147,25.414688533544545,21.4
2026-09-29 23:00:00,25.2,75,6.6,0.0,South East Delhi,28.546,77.2739,23,-0.2588190451025215,0.965925826289068,22.9,0.033285804,25.233285804092883,20.9
2026-09-30 00:00:00,24.9,75,6.4,0.0,South East Delhi,28.546,77.2739,0,0.0,1.0,22.8,-0.18447195,24.71552805006504,20.2
2026-09-30 01:00:00,24.5,75,6.4,0.0,South East Delhi,28.546,77.2739,1,0.2588190451025207,0.9659258262890684,22.8,-0.30911118,24.190888822078705,19.3
2026-09-30 02:00:00,24.1,77,6.2,0.0,South East Delhi,28.546,77.2739,2,0.4999999999999999,0.8660254037844387,22.8,-0.55781186,23.542188143730165,18.6
2026-09-30 03:00:00,23.7,78,6.4,0.0,South East Delhi,28.546,77.2739,3,0.7071067811865476,0.7071067811865476,22.5,-0.31123412,23.38876588344574,18.3
2026-09-30 04:00:00,23.4,79,6.8,0.0,South East Delhi,28.546,77.2739,4,0.8660254037844386,0.5000000000000001,22.4,-0.31032088,23.089679116010664,17.6
2026-09-30 05:00:00,23.0,80,7.1,0.0,South East Delhi,28.546,77.2739,5,0.9659258262890684,0.2588190451025207,22.3,0.07240605,23.07240605354309,17.4
2026-09-30 06:00:00,22.7,82,7.0,2.0,South East Delhi,28.546,77.2739,6,1.0,6.123233995736766e-17,22.3,0.05197692,22.751976919174197,17.1
2026-09-30 07:00:00,23.6,81,7.2,84.0,South East Delhi,28.546,77.2739,7,0.9659258262890684,-0.2588190451025206,23.0,0.074840054,23.67484005391598,18.7
2026-09-30 08:00:00,25.4,75,5.6,261.0,South East Delhi,28.546,77.2739,8,0.8660254037844387,-0.4999999999999998,24.4,-0.5016224,24.898377621173857,21.7
2026-09-30 09:00:00,27.4,66,6.3,454.0,South East Delhi,28.546,77.2739,9,0.7071067811865476,-0.7071067811865475,26.0,-0.9918165,26.40818347930908,23.4
2026-09-30 10:00:00,29.0,59,8.1,619.0,South East Delhi,28.546,77.2739,10,0.4999999999999999,-0.8660254037844387,27.6,-1.5893213,27.4106787443161,24.3
2026-09-30 11:00:00,30.3,52,9.1,732.0,South East Delhi,28.546,77.2739,11,0.258819045102521,-0.9659258262890682,28.8,-1.8462206,28.45377938747406,25.6
2026-09-30 12:00:00,31.3,46,10.1,779.0,South East Delhi,28.546,77.2739,12,1.2246467991473532e-16,-1.0,29.8,-1.5950968,29.704903173446656,27.3
2026-09-30 13:00:00,32.0,43,10.7,757.0,South East Delhi,28.546,77.2739,13,-0.2588190451025208,-0.9659258262890684,30.5,-1.9817603,30.018239736557007,27.4
2026-09-30 14:00:00,32.2,41,10.9,670.0,South East Delhi,28.546,77.2739,14,-0.4999999999999997,-0.8660254037844388,30.7,-1.9503126,30.249687385559085,27.5
2026-09-30 15:00:00,32.0,41,11.0,524.0,South East Delhi,28.546,77.2739,15,-0.7071067811865471,-0.7071067811865479,30.6,-1.8918073,30.108192682266235,26.9
2026-09-30 16:00:00,31.3,43,10.7,338.0,South East Delhi,28.546,77.2739,16,-0.8660254037844385,-0.5000000000000004,30.1,-1.6323816,29.667618441581727,25.9
2026-09-30 17:00:00,29.9,51,7.6,145.0,South East Delhi,28.546,77.2739,17,-0.9659258262890684,-0.2588190451025206,29.1,-1.2300098,28.66999020576477,24.7
2026-09-30 18:00:00,28.1,61,5.4,16.0,South East Delhi,28.546,77.2739,18,-1.0,-1.8369701987210294e-16,27.6,-0.40338042,27.696619576215745,24.4
2026-09-30 19:00:00,27.4,64,5.4,0.0,South East Delhi,28.546,77.2739,19,-0.9659258262890684,0.2588190451025203,27.0,-0.42130196,26.97869803905487,23.5
2026-09-30 20:00:00,26.8,67,5.6,0.0,South East Delhi,28.546,77.2739,20,-0.8660254037844386,0.5000000000000001,26.5,-0.4572662,26.342733788490296,22.6
2026-09-30 21:00:00,26.3,68,6.5,0.0,South East Delhi,28.546,77.2739,21,-0.7071067811865477,0.7071067811865474,26.0,-0.5081916,25.79180841445923,21.4
2026-09-30 22:00:00,25.8,69,6.5,0.0,South East Delhi,28.546,77.2739,22,-0.5000000000000004,0.8660254037844384,25.6,-0.36981517,25.43018482923508,20.9
2026-09-30 23:00:00,25.2,71,5.5,0.0,South East Delhi,28.546,77.2739,23,-0.2588190451025215,0.965925826289068,25.2,-0.08002269,25.11997730731964,21.1
2026-10-01 00:00:00,24.9,72,5.1,0.0,South East Delhi,28.546,77.2739,0,0.0,1.0,24.9,-0.46601802,24.43398197889328,20.5
2026-10-01 01:00:00,24.6,73,4.9,0.0,South East Delhi,28.546,77.2739,1,0.2588190451025207,0.9659258262890684,24.5,-0.5906572,24.00934282541275,20.2
2026-10-01 02:00:00,24.3,74,5.9,0.0,South East Delhi,28.546,77.2739,2,0.4999999999999999,0.8660254037844387,24.1,-0.5855611,23.71443890333176,18.9
2026-10-01 03:00:00,23.9,76,7.4,0.0,South East Delhi,28.546,77.2739,3,0.7071067811865476,0.7071067811865476,23.7,-0.6057726,23.294227385520934,17.4
2026-10-01 04:00:00,23.6,78,7.7,0.0,South East Delhi,28.546,77.2739,4,0.8660254037844386,0.5000000000000001,23.4,-0.38208777,23.217912232875825,17.2
2026-10-01 05:00:00,23.4,83,7.0,0.0,South East Delhi,28.546,77.2739,5,0.9659258262890684,0.2588190451025207,23.0,0.07240605,23.47240605354309,18.3
2026-10-01 06:00:00,23.3,83,6.7,2.0,South East Delhi,28.546,77.2739,6,1.0,6.123233995736766e-17,22.7,0.05197692,23.351976919174195,18.3
2026-10-01 07:00:00,24.5,79,7.1,82.0,South East Delhi,28.546,77.2739,7,0.9659258262890684,-0.2588190451025206,23.6,-0.14253405,24.35746595263481,19.7
2026-10-01 08:00:00,26.4,72,4.6,257.0,South East Delhi,28.546,77.2739,8,0.8660254037844387,-0.4999999999999998,25.4,-0.8297569,25.570243084430693,23.3
2026-10-01 09:00:00,28.6,62,5.5,448.0,South East Delhi,28.546,77.2739,9,0.7071067811865476,-0.7071067811865475,27.4,-1.145949,27.45405099391937,25.1
2026-10-01 10:00:00,30.6,54,7.4,612.0,South East Delhi,28.546,77.2739,10,0.4999999999999999,-0.8660254037844387,29.0,-1.5603056,29.03969440460205,26.6
2026-10-01 11:00:00,32.1,47,8.4,725.0,South East Delhi,28.546,77.2739,11,0.258819045102521,-0.9659258262890682,30.3,-1.8529916,30.247008419036867,28.2
2026-10-01 12:00:00,33.4,40,9.4,775.0,South East Delhi,28.546,77.2739,12,1.2246467991473532e-16,-1.0,31.3,-2.6212735,30.77872648239136,28.7
2026-10-01 13:00:00,34.1,37,11.0,755.0,South East Delhi,28.546,77.2739,13,-0.2588190451025208,-0.9659258262890684,32.0,-3.0448291,31.055170869827272,28.7
2026-10-01 14:00:00,34.4,36,11.7,666.0,South East Delhi,28.546,77.2739,14,-0.4999999999999997,-0.8660254037844388,32.2,-3.0502145,31.349785470962523,28.8
2026-10-01 15:00:00,34.2,36,12.1,518.0,South East Delhi,28.546,77.2739,15,-0.7071067811865471,-0.7071067811865479,32.0,-3.0321023,31.167897653579715,28.0
2026-10-01 16:00:00,33.4,39,11.4,333.0,South East Delhi,28.546,77.2739,16,-0.8660254037844385,-0.5000000000000004,31.3,-2.5795262,30.82047381401062,27.5
2026-10-01 17:00:00,32.0,46,8.7,142.0,South East Delhi,28.546,77.2739,17,-0.9659258262890684,-0.2588190451025206,29.9,-1.7036332,30.296366810798645,27.0
2026-10-01 18:00:00,30.0,56,5.2,15.0,South East Delhi,28.546,77.2739,18,-1.0,-1.8369701987210294e-16,28.1,-1.5968691,28.403130888938904,25.2
2026-10-01 19:00:00,29.1,61,5.0,0.0,South East Delhi,28.546,77.2739,19,-0.9659258262890684,0.2588190451025203,27.4,-1.5197091,27.58029088973999,24.5
2026-10-01 20:00:00,28.4,64,5.4,0.0,South East Delhi,28.546,77.2739,20,-0.8660254037844386,0.5000000000000001,26.8,-1.0469747,27.35302534103393,24.1
2026-10-01 21:00:00,27.8,67,5.9,0.0,South East Delhi,28.546,77.2739,21,-0.7071067811865477,0.7071067811865474,26.3,-0.6804917,27.11950831413269,23.7
2026-10-01 22:00:00,27.1,70,6.0,0.0,South East Delhi,28.546,77.2739,22,-0.5000000000000004,0.8660254037844384,25.8,-0.6500444,26.4499556183815,22.8
2026-10-01 23:00:00,26.7,70,5.3,0.0,South East Delhi,28.546,77.2739,23,-0.2588190451025215,0.965925826289068,25.2,-0.53702325,26.1629767537117,22.8
2026-10-02 00:00:00,26.2,71,4.2,0.0,South East Delhi,28.546,77.2739,0,0.0,1.0,24.9,-0.85645825,25.343541753292083,22.7
2026-10-02 01:00:00,25.6,73,5.9,0.0,South East Delhi,28.546,77.2739,1,0.2588190451025207,0.9659258262890684,24.6,-0.51780653,25.082193470001226,20.9
2026-10-02 02:00:00,25.2,74,6.6,0.0,South East Delhi,28.546,77.2739,2,0.4999999999999999,0.8660254037844387,24.3,-0.64363676,24.556363236904144,19.8
2026-10-02 03:00:00,24.7,75,7.4,0.0,South East Delhi,28.546,77.2739,3,0.7071067811865476,0.7071067811865476,23.9,-0.63352185,24.066478145122527,18.6
2026-10-02 04:00:00,24.2,77,7.9,0.0,South East Delhi,28.546,77.2739,4,0.8660254037844386,0.5000000000000001,23.6,-0.70437545,23.495624554157256,17.5
2026-10-02 05:00:00,24.1,76,7.6,0.0,South East Delhi,28.546,77.2739,5,0.9659258262890684,0.2588190451025207,23.4,-0.5460578,23.553942179679872,17.7
2026-10-02 06:00:00,24.6,73,7.1,1.0,South East Delhi,28.546,77.2739,6,1.0,6.123233995736766e-17,23.3,-0.7033765,23.89662352800369,18.3
2026-10-02 07:00:00,25.4,67,6.5,86.0,South East Delhi,28.546,77.2739,7,0.9659258262890684,-0.2588190451025206,24.5,-0.66009706,24.73990293741226,19.8
2026-10-02 08:00:00,26.7,61,6.3,258.0,South East Delhi,28.546,77.2739,8,0.8660254037844387,-0.4999999999999998,26.4,-0.9098134,25.790186595916747,21.6
2026-10-02 09:00:00,28.7,53,6.9,464.0,South East Delhi,28.546,77.2739,9,0.7071067811865476,-0.7071067811865475,28.6,-0.9606545,27.739345502853396,24.3
2026-10-02 10:00:00,31.1,44,7.9,618.0,South East Delhi,28.546,77.2739,10,0.4999999999999999,-0.8660254037844387,30.6,-1.4028002,29.69719979763031,26.9
2026-10-02 11:00:00,33.1,38,9.1,721.0,South East Delhi,28.546,77.2739,11,0.258819045102521,-0.9659258262890682,32.1,-2.1476903,30.952309703826906,28.7
2026-10-02 12:00:00,34.4,34,10.5,783.0,South East Delhi,28.546,77.2739,12,1.2246467991473532e-16,-1.0,33.4,-2.8522394,31.54776062965393,29.5
2026-10-02 13:00:00,35.3,30,12.2,753.0,South East Delhi,28.546,77.2739,13,-0.2588190451025208,-0.9659258262890684,34.1,-3.320884,31.97911601066589,29.6
2026-10-02 14:00:00,35.7,29,13.4,657.0,South East Delhi,28.546,77.2739,14,-0.4999999999999997,-0.8660254037844388,34.4,-3.4618587,32.238141250610354,29.1
2026-10-02 15:00:00,35.3,30,13.3,484.0,South East Delhi,28.546,77.2739,15,-0.7071067811865471,-0.7071067811865479,34.2,-3.3485098,31.951490211486814,28.4
2026-10-02 16:00:00,34.4,32,12.4,334.0,South East Delhi,28.546,77.2739,16,-0.8660254037844385,-0.5000000000000004,33.4,-2.8405197,31.55948033332825,28.0
2026-10-02 17:00:00,33.4,36,11.4,163.0,South East Delhi,28.546,77.2739,17,-0.9659258262890684,-0.2588190451025206,32.0,-2.7315981,30.668401861190794,26.7
2026-10-02 18:00:00,32.4,40,10.1,15.0,South East Delhi,28.546,77.2739,18,-1.0,-1.8369701987210294e-16,30.0,-1.691445,30.70855500698089,26.9
2026-10-02 19:00:00,31.2,45,8.5,0.0,South East Delhi,28.546,77.2739,19,-0.9659258262890684,0.2588190451025203,29.1,-2.2033594,28.996640634536742,24.4
2026-10-02 20:00:00,30.1,49,7.3,0.0,South East Delhi,28.546,77.2739,20,-0.8660254037844386,0.5000000000000001,28.4,-1.9185475,28.181452488899232,23.5
2026-10-02 21:00:00,29.3,52,6.5,0.0,South East Delhi,28.546,77.2739,21,-0.7071067811865477,0.7071067811865474,27.8,-1.9799078,27.320092248916627,22.6
2026-10-02 22:00:00,28.5,54,6.1,0.0,South East Delhi,28.546,77.2739,22,-0.5000000000000004,0.8660254037844384,27.1,-1.4508263,27.049173712730408,22.5
2026-10-02 23:00:00,27.8,56,5.8,0.0,South East Delhi,28.546,77.2739,23,-0.2588190451025215,0.965925826289068,26.7,-0.7024905,27.097509491443635,22.9
2026-09-28 00:00:00,22.9,95,2.2,0.0,South West Delhi,28.5742,76.9776,0,0.0,1.0,22.7,-0.4600377,22.439962291717528,23.2
2026-09-28 01:00:00,22.5,97,3.9,0.0,South West Delhi,28.5742,76.9776,1,0.2588190451025207,0.9659258262890684,22.9,-0.34395942,22.15604057908058,20.3
2026-09-28 02:00:00,22.8,97,5.8,0.0,South West Delhi,28.5742,76.9776,2,0.4999999999999999,0.8660254037844387,22.7,-0.13204037,22.667959633469582,18.9
2026-09-28 03:00:00,22.7,97,5.1,0.0,South West Delhi,28.5742,76.9776,3,0.7071067811865476,0.7071067811865476,22.9,-0.16456667,22.535433334112167,19.4
2026-09-28 04:00:00,22.2,99,2.4,0.0,South West Delhi,28.5742,76.9776,4,0.8660254037844386,0.5000000000000001,22.7,-0.46006426,21.73993573784828,22.2
2026-09-28 05:00:00,22.8,96,3.6,0.0,South West Delhi,28.5742,76.9776,5,0.9659258262890684,0.2588190451025207,22.3,-0.25643128,22.54356871843338,21.2
2026-09-28 06:00:00,22.7,97,1.9,1.0,South West Delhi,28.5742,76.9776,6,1.0,6.123233995736766e-17,22.2,-0.34968695,22.350313049554824,23.7
2026-09-28 07:00:00,23.7,90,2.1,49.0,South West Delhi,28.5742,76.9776,7,0.9659258262890684,-0.2588190451025206,23.2,-0.40913042,23.290869575738903,24.2
2026-09-28 08:00:00,24.8,84,4.2,200.0,South West Delhi,28.5742,76.9776,8,0.8660254037844387,-0.4999999999999998,24.6,-0.34250474,24.457495260238648,22.9
2026-09-28 09:00:00,25.7,79,7.2,272.0,South West Delhi,28.5742,76.9776,9,0.7071067811865476,-0.7071067811865475,26.0,-0.5552913,25.144708704948425,21.4
2026-09-28 10:00:00,26.4,74,7.6,295.0,South West Delhi,28.5742,76.9776,10,0.4999999999999999,-0.8660254037844387,27.8,-0.8038517,25.59614827632904,21.7
2026-09-28 11:00:00,26.8,62,8.6,373.0,South West Delhi,28.5742,76.9776,11,0.258819045102521,-0.9659258262890682,29.1,-0.70144993,26.098550069332124,21.7
2026-09-28 12:00:00,26.5,71,8.7,293.0,South West Delhi,28.5742,76.9776,12,1.2246467991473532e-16,-1.0,29.7,-0.49737534,26.00262466073036,21.9
2026-09-28 13:00:00,27.9,65,10.7,554.0,South West Delhi,28.5742,76.9776,13,-0.2588190451025208,-0.9659258262890684,29.7,-1.6654252,26.234574818611144,21.9
2026-09-28 14:00:00,27.1,67,12.5,539.0,South West Delhi,28.5742,76.9776,14,-0.4999999999999997,-0.8660254037844388,29.4,-1.3470839,25.75291607379913,20.1
2026-09-28 15:00:00,25.6,73,15.8,367.0,South West Delhi,28.5742,76.9776,15,-0.7071067811865471,-0.7071067811865479,28.7,-1.0583961,24.54160389900208,14.4
2026-09-28 16:00:00,25.0,77,16.5,265.0,South West Delhi,28.5742,76.9776,16,-0.8660254037844385,-0.5000000000000004,28.1,-0.13695328,24.86304672062397,14.5
2026-09-28 17:00:00,24.4,81,8.7,125.0,South West Delhi,28.5742,76.9776,17,-0.9659258262890684,-0.2588190451025206,27.0,0.81274,25.21274002790451,20.9
2026-09-28 18:00:00,23.9,81,6.8,16.0,South West Delhi,28.5742,76.9776,18,-1.0,-1.8369701987210294e-16,25.6,0.22814901,24.128149011731143,19.5
2026-09-28 19:00:00,23.5,83,3.1,0.0,South West Delhi,28.5742,76.9776,19,-0.9659258262890684,0.2588190451025203,24.6,-0.26992652,23.23007348179817,22.0
2026-09-28 20:00:00,23.2,85,5.7,0.0,South West Delhi,28.5742,76.9776,20,-0.8660254037844386,0.5000000000000001,23.9,-0.09999293,23.10000706911087,18.8
2026-09-28 21:00:00,23.0,86,7.7,0.0,South West Delhi,28.5742,76.9776,21,-0.7071067811865477,0.7071067811865474,23.2,-0.24504244,22.75495755672455,16.9
2026-09-28 22:00:00,22.8,87,6.8,0.0,South West Delhi,28.5742,76.9776,22,-0.5000000000000004,0.8660254037844384,22.8,-0.14190444,22.65809555649757,17.4
2026-09-28 23:00:00,22.6,88,6.0,0.0,South West Delhi,28.5742,76.9776,23,-0.2588190451025215,0.965925826289068,23.4,0.20932099,22.80932099223137,18.3
2026-09-29 00:00:00,22.5,89,5.2,0.0,South West Delhi,28.5742,76.9776,0,0.0,1.0,22.9,-0.16180374,22.338196262717247,18.4
2026-09-29 01:00:00,22.3,90,6.2,0.0,South West Delhi,28.5742,76.9776,1,0.2588190451025207,0.9659258262890684,22.5,-0.032082465,22.26791753545404,17.4
2026-09-29 02:00:00,22.1,91,5.0,0.0,South West Delhi,28.5742,76.9776,2,0.4999999999999999,0.8660254037844387,22.8,-0.28667164,21.813328361511232,17.9
2026-09-29 03:00:00,21.9,92,4.5,0.0,South West Delhi,28.5742,76.9776,3,0.7071067811865476,0.7071067811865476,22.7,-0.21184605,21.688153946399687,18.4
2026-09-29 04:00:00,21.8,92,4.9,0.0,South West Delhi,28.5742,76.9776,4,0.8660254037844386,0.5000000000000001,22.2,-0.21679536,21.58320464491844,17.8
2026-09-29 05:00:00,21.6,93,5.4,0.0,South West Delhi,28.5742,76.9776,5,0.9659258262890684,0.2588190451025207,22.8,0.011174258,21.611174257844688,17.3
2026-09-29 06:00:00,21.6,92,6.2,2.0,South West Delhi,28.5742,76.9776,6,1.0,6.123233995736766e-17,22.7,0.008459091,21.608459091186525,16.4
2026-09-29 07:00:00,22.8,87,6.7,78.0,South West Delhi,28.5742,76.9776,7,0.9659258262890684,-0.2588190451025206,23.7,-0.1916942,22.60830579996109,17.6
2026-09-29 08:00:00,24.9,77,7.1,249.0,South West Delhi,28.5742,76.9776,8,0.8660254037844387,-0.4999999999999998,24.8,-0.77580684,24.12419315576553,19.6
2026-09-29 09:00:00,26.9,68,8.9,438.0,South West Delhi,28.5742,76.9776,9,0.7071067811865476,-0.7071067811865475,25.7,-0.9111842,25.9888158082962,22.0
2026-09-29 10:00:00,28.5,63,10.9,601.0,South West Delhi,28.5742,76.9776,10,0.4999999999999999,-0.8660254037844387,26.4,-1.6593813,26.84061872959137,22.9
2026-09-29 11:00:00,29.7,58,11.0,714.0,South West Delhi,28.5742,76.9776,11,0.258819045102521,-0.9659258262890682,26.8,-2.3914628,27.30853719711304,23.6
2026-09-29 12:00:00,30.6,54,10.8,766.0,South West Delhi,28.5742,76.9776,12,1.2246467991473532e-16,-1.0,26.5,-2.582841,28.017159080505373,24.7
2026-09-29 13:00:00,31.1,51,11.1,753.0,South West Delhi,28.5742,76.9776,13,-0.2588190451025208,-0.9659258262890684,27.9,-2.0116656,29.08833441734314,26.3
2026-09-29 14:00:00,31.3,49,11.5,654.0,South West Delhi,28.5742,76.9776,14,-0.4999999999999997,-0.8660254037844388,27.1,-1.9624249,29.33757512569428,26.2
2026-09-29 15:00:00,31.1,49,11.3,522.0,South West Delhi,28.5742,76.9776,15,-0.7071067811865471,-0.7071067811865479,25.6,-1.6611581,29.438841915130617,26.2
2026-09-29 16:00:00,30.5,52,11.3,342.0,South West Delhi,28.5742,76.9776,16,-0.8660254037844385,-0.5000000000000004,25.0,-1.7028931,28.797106862068176,24.9
2026-09-29 17:00:00,29.1,58,8.9,152.0,South West Delhi,28.5742,76.9776,17,-0.9659258262890684,-0.2588190451025206,24.4,-1.1060808,27.993919229507448,24.0
2026-09-29 18:00:00,26.9,68,6.2,18.0,South West Delhi,28.5742,76.9776,18,-1.0,-1.8369701987210294e-16,23.9,-0.37039953,26.529600465297698,22.7
2026-09-29 19:00:00,26.0,73,6.2,0.0,South West Delhi,28.5742,76.9776,19,-0.9659258262890684,0.2588190451025203,23.5,-0.44539165,25.55460834503174,21.5
2026-09-29 20:00:00,25.3,75,6.1,0.0,South West Delhi,28.5742,76.9776,20,-0.8660254037844386,0.5000000000000001,23.2,-0.4610899,24.83891009092331,20.6
2026-09-29 21:00:00,24.7,77,6.0,0.0,South West Delhi,28.5742,76.9776,21,-0.7071067811865477,0.7071067811865474,23.0,-0.5870664,24.112933588027957,19.6
2026-09-29 22:00:00,24.2,79,5.2,0.0,South West Delhi,28.5742,76.9776,22,-0.5000000000000004,0.8660254037844384,22.8,-0.59190214,23.60809786319733,19.7
2026-09-29 23:00:00,23.8,81,4.6,0.0,South West Delhi,28.5742,76.9776,23,-0.2588190451025215,0.965925826289068,22.6,-0.23830919,23.56169081032276,20.4
2026-09-30 00:00:00,23.3,82,4.8,0.0,South West Delhi,28.5742,76.9776,0,0.0,1.0,22.5,-0.46515667,22.83484332561493,19.1
2026-09-30 01:00:00,22.9,83,5.1,0.0,South West Delhi,28.5742,76.9776,1,0.2588190451025207,0.9659258262890684,22.3,-0.48480976,22.415190243721007,18.2
2026-09-30 02:00:00,22.6,84,4.8,0.0,South West Delhi,28.5742,76.9776,2,0.4999999999999999,0.8660254037844387,22.1,-0.62185746,21.97814253568649,18.0
2026-09-30 03:00:00,22.3,84,4.3,0.0,South West Delhi,28.5742,76.9776,3,0.7071067811865476,0.7071067811865476,21.9,-0.54703194,21.752968060970307,18.3
2026-09-30 04:00:00,22.0,86,4.6,0.0,South West Delhi,28.5742,76.9776,4,0.8660254037844386,0.5000000000000001,21.8,-0.5519812,21.448018789291385,17.6
2026-09-30 05:00:00,21.7,87,5.0,0.0,South West Delhi,28.5742,76.9776,5,0.9659258262890684,0.2588190451025207,21.6,-0.18860503,21.511394974589347,17.2
2026-09-30 06:00:00,21.6,87,5.1,1.0,South West Delhi,28.5742,76.9776,6,1.0,6.123233995736766e-17,21.6,-0.20486583,21.39513417184353,16.9
2026-09-30 07:00:00,23.3,81,6.5,82.0,South West Delhi,28.5742,76.9776,7,0.9659258262890684,-0.2588190451025206,22.8,-0.29191044,23.00808956027031,18.0
2026-09-30 08:00:00,25.6,73,5.4,261.0,South West Delhi,28.5742,76.9776,8,0.8660254037844387,-0.4999999999999998,24.9,-1.0215567,24.578443264961244,21.2
2026-09-30 09:00:00,27.9,63,6.7,456.0,South West Delhi,28.5742,76.9776,9,0.7071067811865476,-0.7071067811865475,26.9,-1.0827874,26.817212605476374,23.6
2026-09-30 10:00:00,29.8,55,9.8,622.0,South West Delhi,28.5742,76.9776,10,0.4999999999999999,-0.8660254037844387,28.5,-1.6929718,28.10702817440033,24.9
2026-09-30 11:00:00,31.0,49,12.0,736.0,South West Delhi,28.5742,76.9776,11,0.258819045102521,-0.9659258262890682,29.7,-1.8458711,29.154128909111023,25.9
2026-09-30 12:00:00,31.8,46,13.5,784.0,South West Delhi,28.5742,76.9776,12,1.2246467991473532e-16,-1.0,30.6,-2.1054752,29.694524812698365,25.8
2026-09-30 13:00:00,32.2,44,13.9,765.0,South West Delhi,28.5742,76.9776,13,-0.2588190451025208,-0.9659258262890684,31.1,-2.0156553,30.184344720840457,26.2
2026-09-30 14:00:00,32.3,44,14.2,674.0,South West Delhi,28.5742,76.9776,14,-0.4999999999999997,-0.8660254037844388,31.3,-1.996728,30.303272056579587,26.1
2026-09-30 15:00:00,32.0,44,13.8,531.0,South West Delhi,28.5742,76.9776,15,-0.7071067811865471,-0.7071067811865479,31.1,-1.9452963,30.05470371246338,25.6
2026-09-30 16:00:00,31.2,48,12.5,345.0,South West Delhi,28.5742,76.9776,16,-0.8660254037844385,-0.5000000000000004,30.5,-1.5203469,29.679653120040893,25.7
2026-09-30 17:00:00,29.5,58,7.1,150.0,South West Delhi,28.5742,76.9776,17,-0.9659258262890684,-0.2588190451025206,29.1,-1.3520583,28.14794170856476,24.5
2026-09-30 18:00:00,27.2,66,5.8,17.0,South West Delhi,28.5742,76.9776,18,-1.0,-1.8369701987210294e-16,26.9,-0.13174503,27.068254974484443,23.6
2026-09-30 19:00:00,26.2,70,5.1,0.0,South West Delhi,28.5742,76.9776,19,-0.9659258262890684,0.2588190451025203,26.0,-0.6456361,25.554363918304443,22.1
2026-09-30 20:00:00,25.4,73,5.2,0.0,South West Delhi,28.5742,76.9776,20,-0.8660254037844386,0.5000000000000001,25.3,-0.6535824,24.74641760587692,21.0
2026-09-30 21:00:00,24.7,76,5.3,0.0,South West Delhi,28.5742,76.9776,21,-0.7071067811865477,0.7071067811865474,24.7,-0.7361417,23.963858318328857,19.9
2026-09-30 22:00:00,24.3,78,5.2,0.0,South West Delhi,28.5742,76.9776,22,-0.5000000000000004,0.8660254037844384,24.2,-0.59190214,23.708097863197327,19.7
2026-09-30 23:00:00,23.9,78,4.1,0.0,South West Delhi,28.5742,76.9776,23,-0.2588190451025215,0.965925826289068,23.8,-0.5081386,23.391861402988432,20.5
2026-10-01 00:00:00,23.7,78,3.8,0.0,South West Delhi,28.5742,76.9776,0,0.0,1.0,23.3,-0.81870604,22.881293964385986,20.2
2026-10-01 01:00:00,23.1,81,4.9,0.0,South West Delhi,28.5742,76.9776,1,0.2588190451025207,0.9659258262890684,22.9,-0.48480976,22.61519024372101,18.6
2026-10-01 02:00:00,22.6,84,5.6,0.0,South West Delhi,28.5742,76.9776,2,0.4999999999999999,0.8660254037844387,22.6,-0.46722618,22.132773822546007,17.3
2026-10-01 03:00:00,22.5,84,6.2,0.0,South West Delhi,28.5742,76.9776,3,0.7071067811865476,0.7071067811865476,22.3,-0.37407047,22.125929534435272,16.8
2026-10-01 04:00:00,22.4,85,5.6,0.0,South West Delhi,28.5742,76.9776,4,0.8660254037844386,0.5000000000000001,22.0,-0.43741226,21.962587738037108,17.1
2026-10-01 05:00:00,22.2,88,5.3,0.0,South West Delhi,28.5742,76.9776,5,0.9659258262890684,0.2588190451025207,21.7,-0.0047407933,22.195259206742048,18.0
2026-10-01 06:00:00,22.2,87,5.1,2.0,South West Delhi,28.5742,76.9776,6,1.0,6.123233995736766e-17,21.6,-0.23657396,21.963426035642623,17.8
2026-10-01 07:00:00,23.9,79,7.0,81.0,South West Delhi,28.5742,76.9776,7,0.9659258262890684,-0.2588190451025206,23.3,-0.48153538,23.418464624881743,18.2
2026-10-01 08:00:00,26.0,68,5.7,258.0,South West Delhi,28.5742,76.9776,8,0.8660254037844387,-0.4999999999999998,25.6,-1.1488937,24.85110628604889,21.0
2026-10-01 09:00:00,28.4,59,6.5,451.0,South West Delhi,28.5742,76.9776,9,0.7071067811865476,-0.7071067811865475,27.9,-1.2716819,27.128318095207213,23.9
2026-10-01 10:00:00,30.8,50,7.9,617.0,South West Delhi,28.5742,76.9776,10,0.4999999999999999,-0.8660254037844387,29.8,-1.5497625,29.2502375125885,26.6
2026-10-01 11:00:00,32.5,43,10.1,734.0,South West Delhi,28.5742,76.9776,11,0.258819045102521,-0.9659258262890682,31.0,-2.0552938,30.444706201553345,28.2
2026-10-01 12:00:00,33.3,41,12.1,784.0,South West Delhi,28.5742,76.9776,12,1.2246467991473532e-16,-1.0,31.8,-2.6436574,30.656342554092404,28.0
2026-10-01 13:00:00,33.7,41,12.9,764.0,South West Delhi,28.5742,76.9776,13,-0.2588190451025208,-0.9659258262890684,32.2,-2.778239,30.92176098823548,28.0
2026-10-01 14:00:00,33.8,40,13.9,675.0,South West Delhi,28.5742,76.9776,14,-0.4999999999999997,-0.8660254037844388,32.3,-2.7750142,31.0249858379364,27.3
2026-10-01 15:00:00,33.3,42,13.7,522.0,South West Delhi,28.5742,76.9776,15,-0.7071067811865471,-0.7071067811865479,32.0,-2.6583598,30.641640233993527,26.6
2026-10-01 16:00:00,32.3,47,11.2,341.0,South West Delhi,28.5742,76.9776,16,-0.8660254037844385,-0.5000000000000004,31.2,-1.8898609,30.410139131546018,27.4
2026-10-01 17:00:00,30.2,60,6.0,148.0,South West Delhi,28.5742,76.9776,17,-0.9659258262890684,-0.2588190451025206,29.5,-1.8338507,28.366149258613586,25.3
2026-10-01 18:00:00,28.1,66,5.1,16.0,South West Delhi,28.5742,76.9776,18,-1.0,-1.8369701987210294e-16,27.2,-0.52939975,27.57060024738312,24.8
2026-10-01 19:00:00,27.1,70,5.4,0.0,South West Delhi,28.5742,76.9776,19,-0.9659258262890684,0.2588190451025203,26.2,-0.77233917,26.32766083478928,23.0
2026-10-01 20:00:00,26.4,73,5.5,0.0,South West Delhi,28.5742,76.9776,20,-0.8660254037844386,0.5000000000000001,25.4,-0.7747397,25.62526031732559,22.1
2026-10-01 21:00:00,25.6,76,5.8,0.0,South West Delhi,28.5742,76.9776,21,-0.7071067811865477,0.7071067811865474,24.7,-0.6451421,24.954857921600343,21.0
2026-10-01 22:00:00,25.1,78,6.3,0.0,South West Delhi,28.5742,76.9776,22,-0.5000000000000004,0.8660254037844384,24.3,-0.44282693,24.65717307329178,20.4
2026-10-01 23:00:00,24.8,78,7.2,0.0,South West Delhi,28.5742,76.9776,23,-0.2588190451025215,0.965925826289068,23.9,-0.25795642,24.54204358458519,19.7
2026-10-02 00:00:00,24.1,80,6.8,0.0,South West Delhi,28.5742,76.9776,0,0.0,1.0,23.7,-0.24391164,23.856088361144067,18.9
2026-10-02 01:00:00,23.5,83,4.7,0.0,South West Delhi,28.5742,76.9776,1,0.2588190451025207,0.9659258262890684,23.1,-0.48480976,23.01519024372101,19.6
2026-10-02 02:00:00,22.9,85,5.1,0.0,South West Delhi,28.5742,76.9776,2,0.4999999999999999,0.8660254037844387,22.6,-0.62185746,22.27814253568649,18.1
2026-10-02 03:00:00,22.4,85,6.1,0.0,South West Delhi,28.5742,76.9776,3,0.7071067811865476,0.7071067811865476,22.5,-0.37407047,22.02592953443527,16.7
2026-10-02 04:00:00,22.0,83,6.3,0.0,South West Delhi,28.5742,76.9776,4,0.8660254037844386,0.5000000000000001,22.4,-0.42545903,21.574540972709656,15.7
2026-10-02 05:00:00,22.1,80,6.0,0.0,South West Delhi,28.5742,76.9776,5,0.9659258262890684,0.2588190451025207,22.2,-0.29434446,21.805655544996263,16.2
2026-10-02 06:00:00,23.1,74,6.2,0.0,South West Delhi,28.5742,76.9776,6,1.0,6.123233995736766e-17,22.2,-0.92906916,22.1709308385849,16.2
2026-10-02 07:00:00,24.5,68,6.3,85.0,South West Delhi,28.5742,76.9776,7,0.9659258262890684,-0.2588190451025206,23.9,-1.005336,23.494663953781128,18.1
2026-10-02 08:00:00,26.3,61,6.6,260.0,South West Delhi,28.5742,76.9776,8,0.8660254037844387,-0.4999999999999998,26.0,-1.2621216,25.03787844181061,20.3
2026-10-02 09:00:00,28.4,54,7.4,465.0,South West Delhi,28.5742,76.9776,9,0.7071067811865476,-0.7071067811865475,28.4,-1.2882969,27.111703062057494,23.2
2026-10-02 10:00:00,30.8,47,8.6,619.0,South West Delhi,28.5742,76.9776,10,0.4999999999999999,-0.8660254037844387,30.8,-1.5668466,29.2331533908844,26.3
2026-10-02 11:00:00,32.7,42,10.2,725.0,South West Delhi,28.5742,76.9776,11,0.258819045102521,-0.9659258262890682,32.5,-2.16723,30.53277010917664,28.2
2026-10-02 12:00:00,33.9,38,12.0,788.0,South West Delhi,28.5742,76.9776,12,1.2246467991473532e-16,-1.0,33.3,-2.5373867,31.362613344192503,29.1
2026-10-02 13:00:00,34.7,34,14.0,760.0,South West Delhi,28.5742,76.9776,13,-0.2588190451025208,-0.9659258262890684,33.7,-3.0646837,31.63531632423401,28.1
2026-10-02 14:00:00,34.7,33,14.5,666.0,South West Delhi,28.5742,76.9776,14,-0.4999999999999997,-0.8660254037844388,33.8,-3.1045945,31.59540553092957,27.4
2026-10-02 15:00:00,33.7,38,12.4,502.0,South West Delhi,28.5742,76.9776,15,-0.7071067811865471,-0.7071067811865479,33.3,-2.2530024,31.446997594833377,28.5
2026-10-02 16:00:00,32.0,47,9.2,342.0,South West Delhi,28.5742,76.9776,16,-0.8660254037844385,-0.5000000000000004,32.3,-1.9231403,30.076859712600708,27.1
2026-10-02 17:00:00,30.3,55,6.9,163.0,South West Delhi,28.5742,76.9776,17,-0.9659258262890684,-0.2588190451025206,30.2,-1.7816527,28.518347311019895,24.9
2026-10-02 18:00:00,29.0,61,6.3,15.0,South West Delhi,28.5742,76.9776,18,-1.0,-1.8369701987210294e-16,28.1,-1.0016899,27.998310089111328,24.4
2026-10-02 19:00:00,27.7,64,6.4,0.0,South West Delhi,28.5742,76.9776,19,-0.9659258262890684,0.2588190451025203,27.1,-0.58816785,27.11183215379715,23.2
2026-10-02 20:00:00,26.6,66,6.4,0.0,South West Delhi,28.5742,76.9776,20,-0.8660254037844386,0.5000000000000001,26.4,-0.7448147,25.85518530607224,21.4
2026-10-02 21:00:00,25.8,68,5.7,0.0,South West Delhi,28.5742,76.9776,21,-0.7071067811865477,0.7071067811865474,25.6,-0.7609326,25.039067375659943,20.7
2026-10-02 22:00:00,25.1,70,5.2,0.0,South West Delhi,28.5742,76.9776,22,-0.5000000000000004,0.8660254037844384,25.1,-0.8494504,24.250549590587617,20.0
2026-10-02 23:00:00,24.5,71,4.9,0.0,South West Delhi,28.5742,76.9776,23,-0.2588190451025215,0.965925826289068,24.8,-0.69434154,23.80565845966339,19.7
2026-09-28 00:00:00,23.6,93,3.3,0.0,West Delhi,28.6381,77.0752,0,0.0,1.0,22.9,-0.30956954,23.290430462360384,22.5
2026-09-28 01:00:00,23.2,96,5.8,0.0,West Delhi,28.6381,77.0752,1,0.2588190451025207,0.9659258262890684,23.1,0.09596686,23.29596686065197,19.8
2026-09-28 02:00:00,23.0,96,6.4,0.0,West Delhi,28.6381,77.0752,2,0.4999999999999999,0.8660254037844387,23.0,-0.019720236,22.980279764160517,18.8
2026-09-28 03:00:00,22.7,97,5.1,0.0,West Delhi,28.6381,77.0752,3,0.7071067811865476,0.7071067811865476,23.1,-0.052246507,22.647753492742776,19.5
2026-09-28 04:00:00,22.4,97,4.1,0.0,West Delhi,28.6381,77.0752,4,0.8660254037844386,0.5000000000000001,23.1,-0.15175451,22.248245486617087,20.2
2026-09-28 05:00:00,23.2,93,5.0,0.0,West Delhi,28.6381,77.0752,5,0.9659258262890684,0.2588190451025207,22.6,0.090070084,23.290070083737373,20.4
2026-09-28 06:00:00,23.0,92,3.6,1.0,West Delhi,28.6381,77.0752,6,1.0,6.123233995736766e-17,22.4,-0.16037197,22.8396280258894,21.4
2026-09-28 07:00:00,23.6,89,1.5,36.0,West Delhi,28.6381,77.0752,7,0.9659258262890684,-0.2588190451025206,23.1,-0.3127799,23.287220096588136,24.9
2026-09-28 08:00:00,24.6,83,2.5,149.0,West Delhi,28.6381,77.0752,8,0.8660254037844387,-0.4999999999999998,24.3,-0.609316,23.99068400859833,24.3
2026-09-28 09:00:00,25.0,80,5.3,151.0,West Delhi,28.6381,77.0752,9,0.7071067811865476,-0.7071067811865475,25.7,-0.14288019,24.85711981356144,21.9
2026-09-28 10:00:00,25.1,79,4.2,130.0,West Delhi,28.6381,77.0752,10,0.4999999999999999,-0.8660254037844387,27.5,0.077158004,25.177158004045488,23.4
2026-09-28 11:00:00,25.6,71,4.4,217.0,West Delhi,28.6381,77.0752,11,0.258819045102521,-0.9659258262890682,29.0,0.077950865,25.67795086503029,23.5
2026-09-28 12:00:00,25.5,75,3.7,198.0,West Delhi,28.6381,77.0752,12,1.2246467991473532e-16,-1.0,28.9,0.16649196,25.666491955518723,24.5
2026-09-28 13:00:00,27.1,67,5.3,501.0,West Delhi,28.6381,77.0752,13,-0.2588190451025208,-0.9659258262890684,29.1,-0.7902798,26.309720194339757,24.0
2026-09-28 14:00:00,27.5,66,8.7,538.0,West Delhi,28.6381,77.0752,14,-0.4999999999999997,-0.8660254037844388,28.9,-1.0267636,26.473236441612244,22.9
2026-09-28 15:00:00,25.6,72,11.6,329.0,West Delhi,28.6381,77.0752,15,-0.7071067811865471,-0.7071067811865479,28.6,-0.6408086,24.959191417694093,19.0
2026-09-28 16:00:00,24.8,79,15.4,247.0,West Delhi,28.6381,77.0752,16,-0.8660254037844385,-0.5000000000000004,27.8,-0.07518507,24.72481493204832,15.3
2026-09-28 17:00:00,24.4,81,7.4,118.0,West Delhi,28.6381,77.0752,17,-0.9659258262890684,-0.2588190451025206,27.0,1.0264825,25.426482462882998,21.6
2026-09-28 18:00:00,24.0,82,7.5,16.0,West Delhi,28.6381,77.0752,18,-1.0,-1.8369701987210294e-16,25.4,0.2937938,24.29379379749298,19.5
2026-09-28 19:00:00,23.8,84,4.4,0.0,West Delhi,28.6381,77.0752,19,-0.9659258262890684,0.2588190451025203,24.5,-2.940814e-05,23.799970591859893,21.2
2026-09-28 20:00:00,23.5,85,7.3,0.0,West Delhi,28.6381,77.0752,20,-0.8660254037844386,0.5000000000000001,24.0,0.026996339,23.52699633873999,18.4
2026-09-28 21:00:00,23.2,87,7.7,0.0,West Delhi,28.6381,77.0752,21,-0.7071067811865477,0.7071067811865474,23.7,-0.018330777,23.181669222936037,17.7
2026-09-28 22:00:00,23.1,88,6.7,0.0,West Delhi,28.6381,77.0752,22,-0.5000000000000004,0.8660254037844384,23.4,0.13677064,23.23677063584328,18.5
2026-09-28 23:00:00,23.0,88,6.9,0.0,West Delhi,28.6381,77.0752,23,-0.2588190451025215,0.965925826289068,24.2,0.33737034,23.33737033605576,18.5
2026-09-29 00:00:00,22.9,89,6.6,0.0,West Delhi,28.6381,77.0752,0,0.0,1.0,23.6,0.15293092,23.05293091535568,18.3
2026-09-29 01:00:00,22.8,89,7.3,0.0,West Delhi,28.6381,77.0752,1,0.2588190451025207,0.9659258262890684,23.2,0.13327774,22.933277744054795,17.7
2026-09-29 02:00:00,22.6,90,7.0,0.0,West Delhi,28.6381,77.0752,2,0.4999999999999999,0.8660254037844387,23.0,-0.019720236,22.580279764160515,17.3
2026-09-29 03:00:00,22.5,90,6.6,0.0,West Delhi,28.6381,77.0752,3,0.7071067811865476,0.7071067811865476,22.7,0.07343559,22.57343558967113,17.6
2026-09-29 04:00:00,22.4,90,6.2,0.0,West Delhi,28.6381,77.0752,4,0.8660254037844386,0.5000000000000001,22.4,0.010093782,22.4100937820971,17.6
2026-09-29 05:00:00,22.2,90,6.5,0.0,West Delhi,28.6381,77.0752,5,0.9659258262890684,0.2588190451025207,23.2,0.14120841,22.34120841026306,17.2
2026-09-29 06:00:00,22.0,90,6.8,2.0,West Delhi,28.6381,77.0752,6,1.0,6.123233995736766e-17,23.0,0.12077929,22.120779290795326,16.7
2026-09-29 07:00:00,22.8,87,5.6,76.0,West Delhi,28.6381,77.0752,7,0.9659258262890684,-0.2588190451025206,23.6,-0.033356305,22.76664369478822,18.7
2026-09-29 08:00:00,24.5,79,5.6,241.0,West Delhi,28.6381,77.0752,8,0.8660254037844387,-0.4999999999999998,24.6,-0.2927612,24.207238793373108,20.8
2026-09-29 09:00:00,26.5,69,6.9,430.0,West Delhi,28.6381,77.0752,9,0.7071067811865476,-0.7071067811865475,25.0,-0.7584866,25.74151337146759,22.2
2026-09-29 10:00:00,28.0,63,8.5,596.0,West Delhi,28.6381,77.0752,10,0.4999999999999999,-0.8660254037844387,25.1,-1.3849629,26.615037083625797,23.1
2026-09-29 11:00:00,29.3,58,8.8,708.0,West Delhi,28.6381,77.0752,11,0.258819045102521,-0.9659258262890682,25.6,-2.24044,27.05956010818481,23.7
2026-09-29 12:00:00,30.2,54,8.7,759.0,West Delhi,28.6381,77.0752,12,1.2246467991473532e-16,-1.0,25.5,-2.0369568,28.163043212890624,25.4
2026-09-29 13:00:00,30.9,50,9.2,745.0,West Delhi,28.6381,77.0752,13,-0.2588190451025208,-0.9659258262890684,27.1,-1.6332192,29.26678075790405,26.8
2026-09-29 14:00:00,31.1,48,9.9,643.0,West Delhi,28.6381,77.0752,14,-0.4999999999999997,-0.8660254037844388,27.5,-1.4790787,29.620921349525453,27.0
2026-09-29 15:00:00,30.9,48,9.8,513.0,West Delhi,28.6381,77.0752,15,-0.7071067811865471,-0.7071067811865479,25.6,-1.4221659,29.47783412933349,26.5
2026-09-29 16:00:00,30.5,50,9.7,334.0,West Delhi,28.6381,77.0752,16,-0.8660254037844385,-0.5000000000000004,24.8,-1.3681973,29.131802678108212,25.7
2026-09-29 17:00:00,29.5,55,9.0,147.0,West Delhi,28.6381,77.0752,17,-0.9659258262890684,-0.2588190451025206,24.4,-1.3713006,28.12869942188263,24.0
2026-09-29 18:00:00,28.1,64,8.7,17.0,West Delhi,28.6381,77.0752,18,-1.0,-1.8369701987210294e-16,24.0,-0.6371352,27.46286479234696,23.3
2026-09-29 19:00:00,27.3,67,8.1,0.0,West Delhi,28.6381,77.0752,19,-0.9659258262890684,0.2588190451025203,23.8,-0.6760852,26.62391482591629,22.2
2026-09-29 20:00:00,26.7,70,8.1,0.0,West Delhi,28.6381,77.0752,20,-0.8660254037844386,0.5000000000000001,23.5,-0.8119803,25.8880196928978,21.1
2026-09-29 21:00:00,26.1,72,8.0,0.0,West Delhi,28.6381,77.0752,21,-0.7071067811865477,0.7071067811865474,23.2,-0.7506459,25.34935412406921,20.4
2026-09-29 22:00:00,25.6,73,7.7,0.0,West Delhi,28.6381,77.0752,22,-0.5000000000000004,0.8660254037844384,23.1,-0.5908475,25.009152507781984,19.9
2026-09-29 23:00:00,25.2,74,8.0,0.0,West Delhi,28.6381,77.0752,23,-0.2588190451025215,0.965925826289068,23.0,-0.28221166,24.917788338661197,19.8
2026-09-30 00:00:00,24.7,75,7.7,0.0,West Delhi,28.6381,77.0752,0,0.0,1.0,22.9,-0.45871118,24.241288822889327,18.8
2026-09-30 01:00:00,24.2,77,7.9,0.0,West Delhi,28.6381,77.0752,1,0.2588190451025207,0.9659258262890684,22.8,-0.55067784,23.649322164058685,17.8
2026-09-30 02:00:00,23.8,78,7.3,0.0,West Delhi,28.6381,77.0752,2,0.4999999999999999,0.8660254037844387,22.6,-0.64817554,23.15182446241379,17.3
2026-09-30 03:00:00,23.4,80,7.0,0.0,West Delhi,28.6381,77.0752,3,0.7071067811865476,0.7071067811865476,22.5,-0.21832983,23.18167016804218,17.7
2026-09-30 04:00:00,23.0,81,6.8,0.0,West Delhi,28.6381,77.0752,4,0.8660254037844386,0.5000000000000001,22.4,-0.2816716,22.71832838654518,17.1
2026-09-30 05:00:00,22.6,83,7.1,0.0,West Delhi,28.6381,77.0752,5,0.9659258262890684,0.2588190451025207,22.2,-0.15055697,22.449443033337594,16.6
2026-09-30 06:00:00,22.4,84,7.1,2.0,West Delhi,28.6381,77.0752,6,1.0,6.123233995736766e-17,22.0,-0.18293932,22.21706067919731,16.2
2026-09-30 07:00:00,23.3,81,6.0,82.0,West Delhi,28.6381,77.0752,7,0.9659258262890684,-0.2588190451025206,22.8,-0.102105275,23.197894725203515,18.7
2026-09-30 08:00:00,25.4,72,4.7,258.0,West Delhi,28.6381,77.0752,8,0.8660254037844387,-0.4999999999999998,24.5,-0.9178688,24.482131206989287,21.7
2026-09-30 09:00:00,27.7,62,5.8,452.0,West Delhi,28.6381,77.0752,9,0.7071067811865476,-0.7071067811865475,26.5,-1.1905372,26.509462785720824,23.5
2026-09-30 10:00:00,29.6,53,8.2,617.0,West Delhi,28.6381,77.0752,10,0.4999999999999999,-0.8660254037844387,28.0,-1.4663907,28.1336092710495,25.0
2026-09-30 11:00:00,31.0,46,9.9,730.0,West Delhi,28.6381,77.0752,11,0.258819045102521,-0.9659258262890682,29.3,-1.5708843,29.429115653038025,26.7
2026-09-30 12:00:00,31.9,42,11.2,779.0,West Delhi,28.6381,77.0752,12,1.2246467991473532e-16,-1.0,30.2,-2.0796492,29.8203507900238,26.9
2026-09-30 13:00:00,32.4,40,11.9,759.0,West Delhi,28.6381,77.0752,13,-0.2588190451025208,-0.9659258262890684,30.9,-1.8623118,30.537688159942626,27.8
2026-09-30 14:00:00,32.6,38,11.9,672.0,West Delhi,28.6381,77.0752,14,-0.4999999999999997,-0.8660254037844388,31.1,-1.9484361,30.651563858985902,27.6
2026-09-30 15:00:00,32.3,39,11.9,527.0,West Delhi,28.6381,77.0752,15,-0.7071067811865471,-0.7071067811865479,30.9,-1.7652646,30.53473536968231,27.2
2026-09-30 16:00:00,31.6,42,11.5,340.0,West Delhi,28.6381,77.0752,16,-0.8660254037844385,-0.5000000000000004,30.5,-1.5845355,30.015464520454408,26.3
2026-09-30 17:00:00,30.4,48,9.4,147.0,West Delhi,28.6381,77.0752,17,-0.9659258262890684,-0.2588190451025206,29.5,-1.2885171,29.111482882499693,25.1
2026-09-30 18:00:00,28.9,57,8.4,17.0,West Delhi,28.6381,77.0752,18,-1.0,-1.8369701987210294e-16,28.1,-0.9321489,27.967851126194,23.7
2026-09-30 19:00:00,28.1,61,7.9,0.0,West Delhi,28.6381,77.0752,19,-0.9659258262890684,0.2588190451025203,27.3,-0.7363252,27.363674795627595,23.0
2026-09-30 20:00:00,27.2,64,7.8,0.0,West Delhi,28.6381,77.0752,20,-0.8660254037844386,0.5000000000000001,26.7,-0.6120874,26.58791257143021,21.9
2026-09-30 21:00:00,26.5,67,8.1,0.0,West Delhi,28.6381,77.0752,21,-0.7071067811865477,0.7071067811865474,26.1,-0.8567089,25.643291115760803,20.5
2026-09-30 22:00:00,26.1,68,8.3,0.0,West Delhi,28.6381,77.0752,22,-0.5000000000000004,0.8660254037844384,25.6,-0.7995151,25.30048487186432,19.9
2026-09-30 23:00:00,25.9,68,7.8,0.0,West Delhi,28.6381,77.0752,23,-0.2588190451025215,0.965925826289068,25.2,-0.40881392,25.491186076402663,20.4
2026-10-01 00:00:00,25.2,70,6.9,0.0,West Delhi,28.6381,77.0752,0,0.0,1.0,24.7,-0.6586124,24.54138762950897,19.3
2026-10-01 01:00:00,24.8,71,6.7,0.0,West Delhi,28.6381,77.0752,1,0.2588190451025207,0.9659258262890684,24.2,-0.6925032,24.107496786117554,18.8
2026-10-01 02:00:00,24.1,75,7.9,0.0,West Delhi,28.6381,77.0752,2,0.4999999999999999,0.8660254037844387,23.8,-0.8538331,23.246166920661928,17.0
2026-10-01 03:00:00,23.6,79,8.4,0.0,West Delhi,28.6381,77.0752,3,0.7071067811865476,0.7071067811865476,23.4,-0.4714531,23.128546899557115,16.8
2026-10-01 04:00:00,23.4,80,8.0,0.0,West Delhi,28.6381,77.0752,4,0.8660254037844386,0.5000000000000001,23.0,-0.27041805,23.12958195209503,17.1
2026-10-01 05:00:00,23.3,84,7.2,0.0,West Delhi,28.6381,77.0752,5,0.9659258262890684,0.2588190451025207,22.6,-0.16251019,23.13748981356621,17.7
2026-10-01 06:00:00,23.2,84,7.1,1.0,West Delhi,28.6381,77.0752,6,1.0,6.123233995736766e-17,22.4,-0.17877099,23.021229010820388,17.6
2026-10-01 07:00:00,24.2,79,6.2,80.0,West Delhi,28.6381,77.0752,7,0.9659258262890684,-0.2588190451025206,23.3,-0.3942313,23.80576871037483,19.3
2026-10-01 08:00:00,26.3,68,4.5,255.0,West Delhi,28.6381,77.0752,8,0.8660254037844387,-0.4999999999999998,25.4,-1.0852958,25.214704203605653,22.6
2026-10-01 09:00:00,28.6,57,5.6,446.0,West Delhi,28.6381,77.0752,9,0.7071067811865476,-0.7071067811865475,27.7,-1.1854508,27.41454920768738,24.6
2026-10-01 10:00:00,30.9,48,6.8,612.0,West Delhi,28.6381,77.0752,10,0.4999999999999999,-0.8660254037844387,29.6,-1.4462844,29.45371558666229,26.9
2026-10-01 11:00:00,32.8,40,8.3,728.0,West Delhi,28.6381,77.0752,11,0.258819045102521,-0.9659258262890682,31.0,-2.1331167,30.666883277893064,28.4
2026-10-01 12:00:00,33.8,36,10.2,778.0,West Delhi,28.6381,77.0752,12,1.2246467991473532e-16,-1.0,31.9,-2.4696774,31.33032255172729,29.3
2026-10-01 13:00:00,34.3,36,11.4,758.0,West Delhi,28.6381,77.0752,13,-0.2588190451025208,-0.9659258262890684,32.4,-2.9228914,31.377108621597287,29.1
2026-10-01 14:00:00,34.5,35,12.0,670.0,West Delhi,28.6381,77.0752,14,-0.4999999999999997,-0.8660254037844388,32.6,-2.9415057,31.558494329452515,29.0
2026-10-01 15:00:00,34.1,37,12.3,522.0,West Delhi,28.6381,77.0752,15,-0.7071067811865471,-0.7071067811865479,32.3,-2.912934,31.18706593513489,28.1
2026-10-01 16:00:00,33.4,40,11.9,337.0,West Delhi,28.6381,77.0752,16,-0.8660254037844385,-0.5000000000000004,31.6,-2.438503,30.96149697303772,27.7
2026-10-01 17:00:00,31.9,47,9.4,145.0,West Delhi,28.6381,77.0752,17,-0.9659258262890684,-0.2588190451025206,30.4,-1.708605,30.19139494895935,26.9
2026-10-01 18:00:00,30.5,55,8.2,15.0,West Delhi,28.6381,77.0752,18,-1.0,-1.8369701987210294e-16,28.9,-1.4802988,29.0197012424469,25.3
2026-10-01 19:00:00,29.5,59,8.3,0.0,West Delhi,28.6381,77.0752,19,-0.9659258262890684,0.2588190451025203,28.1,-1.6657083,27.834291696548465,23.6
2026-10-01 20:00:00,28.6,63,8.0,0.0,West Delhi,28.6381,77.0752,20,-0.8660254037844386,0.5000000000000001,27.2,-1.2688913,27.33110866546631,23.1
2026-10-01 21:00:00,27.9,66,8.4,0.0,West Delhi,28.6381,77.0752,21,-0.7071067811865477,0.7071067811865474,26.5,-1.0402431,26.859756851196288,22.4
2026-10-01 22:00:00,27.3,68,9.2,0.0,West Delhi,28.6381,77.0752,22,-0.5000000000000004,0.8660254037844384,26.1,-0.97491723,26.325082767009736,21.5
2026-10-01 23:00:00,26.9,68,7.9,0.0,West Delhi,28.6381,77.0752,23,-0.2588190451025215,0.965925826289068,25.9,-0.6687901,26.231209897994997,21.6
2026-10-02 00:00:00,26.2,71,8.1,0.0,West Delhi,28.6381,77.0752,0,0.0,1.0,25.2,-0.8418352,25.35816479921341,20.3
2026-10-02 01:00:00,25.3,74,7.8,0.0,West Delhi,28.6381,77.0752,1,0.2588190451025207,0.9659258262890684,24.8,-0.6087534,24.691246616840363,19.4
2026-10-02 02:00:00,24.6,77,7.3,0.0,West Delhi,28.6381,77.0752,2,0.4999999999999999,0.8660254037844387,24.1,-0.89283586,23.707164144515996,18.2
2026-10-02 03:00:00,24.1,79,8.3,0.0,West Delhi,28.6381,77.0752,3,0.7071067811865476,0.7071067811865476,23.6,-0.4714531,23.628546899557115,17.7
2026-10-02 04:00:00,23.7,80,8.5,0.0,West Delhi,28.6381,77.0752,4,0.8660254037844386,0.5000000000000001,23.4,-0.27041805,23.42958195209503,17.4
2026-10-02 05:00:00,23.7,78,8.3,0.0,West Delhi,28.6381,77.0752,5,0.9659258262890684,0.2588190451025207,23.3,-0.47599342,23.224006575345992,17.0
2026-10-02 06:00:00,24.2,72,7.4,0.0,West Delhi,28.6381,77.0752,6,1.0,6.123233995736766e-17,23.2,-0.90263784,23.29736216068268,17.1
2026-10-02 07:00:00,25.2,65,5.8,84.0,West Delhi,28.6381,77.0752,7,0.9659258262890684,-0.2588190451025206,24.2,-0.7847689,24.415231120586395,19.7
2026-10-02 08:00:00,26.6,57,5.1,257.0,West Delhi,28.6381,77.0752,8,0.8660254037844387,-0.4999999999999998,26.3,-1.0862672,25.513732767105104,21.7
2026-10-02 09:00:00,28.7,50,5.7,462.0,West Delhi,28.6381,77.0752,9,0.7071067811865476,-0.7071067811865475,28.6,-1.1391983,27.560801696777343,24.3
2026-10-02 10:00:00,31.1,43,7.2,615.0,West Delhi,28.6381,77.0752,10,0.4999999999999999,-0.8660254037844387,30.9,-1.4305563,29.669443702697755,26.8
2026-10-02 11:00:00,33.1,38,8.7,720.0,West Delhi,28.6381,77.0752,11,0.258819045102521,-0.9659258262890682,32.8,-2.117472,30.982528066635133,28.7
2026-10-02 12:00:00,34.4,33,10.3,784.0,West Delhi,28.6381,77.0752,12,1.2246467991473532e-16,-1.0,33.8,-2.6717408,31.728259229660036,29.8
2026-10-02 13:00:00,35.2,30,12.1,755.0,West Delhi,28.6381,77.0752,13,-0.2588190451025208,-0.9659258262890684,34.3,-3.0629258,32.13707418441773,29.9
2026-10-02 14:00:00,35.5,29,13.2,660.0,West Delhi,28.6381,77.0752,14,-0.4999999999999997,-0.8660254037844388,34.5,-3.3528883,32.147111654281616,29.1
2026-10-02 15:00:00,34.9,32,12.6,492.0,West Delhi,28.6381,77.0752,15,-0.7071067811865471,-0.7071067811865479,34.1,-2.9498181,31.950181865692137,28.9
2026-10-02 16:00:00,33.7,37,11.0,336.0,West Delhi,28.6381,77.0752,16,-0.8660254037844385,-0.5000000000000004,33.4,-2.1248949,31.575105142593387,28.8
2026-10-02 17:00:00,32.5,42,9.8,162.0,West Delhi,28.6381,77.0752,17,-0.9659258262890684,-0.2588190451025206,31.9,-1.7078822,30.792117834091187,27.6
2026-10-02 18:00:00,31.4,46,9.5,15.0,West Delhi,28.6381,77.0752,18,-1.0,-1.8369701987210294e-16,30.5,-1.3996602,30.00033977031708,26.2
2026-10-02 19:00:00,30.2,50,9.7,0.0,West Delhi,28.6381,77.0752,19,-0.9659258262890684,0.2588190451025203,29.5,-1.687473,28.51252694129944,23.9
2026-10-02 20:00:00,29.2,54,9.7,0.0,West Delhi,28.6381,77.0752,20,-0.8660254037844386,0.5000000000000001,28.6,-1.6866506,27.51334936618805,22.4
2026-10-02 21:00:00,28.5,56,9.3,0.0,West Delhi,28.6381,77.0752,21,-0.7071067811865477,0.7071067811865474,27.9,-1.4676174,27.032382607460026,21.8
2026-10-02 22:00:00,27.9,57,9.0,0.0,West Delhi,28.6381,77.0752,22,-0.5000000000000004,0.8660254037844384,27.3,-1.1960198,26.70398023128509,21.4
2026-10-02 23:00:00,27.2,58,8.3,0.0,West Delhi,28.6381,77.0752,23,-0.2588190451025215,0.965925826289068,26.9,-0.717931,26.482069027423854,21.2
