{
"type": "FeatureCollection",
"name": "ncr_zones",
"crs": { "type": "name", "properties": { "name": "urn:ogc:def:crs:OGC:1.3:CRS84" } },
"features": [
{ "type": "Feature", "properties": { "zone_name": "Central Delhi" }, "geometry": { "type": "Polygon", "coordinates": [ [ [ 77.1250384, 28.6502534 ], [ 77.1297366, 28.6383175 ], [ 77.1300689, 28.6374266 ], [ 77.1322788, 28.6315447 ], [ 77.136438, 28.6206239 ], [ 77.136429, 28.6171305 ], [ 77.1368106, 28.6172663 ], [ 77.1372958, 28.6172665 ], [ 77.1381699, 28.6176464 ], [ 77.138375, 28.6177271 ], [ 77.1387108, 28.6170009 ], [ 77.1391507, 28.616709 ], [ 77.1398247, 28.6175485 ], [ 77.1399092, 28.6176706 ], [ 77.1407997, 28.6174445 ], [ 77.1410284, 28.6175012 ], [ 77.141747, 28.6188496 ], [ 77.1437683, 28.621444 ], [ 77.1442174, 28.6225558 ], [ 77.1443522, 28.6238569 ], [ 77.1445666, 28.6242431 ], [ 77.1456011, 28.6248764 ], [ 77.1460426, 28.6242181 ], [ 77.1479539, 28.6231831 ], [ 77.1487301, 28.6241037 ], [ 77.1493664, 28.6265202 ], [ 77.1504854, 28.6263832 ], [ 77.151312, 28.6263441 ], [ 77.1518509, 28.625128 ], [ 77.1532904, 28.6245429 ], [ 77.1555127, 28.6229063 ], [ 77.1563426, 28.621883 ], [ 77.1573293, 28.620982 ], [ 77.156319, 28.6200844 ], [ 77.1575843, 28.6189679 ], [ 77.162552, 28.6155928 ], [ 77.1638097, 28.6112239 ], [ 77.1639983, 28.6062082 ], [ 77.1638007, 28.6041813 ], [ 77.1644026, 28.6035267 ], [ 77.1650763, 28.6038343 ], [ 77.1661363, 28.6040867 ], [ 77.1671604, 28.6039605 ], [ 77.1688492, 28.6034873 ], [ 77.1693253, 28.6031403 ], [ 77.1708255, 28.6058769 ], [ 77.171607, 28.6079905 ], [ 77.1747332, 28.6117287 ], [ 77.174823, 28.6143468 ], [ 77.1762513, 28.6171227 ], [ 77.1764579, 28.6191099 ], [ 77.1767634, 28.6198353 ], [ 77.1790271, 28.6224296 ], [ 77.1807429, 28.6236992 ], [ 77.1843272, 28.6261751 ], [ 77.1868425, 28.6291399 ], [ 77.188172, 28.6313082 ], [ 77.1892949, 28.6337051 ], [ 77.1898788, 28.6342018 ], [ 77.1933553, 28.6381282 ], [ 77.1946578, 28.6402097 ], [ 77.1965353, 28.6427483 ], [ 77.1969126, 28.6435367 ], [ 77.1973438, 28.6451844 ], [ 77.1985475, 28.6448848 ], [ 77.2033625, 28.6426773 ], [ 77.2048357, 28.6412898 ], [ 77.205249, 28.6410611 ], [ 77.2138818, 28.6361493 ], [ 77.2161725, 28.6394212 ], [ 77.2182296, 28.6418732 ], [ 77.2184632, 28.6419284 ], [ 77.2180679, 28.644325 ], [ 77.2179242, 28.6456022 ], [ 77.213756, 28.6461777 ], [ 77.2130373, 28.6467217 ], [ 77.2111599, 28.6470764 ], [ 77.211106, 28.6468557 ], [ 77.2099831, 28.6470764 ], [ 77.2102885, 28.6484481 ], [ 77.2102346, 28.6491025 ], [ 77.2100999, 28.6502771 ], [ 77.2090668, 28.6503244 ], [ 77.2086266, 28.6505215 ], [ 77.2089051, 28.6517907 ], [ 77.2072342, 28.6522242 ], [ 77.206309, 28.6520981 ], [ 77.2050962, 28.6505924 ], [ 77.2037128, 28.6570644 ], [ 77.2030391, 28.6587434 ], [ 77.203084, 28.6593425 ], [ 77.2032906, 28.6598233 ], [ 77.2037667, 28.6606273 ], [ 77.2042878, 28.661053 ], [ 77.2049974, 28.6617072 ], [ 77.2053568, 28.6625506 ], [ 77.1991584, 28.6626925 ], [ 77.1982511, 28.6625664 ], [ 77.1980804, 28.662929 ], [ 77.1967239, 28.662322 ], [ 77.1958885, 28.6620067 ], [ 77.1949363, 28.6618176 ], [ 77.1928792, 28.6620146 ], [ 77.1920078, 28.6623063 ], [ 77.1915047, 28.6614629 ], [ 77.1898159, 28.6615969 ], [ 77.184947, 28.6628029 ], [ 77.1830067, 28.6637093 ], [ 77.1807699, 28.664403 ], [ 77.1805183, 28.6635674 ], [ 77.18121, 28.6633389 ], [ 77.1806261, 28.6631733 ], [ 77.1805902, 28.6630787 ], [ 77.18121, 28.6610609 ], [ 77.1811292, 28.660383 ], [ 77.1807968, 28.6602174 ], [ 77.1798356, 28.6601071 ], [ 77.1797188, 28.6589089 ], [ 77.1794943, 28.658704 ], [ 77.1789553, 28.6586015 ], [ 77.1771856, 28.6586882 ], [ 77.1771137, 28.65749 ], [ 77.1759998, 28.6574506 ], [ 77.17591, 28.6568909 ], [ 77.1751105, 28.6564337 ], [ 77.1749847, 28.6557164 ], [ 77.1745266, 28.6547705 ], [ 77.1740954, 28.6544709 ], [ 77.1736642, 28.6544788 ], [ 77.1731611, 28.6546128 ], [ 77.1728288, 28.6550227 ], [ 77.1728288, 28.6555509 ], [ 77.1731791, 28.6560081 ], [ 77.1732689, 28.657222 ], [ 77.1730713, 28.6574506 ], [ 77.1729815, 28.658097 ], [ 77.1731611, 28.6585463 ], [ 77.1698463, 28.6596656 ], [ 77.1703225, 28.6603672 ], [ 77.1702506, 28.6605879 ], [ 77.1706099, 28.6610924 ], [ 77.1706279, 28.6616914 ], [ 77.1708435, 28.6619595 ], [ 77.1706279, 28.6624482 ], [ 77.1701787, 28.6626452 ], [ 77.1698014, 28.6638276 ], [ 77.1696757, 28.6638749 ], [ 77.1698643, 28.6647734 ], [ 77.1699362, 28.6649941 ], [ 77.1695679, 28.6655144 ], [ 77.1696397, 28.6665784 ], [ 77.170017, 28.6667282 ], [ 77.170583, 28.6668464 ], [ 77.171652, 28.6669016 ], [ 77.1731611, 28.6667913 ], [ 77.1735384, 28.6666494 ], [ 77.1735833, 28.6667361 ], [ 77.1671604, 28.6690218 ], [ 77.1594888, 28.6721115 ], [ 77.1577371, 28.6711736 ], [ 77.151889, 28.6721903 ], [ 77.1401031, 28.6737587 ], [ 77.1386299, 28.6703933 ], [ 77.1380101, 28.6695893 ], [ 77.136447, 28.6682337 ], [ 77.1375968, 28.6676189 ], [ 77.138046, 28.6672326 ], [ 77.1378573, 28.6672169 ], [ 77.1299342, 28.6612737 ], [ 77.1312278, 28.6603672 ], [ 77.1324585, 28.6591375 ], [ 77.1317308, 28.6584675 ], [ 77.1320452, 28.6581128 ], [ 77.1319195, 28.6578921 ], [ 77.133231, 28.658365 ], [ 77.1334376, 28.6585542 ], [ 77.133788, 28.6603751 ], [ 77.1358541, 28.6593819 ], [ 77.1367614, 28.6587828 ], [ 77.136977, 28.6588064 ], [ 77.1377855, 28.6584044 ], [ 77.1356744, 28.6551804 ], [ 77.1343809, 28.6539033 ], [ 77.1344168, 28.6534934 ], [ 77.1296288, 28.6522479 ], [ 77.1272213, 28.6515226 ], [ 77.1250384, 28.6502534 ] ] ] } },
{ "type": "Feature", "properties": { "zone_name": "Gurugram" }, "geometry": { "type": "Polygon", "coordinates": [ [ [ 76.6510198, 28.3070693 ], [ 76.6523723, 28.3061458 ], [ 76.6599077, 28.3043718 ], [ 76.6652624, 28.303181 ], [ 76.6671118, 28.3025006 ], [ 76.6694855, 28.3094265 ], [ 76.6713349, 28.3098882 ], [ 76.6716937, 28.310763 ], [ 76.6716937, 28.3139949 ], [ 76.6737362, 28.3166679 ], [ 76.6776281, 28.3167165 ], [ 76.6800295, 28.3162062 ], [ 76.6857155, 28.3137519 ], [ 76.6849426, 28.3102284 ], [ 76.6829829, 28.3050523 ], [ 76.681796, 28.3004591 ], [ 76.6835625, 28.2990982 ], [ 76.681106, 28.2944319 ], [ 76.6832865, 28.2932653 ], [ 76.6811888, 28.2918313 ], [ 76.6792014, 28.2889876 ], [ 76.6782078, 28.2822062 ], [ 76.6764688, 28.2755702 ], [ 76.6745367, 28.2716321 ], [ 76.673819, 28.269347 ], [ 76.6764412, 28.2690067 ], [ 76.6778765, 28.2686421 ], [ 76.6777109, 28.2663083 ], [ 76.6777937, 28.2657005 ], [ 76.6780697, 28.264412 ], [ 76.678401, 28.2630749 ], [ 76.6796707, 28.2625644 ], [ 76.6811612, 28.2625887 ], [ 76.68221, 28.2622483 ], [ 76.6829001, 28.2613974 ], [ 76.6838938, 28.261446 ], [ 76.685053, 28.2624914 ], [ 76.6861847, 28.2636584 ], [ 76.6885585, 28.2652872 ], [ 76.6924228, 28.2622483 ], [ 76.6939961, 28.2607167 ], [ 76.6949069, 28.2601332 ], [ 76.6965078, 28.2594038 ], [ 76.6981088, 28.258869 ], [ 76.6997373, 28.2591121 ], [ 76.7017522, 28.2596226 ], [ 76.704678, 28.2604736 ], [ 76.706831, 28.2612272 ], [ 76.7089839, 28.2622483 ], [ 76.7115509, 28.264485 ], [ 76.7147803, 28.263391 ], [ 76.7218464, 28.2595983 ], [ 76.7275876, 28.2568997 ], [ 76.7340741, 28.2539821 ], [ 76.7384076, 28.2519154 ], [ 76.744618, 28.2497272 ], [ 76.7482891, 28.2487789 ], [ 76.7503316, 28.2484871 ], [ 76.7538923, 28.2479279 ], [ 76.7570665, 28.2469067 ], [ 76.7596611, 28.2455207 ], [ 76.7610136, 28.2445481 ], [ 76.7624213, 28.2425785 ], [ 76.7640222, 28.2415329 ], [ 76.7651539, 28.240925 ], [ 76.7668652, 28.2407548 ], [ 76.7689906, 28.2400982 ], [ 76.7697634, 28.2392715 ], [ 76.7700946, 28.237934 ], [ 76.7696806, 28.2361102 ], [ 76.769791, 28.2341162 ], [ 76.7709227, 28.2330462 ], [ 76.7713367, 28.2312466 ], [ 76.771806, 28.2303955 ], [ 76.7733793, 28.2292039 ], [ 76.7746214, 28.2282797 ], [ 76.7759186, 28.2269422 ], [ 76.7785408, 28.2245831 ], [ 76.781301, 28.2237076 ], [ 76.7846409, 28.2275258 ], [ 76.789968, 28.2357455 ], [ 76.7932251, 28.2418247 ], [ 76.7936667, 28.2429919 ], [ 76.7942739, 28.2444022 ], [ 76.79455, 28.246007 ], [ 76.7949088, 28.2476604 ], [ 76.7951572, 28.2483655 ], [ 76.7963441, 28.2491436 ], [ 76.7973654, 28.2496542 ], [ 76.7975586, 28.2506997 ], [ 76.7966477, 28.2523287 ], [ 76.7961647, 28.2541158 ], [ 76.7961371, 28.2547966 ], [ 76.7963497, 28.2549202 ], [ 76.7968271, 28.2551977 ], [ 76.7976276, 28.2555503 ], [ 76.7986627, 28.2555867 ], [ 76.8001118, 28.2548695 ], [ 76.8010916, 28.2537754 ], [ 76.8019611, 28.2532405 ], [ 76.8029686, 28.253277 ], [ 76.8037552, 28.2538605 ], [ 76.8043349, 28.2545899 ], [ 76.8050387, 28.2553801 ], [ 76.8058668, 28.2558907 ], [ 76.8076885, 28.2554166 ], [ 76.8088892, 28.2551491 ], [ 76.8105177, 28.2542617 ], [ 76.8114424, 28.2536417 ], [ 76.8120358, 28.252584 ], [ 76.811194, 28.2506632 ], [ 76.8106143, 28.2497758 ], [ 76.8100071, 28.2489248 ], [ 76.8092066, 28.2482075 ], [ 76.8084614, 28.2466027 ], [ 76.8100209, 28.2456179 ], [ 76.8114148, 28.244621 ], [ 76.8120082, 28.2439523 ], [ 76.8118288, 28.2430648 ], [ 76.8107247, 28.2418733 ], [ 76.8125464, 28.2406332 ], [ 76.8130709, 28.2408277 ], [ 76.8139127, 28.2416909 ], [ 76.8151134, 28.243077 ], [ 76.8162865, 28.2444873 ], [ 76.8175286, 28.2440374 ], [ 76.8181634, 28.2436727 ], [ 76.8186603, 28.2437335 ], [ 76.8195159, 28.2441833 ], [ 76.8204958, 28.2441833 ], [ 76.8213515, 28.244001 ], [ 76.8224969, 28.2439037 ], [ 76.8243463, 28.2443778 ], [ 76.8255608, 28.2442198 ], [ 76.8274377, 28.2433566 ], [ 76.8309431, 28.2421165 ], [ 76.8354837, 28.2404083 ], [ 76.8373606, 28.2398733 ], [ 76.8397896, 28.2391863 ], [ 76.841142, 28.2387851 ], [ 76.843601, 28.2382978 ], [ 76.8477186, 28.2393311 ], [ 76.8507257, 28.2381989 ], [ 76.8577349, 28.234414 ], [ 76.858649, 28.2366929 ], [ 76.8617434, 28.2428487 ], [ 76.8646881, 28.2462782 ], [ 76.8672834, 28.2481248 ], [ 76.8680321, 28.249048 ], [ 76.868394, 28.2514661 ], [ 76.8685188, 28.2534995 ], [ 76.8688432, 28.2544447 ], [ 76.8695669, 28.2543897 ], [ 76.8705152, 28.254082 ], [ 76.8712014, 28.2543018 ], [ 76.8716007, 28.2549173 ], [ 76.8718752, 28.2557306 ], [ 76.8723993, 28.2570715 ], [ 76.8729857, 28.2580277 ], [ 76.8746827, 28.2601049 ], [ 76.8763422, 28.2623469 ], [ 76.8784634, 28.2617095 ], [ 76.8795864, 28.2611929 ], [ 76.881221, 28.2605335 ], [ 76.8834295, 28.2591048 ], [ 76.8860123, 28.2571374 ], [ 76.8897057, 28.2545766 ], [ 76.8914651, 28.2536204 ], [ 76.8935613, 28.2520377 ], [ 76.8950087, 28.2518618 ], [ 76.8968554, 28.2519387 ], [ 76.8982404, 28.2519387 ], [ 76.8991013, 28.2522685 ], [ 76.8998999, 28.252873 ], [ 76.9005238, 28.2533896 ], [ 76.9039302, 28.2569836 ], [ 76.9051904, 28.2586212 ], [ 76.9067501, 28.2614677 ], [ 76.9081476, 28.2629404 ], [ 76.9094328, 28.2629294 ], [ 76.9107928, 28.2629404 ], [ 76.9116164, 28.2626546 ], [ 76.9125522, 28.2624458 ], [ 76.9132634, 28.2624238 ], [ 76.9138998, 28.2631931 ], [ 76.9152848, 28.2656659 ], [ 76.9155218, 28.2673473 ], [ 76.9153721, 28.2702925 ], [ 76.9160085, 28.2720617 ], [ 76.9169942, 28.2742375 ], [ 76.9180174, 28.2766551 ], [ 76.9180548, 28.2772594 ], [ 76.917381, 28.2779188 ], [ 76.9165325, 28.2788528 ], [ 76.9150976, 28.2804681 ], [ 76.9124399, 28.2833359 ], [ 76.9114167, 28.2843908 ], [ 76.9111048, 28.2849951 ], [ 76.9111921, 28.2858741 ], [ 76.9107554, 28.2864235 ], [ 76.9096574, 28.2874014 ], [ 76.9077608, 28.2893682 ], [ 76.9048785, 28.2904889 ], [ 76.9058018, 28.2926204 ], [ 76.9070745, 28.2947079 ], [ 76.9064382, 28.2957187 ], [ 76.9055647, 28.2963339 ], [ 76.9053152, 28.29707 ], [ 76.9052777, 28.2976853 ], [ 76.9048785, 28.2989157 ], [ 76.9048036, 28.2997946 ], [ 76.9049783, 28.3006186 ], [ 76.9055273, 28.3008713 ], [ 76.9065255, 28.3006955 ], [ 76.9073241, 28.300311 ], [ 76.9080602, 28.2997946 ], [ 76.9087839, 28.2993112 ], [ 76.9094702, 28.2988059 ], [ 76.9100567, 28.2984763 ], [ 76.9109925, 28.2991135 ], [ 76.9122278, 28.3003879 ], [ 76.9144238, 28.2997397 ], [ 76.9155468, 28.2992563 ], [ 76.9164452, 28.2993332 ], [ 76.9173436, 28.300278 ], [ 76.9176929, 28.3010251 ], [ 76.9198765, 28.3041561 ], [ 76.9261278, 28.3137902 ], [ 76.9311188, 28.3201173 ], [ 76.933215, 28.3242912 ], [ 76.9346125, 28.3223141 ], [ 76.9354111, 28.3205127 ], [ 76.9356606, 28.318228 ], [ 76.9371579, 28.318228 ], [ 76.9382061, 28.3178326 ], [ 76.9397533, 28.3167781 ], [ 76.9406267, 28.3157016 ], [ 76.9420991, 28.3169977 ], [ 76.944395, 28.3175909 ], [ 76.9457675, 28.3173273 ], [ 76.9473397, 28.3164046 ], [ 76.9479885, 28.3158773 ], [ 76.9488869, 28.3164705 ], [ 76.9495607, 28.3172614 ], [ 76.9501596, 28.316778 ], [ 76.9502095, 28.3161849 ], [ 76.9505589, 28.3150644 ], [ 76.9507585, 28.3132629 ], [ 76.9515571, 28.3126698 ], [ 76.9528049, 28.313197 ], [ 76.9532541, 28.3140538 ], [ 76.9535535, 28.3155038 ], [ 76.9536034, 28.316119 ], [ 76.9524555, 28.3171295 ], [ 76.952705, 28.3181181 ], [ 76.9536284, 28.3186234 ], [ 76.9546016, 28.3189529 ], [ 76.9551257, 28.3192825 ], [ 76.9553253, 28.3199635 ], [ 76.9554252, 28.3213255 ], [ 76.9558993, 28.3220065 ], [ 76.9573467, 28.3221383 ], [ 76.9583699, 28.3223141 ], [ 76.9590936, 28.3232587 ], [ 76.9600918, 28.3254774 ], [ 76.96109, 28.3269492 ], [ 76.9626122, 28.3263341 ], [ 76.9640846, 28.3256751 ], [ 76.9656069, 28.3259168 ], [ 76.9664803, 28.3262463 ], [ 76.9681024, 28.3265977 ], [ 76.9693002, 28.3266856 ], [ 76.9696247, 28.3260266 ], [ 76.9701986, 28.3256531 ], [ 76.9711719, 28.3256312 ], [ 76.9721202, 28.3261145 ], [ 76.9725195, 28.3269053 ], [ 76.9728688, 28.3280256 ], [ 76.9730435, 28.3289921 ], [ 76.9734178, 28.3298927 ], [ 76.9740916, 28.3300465 ], [ 76.9751897, 28.3300685 ], [ 76.9759633, 28.330332 ], [ 76.9769615, 28.3308373 ], [ 76.9773108, 28.3327483 ], [ 76.9776353, 28.3340223 ], [ 76.9785836, 28.3346154 ], [ 76.978883, 28.3334073 ], [ 76.9789329, 28.3320893 ], [ 76.9790827, 28.3309691 ], [ 76.9793572, 28.3297829 ], [ 76.9800559, 28.3291239 ], [ 76.9810042, 28.3298268 ], [ 76.9818776, 28.3305078 ], [ 76.9831504, 28.3308812 ], [ 76.9842733, 28.331035 ], [ 76.9857207, 28.3307933 ], [ 76.9867395, 28.3300396 ], [ 76.9866441, 28.3292996 ], [ 76.9862698, 28.3284869 ], [ 76.9863446, 28.3273226 ], [ 76.9868188, 28.3266417 ], [ 76.9874177, 28.3262243 ], [ 76.9883161, 28.325763 ], [ 76.9898134, 28.3256531 ], [ 76.991685, 28.3261364 ], [ 76.9926084, 28.3267076 ], [ 76.9941057, 28.3271469 ], [ 76.9955531, 28.3269492 ], [ 76.9967759, 28.3266417 ], [ 76.9975744, 28.3260266 ], [ 76.998398, 28.3256751 ], [ 76.9995459, 28.325719 ], [ 76.9997954, 28.3236322 ], [ 76.9997951, 28.323619 ], [ 76.9996956, 28.3190629 ], [ 77.0031377, 28.3153915 ], [ 77.0038382, 28.3137463 ], [ 77.0039879, 28.3114175 ], [ 77.0047366, 28.3108463 ], [ 77.0064335, 28.3093962 ], [ 77.0096278, 28.3076386 ], [ 77.0110253, 28.3052217 ], [ 77.0107258, 28.3023654 ], [ 77.0127222, 28.294631 ], [ 77.0130217, 28.2899725 ], [ 77.0132712, 28.2885222 ], [ 77.0146687, 28.286896 ], [ 77.016715, 28.2846545 ], [ 77.0181125, 28.2825009 ], [ 77.0197097, 28.278655 ], [ 77.0203585, 28.2723474 ], [ 77.0202337, 28.2661934 ], [ 77.0216811, 28.2602807 ], [ 77.0213318, 28.2536424 ], [ 77.0209075, 28.251642 ], [ 77.0210323, 28.2498834 ], [ 77.0213068, 28.2488282 ], [ 77.0215314, 28.2481247 ], [ 77.0222302, 28.2472674 ], [ 77.0238772, 28.2469816 ], [ 77.0249503, 28.2472234 ], [ 77.0262729, 28.2475532 ], [ 77.0272462, 28.247817 ], [ 77.0280946, 28.2479049 ], [ 77.0290679, 28.2478609 ], [ 77.0303905, 28.247751 ], [ 77.0317381, 28.2475312 ], [ 77.0325616, 28.2459923 ], [ 77.0330108, 28.2455966 ], [ 77.0335598, 28.2455747 ], [ 77.0351569, 28.2452229 ], [ 77.0376026, 28.2455087 ], [ 77.0411711, 28.2453768 ], [ 77.0444902, 28.2446294 ], [ 77.0466363, 28.2444755 ], [ 77.0495062, 28.2448052 ], [ 77.052376, 28.2445854 ], [ 77.056294, 28.2441237 ], [ 77.0575667, 28.2421671 ], [ 77.0588893, 28.2402984 ], [ 77.0573671, 28.2378361 ], [ 77.0573671, 28.2359014 ], [ 77.0571425, 28.2304708 ], [ 77.0574419, 28.2289537 ], [ 77.0572173, 28.2280742 ], [ 77.0567182, 28.2273266 ], [ 77.0555453, 28.2251279 ], [ 77.0547717, 28.222951 ], [ 77.056843, 28.2216977 ], [ 77.0584401, 28.2205543 ], [ 77.0606362, 28.219081 ], [ 77.0608703, 28.217378 ], [ 77.0614895, 28.2170188 ], [ 77.0621335, 28.2164643 ], [ 77.0634062, 28.2160245 ], [ 77.0643795, 28.2163763 ], [ 77.0651281, 28.2171899 ], [ 77.0658269, 28.2174098 ], [ 77.0662402, 28.2171139 ], [ 77.066439, 28.2169573 ], [ 77.0670247, 28.2165522 ], [ 77.0681477, 28.2160025 ], [ 77.0687965, 28.2155847 ], [ 77.0694204, 28.2153208 ], [ 77.0712421, 28.2146831 ], [ 77.0729141, 28.2163543 ], [ 77.0737876, 28.2175857 ], [ 77.0739872, 28.2189491 ], [ 77.0741619, 28.2206202 ], [ 77.0745861, 28.2219835 ], [ 77.075784, 28.2245782 ], [ 77.079128, 28.2281402 ], [ 77.0815736, 28.2299871 ], [ 77.0847179, 28.2278763 ], [ 77.0866894, 28.2261173 ], [ 77.0862152, 28.2250839 ], [ 77.0875379, 28.2241384 ], [ 77.0884362, 28.2238306 ], [ 77.0915556, 28.223105 ], [ 77.0929531, 28.2229071 ], [ 77.0926537, 28.2216317 ], [ 77.093053, 28.2205323 ], [ 77.0941759, 28.2193009 ], [ 77.0951242, 28.2195868 ], [ 77.0956982, 28.2204004 ], [ 77.0960725, 28.2208841 ], [ 77.0965467, 28.2217637 ], [ 77.096921, 28.223105 ], [ 77.0971706, 28.2234128 ], [ 77.0979941, 28.2235887 ], [ 77.0983684, 28.2242483 ], [ 77.0986679, 28.2252378 ], [ 77.0990422, 28.2260953 ], [ 77.0997409, 28.226733 ], [ 77.1009637, 28.2260294 ], [ 77.1015377, 28.2258315 ], [ 77.1026857, 28.2273486 ], [ 77.1064539, 28.2252818 ], [ 77.1055805, 28.2234788 ], [ 77.1108959, 28.2208181 ], [ 77.1142898, 28.2190151 ], [ 77.1156124, 28.2200925 ], [ 77.1209778, 28.2178936 ], [ 77.1235482, 28.2213239 ], [ 77.1250704, 28.2206422 ], [ 77.1269171, 28.2231929 ], [ 77.1290383, 28.2244902 ], [ 77.130885, 28.2252378 ], [ 77.1324322, 28.2255896 ], [ 77.1333306, 28.2256116 ], [ 77.1339046, 28.2265791 ], [ 77.1356514, 28.2255676 ], [ 77.1366996, 28.2251059 ], [ 77.1375979, 28.22493 ], [ 77.1386211, 28.2252378 ], [ 77.1397441, 28.2242923 ], [ 77.1416906, 28.2220715 ], [ 77.1443109, 28.2205323 ], [ 77.1464071, 28.2182454 ], [ 77.1473804, 28.2176517 ], [ 77.1488278, 28.2167721 ], [ 77.1504499, 28.2172339 ], [ 77.1518973, 28.2173658 ], [ 77.1537939, 28.2168161 ], [ 77.1570879, 28.2152109 ], [ 77.1591093, 28.2137485 ], [ 77.1609934, 28.2131768 ], [ 77.1621538, 28.2130008 ], [ 77.165111, 28.210219 ], [ 77.1652233, 28.2087786 ], [ 77.1657474, 28.2075361 ], [ 77.1660843, 28.2044792 ], [ 77.1687794, 28.2017631 ], [ 77.1715479, 28.2005681 ], [ 77.1730967, 28.2007075 ], [ 77.1796939, 28.2048766 ], [ 77.1826439, 28.2060668 ], [ 77.1868023, 28.2076015 ], [ 77.1892903, 28.2086665 ], [ 77.1905313, 28.2088256 ], [ 77.1927489, 28.2086796 ], [ 77.1958433, 28.2091634 ], [ 77.1979645, 28.2099991 ], [ 77.1997114, 28.2111426 ], [ 77.201009, 28.2116704 ], [ 77.2023067, 28.2117804 ], [ 77.2028557, 28.2127699 ], [ 77.2022568, 28.2135396 ], [ 77.2025563, 28.214837 ], [ 77.2023566, 28.2156067 ], [ 77.2019823, 28.2162004 ], [ 77.2024315, 28.2171899 ], [ 77.2029306, 28.2178936 ], [ 77.2034547, 28.2186852 ], [ 77.203804, 28.2192569 ], [ 77.2011837, 28.2205983 ], [ 77.1990376, 28.2214778 ], [ 77.1973656, 28.2226652 ], [ 77.1986882, 28.2244682 ], [ 77.1996864, 28.2260733 ], [ 77.2006846, 28.2277664 ], [ 77.2014832, 28.2293495 ], [ 77.1988879, 28.2305587 ], [ 77.1952943, 28.2326475 ], [ 77.1927988, 28.2340106 ], [ 77.1911268, 28.2352638 ], [ 77.192125, 28.236473 ], [ 77.1936223, 28.2373085 ], [ 77.1938968, 28.238078 ], [ 77.193822, 28.2397049 ], [ 77.1942212, 28.2402984 ], [ 77.1949699, 28.2413097 ], [ 77.1955439, 28.2422331 ], [ 77.1962676, 28.2432883 ], [ 77.1956936, 28.2441897 ], [ 77.1953193, 28.245179 ], [ 77.2002354, 28.2487842 ], [ 77.2042283, 28.2511584 ], [ 77.2056757, 28.2506088 ], [ 77.2066988, 28.2501692 ], [ 77.2081712, 28.2496416 ], [ 77.2092692, 28.2493558 ], [ 77.2107166, 28.2524114 ], [ 77.2111658, 28.25406 ], [ 77.2120891, 28.255313 ], [ 77.2126132, 28.2561263 ], [ 77.2130374, 28.2569176 ], [ 77.2129875, 28.258852 ], [ 77.2130125, 28.2598411 ], [ 77.2135865, 28.2616216 ], [ 77.2157076, 28.2624788 ], [ 77.2175044, 28.2635338 ], [ 77.2187023, 28.2639514 ], [ 77.2202994, 28.2635118 ], [ 77.2215721, 28.2647207 ], [ 77.2224955, 28.2656219 ], [ 77.2233439, 28.2663033 ], [ 77.2372327, 28.2700559 ], [ 77.2372657, 28.270114 ], [ 77.2377691, 28.2709807 ], [ 77.2386364, 28.2724759 ], [ 77.2387162, 28.2726959 ], [ 77.2390852, 28.2737127 ], [ 77.2397197, 28.2750704 ], [ 77.2408052, 28.277579 ], [ 77.241262, 28.2783367 ], [ 77.2418683, 28.2793423 ], [ 77.2417716, 28.2793791 ], [ 77.241405, 28.2795184 ], [ 77.2407193, 28.2800244 ], [ 77.2373117, 28.2827349 ], [ 77.2356024, 28.2837943 ], [ 77.2308587, 28.2877249 ], [ 77.2283266, 28.2895477 ], [ 77.2283244, 28.2895493 ], [ 77.2274316, 28.2891481 ], [ 77.2270141, 28.2895283 ], [ 77.2264427, 28.2891244 ], [ 77.223747, 28.2875911 ], [ 77.2210849, 28.2898327 ], [ 77.2198326, 28.2905577 ], [ 77.2181699, 28.2915772 ], [ 77.2168579, 28.2924921 ], [ 77.2162804, 28.2928947 ], [ 77.2139664, 28.2942581 ], [ 77.2132375, 28.2950565 ], [ 77.2116237, 28.2961582 ], [ 77.2081731, 28.2989078 ], [ 77.2081392, 28.2988859 ], [ 77.2071742, 28.2982607 ], [ 77.2051285, 28.2944011 ], [ 77.2049717, 28.2935312 ], [ 77.2037721, 28.2921442 ], [ 77.2008159, 28.2894134 ], [ 77.200793, 28.2894325 ], [ 77.1959502, 28.2934669 ], [ 77.1947396, 28.2939442 ], [ 77.1940445, 28.2942014 ], [ 77.1916294, 28.296568 ], [ 77.1915605, 28.2966356 ], [ 77.1915319, 28.2966587 ], [ 77.1893924, 28.2985532 ], [ 77.1865475, 28.2999814 ], [ 77.1833907, 28.3023764 ], [ 77.1820431, 28.3035629 ], [ 77.1792606, 28.3046614 ], [ 77.1767027, 28.3056721 ], [ 77.175455, 28.3058479 ], [ 77.1733462, 28.3066718 ], [ 77.1700522, 28.3075506 ], [ 77.1661467, 28.3086821 ], [ 77.1664836, 28.3112856 ], [ 77.1649364, 28.3116811 ], [ 77.1630148, 28.312472 ], [ 77.1620041, 28.3130872 ], [ 77.1623784, 28.31535 ], [ 77.1613428, 28.3155148 ], [ 77.1595336, 28.3157784 ], [ 77.1580612, 28.3162288 ], [ 77.1574124, 28.3165254 ], [ 77.1566887, 28.3177007 ], [ 77.1559026, 28.3191616 ], [ 77.1552912, 28.3211717 ], [ 77.1543179, 28.3289043 ], [ 77.1521218, 28.3373391 ], [ 77.1506245, 28.3439283 ], [ 77.1505746, 28.3501218 ], [ 77.1516227, 28.3529329 ], [ 77.1524213, 28.3557 ], [ 77.1519721, 28.3588623 ], [ 77.1511735, 28.3629469 ], [ 77.1492769, 28.3640888 ], [ 77.1506245, 28.369798 ], [ 77.1531699, 28.3799421 ], [ 77.1507743, 28.3803812 ], [ 77.1513732, 28.3838063 ], [ 77.1527707, 28.3872313 ], [ 77.1535193, 28.3901731 ], [ 77.1550665, 28.3919733 ], [ 77.1571129, 28.3931588 ], [ 77.1622037, 28.394915 ], [ 77.1649987, 28.3955297 ], [ 77.1690414, 28.3952224 ], [ 77.1697402, 28.3953541 ], [ 77.1709131, 28.3978347 ], [ 77.1727847, 28.4020275 ], [ 77.1740891, 28.4046285 ], [ 77.1714985, 28.4062365 ], [ 77.1711981, 28.4090109 ], [ 77.1693957, 28.4112852 ], [ 77.1678078, 28.4127384 ], [ 77.1656513, 28.4138802 ], [ 77.1651685, 28.4144369 ], [ 77.1648574, 28.4152862 ], [ 77.1655869, 28.4202213 ], [ 77.1658552, 28.4256656 ], [ 77.164042, 28.4271563 ], [ 77.1628404, 28.428515 ], [ 77.1617184, 28.4292351 ], [ 77.1598529, 28.4302505 ], [ 77.1563478, 28.4314326 ], [ 77.1527531, 28.4336623 ], [ 77.1520402, 28.4341045 ], [ 77.1517387, 28.4347895 ], [ 77.1510832, 28.4353556 ], [ 77.1503171, 28.4357065 ], [ 77.1493, 28.4365575 ], [ 77.1470362, 28.436749 ], [ 77.1434076, 28.4375547 ], [ 77.1405987, 28.438483 ], [ 77.1379959, 28.4382283 ], [ 77.1348481, 28.4391509 ], [ 77.1322839, 28.4389245 ], [ 77.1306896, 28.4399226 ], [ 77.1277292, 28.4428335 ], [ 77.1265409, 28.4465841 ], [ 77.1253919, 28.4502107 ], [ 77.1242593, 28.4510201 ], [ 77.1238974, 28.4550376 ], [ 77.1234764, 28.4597104 ], [ 77.1200235, 28.4627232 ], [ 77.116455, 28.4672235 ], [ 77.1124725, 28.4731841 ], [ 77.1141826, 28.4735236 ], [ 77.1150614, 28.4815648 ], [ 77.1167211, 28.4850054 ], [ 77.1176759, 28.4869846 ], [ 77.119507, 28.495139 ], [ 77.1124785, 28.4984532 ], [ 77.1101397, 28.4993961 ], [ 77.1053975, 28.5013384 ], [ 77.1037667, 28.5024887 ], [ 77.1023081, 28.5031016 ], [ 77.1000336, 28.5038653 ], [ 77.0976518, 28.5048552 ], [ 77.0957528, 28.5070803 ], [ 77.0986588, 28.5114068 ], [ 77.0981578, 28.5116669 ], [ 77.0939182, 28.5138682 ], [ 77.0932384, 28.5140471 ], [ 77.0925943, 28.5142311 ], [ 77.0859574, 28.5161025 ], [ 77.0846262, 28.5164992 ], [ 77.0840906, 28.5166587 ], [ 77.0830606, 28.5169698 ], [ 77.0827494, 28.5170898 ], [ 77.0804111, 28.5180224 ], [ 77.079283, 28.5181781 ], [ 77.0791964, 28.5181891 ], [ 77.0774387, 28.5184405 ], [ 77.075014, 28.5187138 ], [ 77.0747744, 28.5188088 ], [ 77.0744668, 28.5189307 ], [ 77.073365, 28.5195071 ], [ 77.0723002, 28.5202589 ], [ 77.0722213, 28.5201457 ], [ 77.0720942, 28.5193619 ], [ 77.0713662, 28.5175938 ], [ 77.0709886, 28.5170499 ], [ 77.0688651, 28.5145822 ], [ 77.067616, 28.5129745 ], [ 77.0671624, 28.5119289 ], [ 77.0653494, 28.5125045 ], [ 77.0645251, 28.5126891 ], [ 77.0633996, 28.5126665 ], [ 77.0612165, 28.512224 ], [ 77.0606606, 28.5122555 ], [ 77.0577011, 28.5127924 ], [ 77.0575428, 28.5128211 ], [ 77.0543531, 28.5143512 ], [ 77.0491721, 28.5160453 ], [ 77.0462065, 28.5166427 ], [ 77.0485082, 28.52092 ], [ 77.0446105, 28.5230838 ], [ 77.0433705, 28.5241645 ], [ 77.0433583, 28.5251547 ], [ 77.0431514, 28.5252371 ], [ 77.0424046, 28.5256984 ], [ 77.0417144, 28.5260711 ], [ 77.0356349, 28.5292442 ], [ 77.0356102, 28.5292571 ], [ 77.034625, 28.529765 ], [ 77.0345078, 28.5298263 ], [ 77.0340512, 28.5300656 ], [ 77.0321199, 28.5310788 ], [ 77.0298669, 28.5316849 ], [ 77.0297824, 28.5317014 ], [ 77.0245904, 28.5327132 ], [ 77.0232547, 28.5335616 ], [ 77.0219253, 28.5347748 ], [ 77.0217025, 28.5349596 ], [ 77.0197006, 28.536218 ], [ 77.0174236, 28.537688 ], [ 77.0162809, 28.5392112 ], [ 77.0140944, 28.5399982 ], [ 77.0134571, 28.5405156 ], [ 77.0128497, 28.5402697 ], [ 77.0122093, 28.5400104 ], [ 77.0101934, 28.5402687 ], [ 77.0096859, 28.539869 ], [ 77.007818, 28.5409048 ], [ 77.0069243, 28.5402159 ], [ 77.0054602, 28.5394958 ], [ 77.0045632, 28.5388005 ], [ 77.0042991, 28.5378845 ], [ 77.0016644, 28.5334918 ], [ 77.0013356, 28.530984 ], [ 77.0016511, 28.5308084 ], [ 77.0050158, 28.5289423 ], [ 77.0084757, 28.5270284 ], [ 77.0096001, 28.526641 ], [ 77.0105771, 28.5257745 ], [ 77.0109551, 28.5254602 ], [ 77.0146291, 28.5243485 ], [ 77.0169637, 28.5210774 ], [ 77.0144723, 28.518757 ], [ 77.012884, 28.5172777 ], [ 77.0125525, 28.5169683 ], [ 77.0116413, 28.5161518 ], [ 77.0108262, 28.5154209 ], [ 77.0105264, 28.5151521 ], [ 77.010493, 28.5151221 ], [ 77.0100507, 28.5147255 ], [ 77.0085304, 28.5151415 ], [ 77.0070407, 28.515549 ], [ 77.0067845, 28.5156191 ], [ 77.0067265, 28.515635 ], [ 77.0059192, 28.5158559 ], [ 77.0054845, 28.5160513 ], [ 77.0034165, 28.5169811 ], [ 77.0027227, 28.5172931 ], [ 76.9999924, 28.5179713 ], [ 76.9990202, 28.5184844 ], [ 76.9968081, 28.5197112 ], [ 76.9959691, 28.5180316 ], [ 76.9953859, 28.5171445 ], [ 76.9945276, 28.5176083 ], [ 76.9939642, 28.5169726 ], [ 76.9916329, 28.5143424 ], [ 76.9909463, 28.5135677 ], [ 76.9896742, 28.5141417 ], [ 76.9890318, 28.5144315 ], [ 76.9885078, 28.514668 ], [ 76.9834821, 28.5169438 ], [ 76.983382, 28.5169891 ], [ 76.9832794, 28.5170355 ], [ 76.9812139, 28.5191174 ], [ 76.9802327, 28.5198029 ], [ 76.9783615, 28.5212528 ], [ 76.9760102, 28.5189385 ], [ 76.9706359, 28.5157991 ], [ 76.9620491, 28.5115276 ], [ 76.9542983, 28.5057989 ], [ 76.9527581, 28.5053165 ], [ 76.9454202, 28.5053976 ], [ 76.9433253, 28.5053127 ], [ 76.9397376, 28.5077838 ], [ 76.9357707, 28.5105161 ], [ 76.9349626, 28.5110191 ], [ 76.9277636, 28.5105102 ], [ 76.9275524, 28.5104953 ], [ 76.9242611, 28.5078479 ], [ 76.922332, 28.5072779 ], [ 76.9209019, 28.5069098 ], [ 76.9184236, 28.5092347 ], [ 76.9159189, 28.5107953 ], [ 76.9119085, 28.5121736 ], [ 76.9101567, 28.512058 ], [ 76.9099794, 28.5120699 ], [ 76.9069036, 28.5137629 ], [ 76.902943, 28.5089253 ], [ 76.9006383, 28.509682 ], [ 76.8983531, 28.5090503 ], [ 76.8969407, 28.5067536 ], [ 76.8927029, 28.5012844 ], [ 76.8919497, 28.5008314 ], [ 76.8899908, 28.5010163 ], [ 76.8854384, 28.5013759 ], [ 76.8858949, 28.5025813 ], [ 76.8843317, 28.5030928 ], [ 76.8828629, 28.5039866 ], [ 76.8823207, 28.5044069 ], [ 76.8820232, 28.5046375 ], [ 76.8819483, 28.5046955 ], [ 76.8818812, 28.5047475 ], [ 76.8815572, 28.5046509 ], [ 76.8742818, 28.4978371 ], [ 76.8720159, 28.497905 ], [ 76.8641624, 28.5006977 ], [ 76.8540494, 28.5012993 ], [ 76.8455896, 28.5000258 ], [ 76.8248204, 28.5040867 ], [ 76.8253864, 28.4987129 ], [ 76.8185571, 28.4892097 ], [ 76.8140042, 28.4853331 ], [ 76.8137197, 28.4787677 ], [ 76.8109107, 28.4750582 ], [ 76.8065389, 28.4754809 ], [ 76.8028, 28.4722018 ], [ 76.7971801, 28.4699818 ], [ 76.7937654, 28.4647287 ], [ 76.7913467, 28.4642284 ], [ 76.7836416, 28.4697646 ], [ 76.7716917, 28.4773553 ], [ 76.7689737, 28.4771106 ], [ 76.7648477, 28.4686373 ], [ 76.7601526, 28.4595066 ], [ 76.7507268, 28.4611952 ], [ 76.7409948, 28.4666177 ], [ 76.7349497, 28.4700359 ], [ 76.7342938, 28.473171 ], [ 76.7351475, 28.4787364 ], [ 76.7259706, 28.4863335 ], [ 76.7212328, 28.4890331 ], [ 76.7177542, 28.4914761 ], [ 76.7151576, 28.4904914 ], [ 76.7124899, 28.490382 ], [ 76.7095555, 28.4923983 ], [ 76.7050338, 28.4928723 ], [ 76.7041667, 28.4877091 ], [ 76.7057318, 28.4796118 ], [ 76.708933, 28.4704195 ], [ 76.7093598, 28.4647912 ], [ 76.7070996, 28.4576151 ], [ 76.7117074, 28.4557853 ], [ 76.7105692, 28.4490616 ], [ 76.7123829, 28.4436872 ], [ 76.7143395, 28.4385531 ], [ 76.7174696, 28.4356756 ], [ 76.7112094, 28.4209427 ], [ 76.7076169, 28.4103688 ], [ 76.7083485, 28.4000694 ], [ 76.7147663, 28.3934734 ], [ 76.7169716, 28.3938176 ], [ 76.7279981, 28.3884981 ], [ 76.7309147, 28.3808627 ], [ 76.7352693, 28.3748326 ], [ 76.7339355, 28.3711703 ], [ 76.7326932, 28.3690955 ], [ 76.7291735, 28.3649382 ], [ 76.7293853, 28.3603005 ], [ 76.7265042, 28.3564505 ], [ 76.7157267, 28.3541029 ], [ 76.7051339, 28.3578926 ], [ 76.7022104, 28.3570766 ], [ 76.6963415, 28.3597058 ], [ 76.6976576, 28.3649954 ], [ 76.6830694, 28.3750771 ], [ 76.670625, 28.3776706 ], [ 76.6692647, 28.3790496 ], [ 76.6686023, 28.3777625 ], [ 76.6662837, 28.3743625 ], [ 76.6642411, 28.3710596 ], [ 76.665014, 28.3689224 ], [ 76.6630267, 28.364162 ], [ 76.6578375, 28.3536204 ], [ 76.6606529, 28.3505111 ], [ 76.6626954, 28.3474504 ], [ 76.6603217, 28.3411828 ], [ 76.6641307, 28.339628 ], [ 76.6586103, 28.3322911 ], [ 76.6557949, 28.3260226 ], [ 76.6552429, 28.3222322 ], [ 76.6510198, 28.3070693 ] ] ] } },
{ "type": "Feature", "properties": { "zone_name": "Noida" }, "geometry": { "type": "Polygon", "coordinates": [ [ [ 77.2928863, 28.5761741 ], [ 77.2939098, 28.5742182 ], [ 77.2960797, 28.5695146 ], [ 77.297364, 28.5599651 ], [ 77.2998047, 28.5563488 ], [ 77.3040962, 28.5516557 ], [ 77.3140752, 28.5445728 ], [ 77.3214394, 28.5397619 ], [ 77.3228426, 28.5373381 ], [ 77.3247015, 28.5355704 ], [ 77.3369151, 28.5237449 ], [ 77.3453379, 28.5134531 ], [ 77.3458957, 28.5118787 ], [ 77.3473539, 28.5088175 ], [ 77.3473175, 28.5065031 ], [ 77.3477634, 28.5040744 ], [ 77.3495226, 28.5020564 ], [ 77.3508666, 28.5007625 ], [ 77.3518325, 28.4999789 ], [ 77.3521488, 28.4997803 ], [ 77.3528229, 28.4994406 ], [ 77.3546435, 28.499013 ], [ 77.356721, 28.4998422 ], [ 77.3579512, 28.5012728 ], [ 77.3607147, 28.4998085 ], [ 77.3622292, 28.4987116 ], [ 77.3645756, 28.4984754 ], [ 77.3656964, 28.4991588 ], [ 77.3671361, 28.5005256 ], [ 77.3688765, 28.4998969 ], [ 77.3701488, 28.4991957 ], [ 77.3717558, 28.4981747 ], [ 77.3706738, 28.4957096 ], [ 77.3700975, 28.4925435 ], [ 77.3703708, 28.4901744 ], [ 77.3709904, 28.4884978 ], [ 77.3702254, 28.4852171 ], [ 77.3709071, 28.4843318 ], [ 77.3730306, 28.480693 ], [ 77.3745123, 28.4762315 ], [ 77.3798847, 28.4705022 ], [ 77.3846636, 28.4685955 ], [ 77.387302, 28.4679448 ], [ 77.3893602, 28.4705654 ], [ 77.3915128, 28.4721626 ], [ 77.3948578, 28.4705426 ], [ 77.4070533, 28.4647772 ], [ 77.4034838, 28.4620001 ], [ 77.4014245, 28.4583917 ], [ 77.4001863, 28.4559149 ], [ 77.4137813, 28.452411 ], [ 77.4154388, 28.4532525 ], [ 77.4202499, 28.452232 ], [ 77.4231294, 28.4526896 ], [ 77.4280498, 28.4539086 ], [ 77.4311661, 28.454428 ], [ 77.4325876, 28.4550567 ], [ 77.4335303, 28.4548548 ], [ 77.4354579, 28.4482409 ], [ 77.4372977, 28.4422149 ], [ 77.4382917, 28.4387462 ], [ 77.4382097, 28.4379261 ], [ 77.4361413, 28.4380173 ], [ 77.4363144, 28.4366049 ], [ 77.4378907, 28.4349192 ], [ 77.4360796, 28.431679 ], [ 77.4421005, 28.4307459 ], [ 77.4405879, 28.4296889 ], [ 77.441736, 28.4285043 ], [ 77.4445243, 28.4279029 ], [ 77.4522464, 28.4267893 ], [ 77.4516681, 28.4246955 ], [ 77.4623768, 28.4243918 ], [ 77.4619282, 28.4235292 ], [ 77.4611381, 28.417567 ], [ 77.4621834, 28.4160482 ], [ 77.4628212, 28.4161393 ], [ 77.4635137, 28.4151188 ], [ 77.4653391, 28.4156472 ], [ 77.4662655, 28.4153284 ], [ 77.4665389, 28.4162031 ], [ 77.4701473, 28.417333 ], [ 77.4726986, 28.4169139 ], [ 77.4752626, 28.4192705 ], [ 77.4778196, 28.4179709 ], [ 77.4786032, 28.4171143 ], [ 77.4795873, 28.4151097 ], [ 77.4806078, 28.4140163 ], [ 77.4813368, 28.4121756 ], [ 77.483881, 28.4089254 ], [ 77.4832594, 28.4062346 ], [ 77.4819655, 28.4062346 ], [ 77.4819018, 28.4048678 ], [ 77.4811819, 28.4049042 ], [ 77.4806625, 28.4015966 ], [ 77.481437, 28.4006672 ], [ 77.4815061, 28.3995848 ], [ 77.4799558, 28.3986657 ], [ 77.4757411, 28.3995679 ], [ 77.4733064, 28.3968298 ], [ 77.474275, 28.3963663 ], [ 77.4786852, 28.3921292 ], [ 77.4815335, 28.3891573 ], [ 77.4828349, 28.387807 ], [ 77.4877357, 28.3856296 ], [ 77.4894283, 28.3852861 ], [ 77.4912871, 28.385195 ], [ 77.4924758, 28.3836064 ], [ 77.4956791, 28.378443 ], [ 77.4987407, 28.3744884 ], [ 77.5020119, 28.3719188 ], [ 77.5028011, 28.3699637 ], [ 77.5048913, 28.3699962 ], [ 77.5030963, 28.368356 ], [ 77.5009823, 28.3671714 ], [ 77.5000789, 28.365651 ], [ 77.5052052, 28.36263 ], [ 77.5034334, 28.3608659 ], [ 77.5013468, 28.3580048 ], [ 77.4987918, 28.3532334 ], [ 77.4963534, 28.3507152 ], [ 77.4962623, 28.349157 ], [ 77.4912313, 28.3444837 ], [ 77.4902119, 28.3434893 ], [ 77.4869316, 28.3432069 ], [ 77.4829223, 28.3410382 ], [ 77.4781403, 28.3393483 ], [ 77.4763434, 28.3384868 ], [ 77.4747397, 28.337439 ], [ 77.4724693, 28.3366862 ], [ 77.4714412, 28.3352794 ], [ 77.4713136, 28.3346051 ], [ 77.4724708, 28.3337395 ], [ 77.4730609, 28.3330158 ], [ 77.4729447, 28.331662 ], [ 77.4721519, 28.3301858 ], [ 77.4721064, 28.3295753 ], [ 77.4715505, 28.3285001 ], [ 77.4718398, 28.3280896 ], [ 77.4758787, 28.3266777 ], [ 77.4802251, 28.3255569 ], [ 77.4820111, 28.3250375 ], [ 77.4825031, 28.3253109 ], [ 77.4848833, 28.3256868 ], [ 77.4858998, 28.3215354 ], [ 77.4905691, 28.3183335 ], [ 77.4958112, 28.3143218 ], [ 77.500894, 28.3101701 ], [ 77.5023673, 28.30803 ], [ 77.5041168, 28.3072327 ], [ 77.5054335, 28.3066131 ], [ 77.5070685, 28.3056742 ], [ 77.506194, 28.3040787 ], [ 77.5052994, 28.2996952 ], [ 77.5044309, 28.2951737 ], [ 77.5031418, 28.2898014 ], [ 77.5029186, 28.2890406 ], [ 77.5016726, 28.2869445 ], [ 77.4985949, 28.2856463 ], [ 77.5017477, 28.2837693 ], [ 77.5002898, 28.2815277 ], [ 77.5035459, 28.2800079 ], [ 77.5007636, 28.2794046 ], [ 77.4988319, 28.2784479 ], [ 77.4982578, 28.2772086 ], [ 77.4964354, 28.2750946 ], [ 77.4946221, 28.2726708 ], [ 77.494121, 28.2749033 ], [ 77.4938749, 28.2737643 ], [ 77.4929255, 28.2728778 ], [ 77.4908042, 28.2713132 ], [ 77.4912469, 28.266765 ], [ 77.4922803, 28.2625292 ], [ 77.4916723, 28.2601899 ], [ 77.4914785, 28.2577089 ], [ 77.4920981, 28.2560505 ], [ 77.4927326, 28.2519091 ], [ 77.4938567, 28.2501095 ], [ 77.4953966, 28.2500731 ], [ 77.496973, 28.2487883 ], [ 77.4981269, 28.2480276 ], [ 77.4992419, 28.2500184 ], [ 77.5014181, 28.2524424 ], [ 77.5075885, 28.2499091 ], [ 77.5095428, 28.2494953 ], [ 77.5082172, 28.2467836 ], [ 77.5088004, 28.2465376 ], [ 77.5122447, 28.2468292 ], [ 77.5133017, 28.247221 ], [ 77.5138093, 28.2466134 ], [ 77.5160966, 28.2442726 ], [ 77.5188327, 28.2424372 ], [ 77.5220627, 28.2422795 ], [ 77.5234525, 28.243968 ], [ 77.5247008, 28.2456811 ], [ 77.5281214, 28.2450055 ], [ 77.5310155, 28.2446514 ], [ 77.5325813, 28.2450268 ], [ 77.5367012, 28.2478242 ], [ 77.5374121, 28.2482416 ], [ 77.5386331, 28.2485331 ], [ 77.5411207, 28.247786 ], [ 77.5422597, 28.2477313 ], [ 77.5446561, 28.2486972 ], [ 77.5456508, 28.248239 ], [ 77.5475264, 28.2467654 ], [ 77.5493568, 28.2445918 ], [ 77.550014, 28.2436673 ], [ 77.550424, 28.2421001 ], [ 77.5500436, 28.2412448 ], [ 77.5494035, 28.2398221 ], [ 77.5471447, 28.2382811 ], [ 77.5430615, 28.2362775 ], [ 77.539465, 28.2346138 ], [ 77.5346876, 28.2329334 ], [ 77.5313708, 28.2318035 ], [ 77.5291255, 28.2306263 ], [ 77.5257214, 28.2289241 ], [ 77.5232976, 28.2268192 ], [ 77.5216042, 28.2249968 ], [ 77.5212474, 28.2243954 ], [ 77.5208465, 28.2217347 ], [ 77.5214582, 28.220142 ], [ 77.5225777, 28.2194112 ], [ 77.5248831, 28.219074 ], [ 77.5265759, 28.2178446 ], [ 77.5292295, 28.2163951 ], [ 77.5325708, 28.2144312 ], [ 77.5335759, 28.2137526 ], [ 77.5352799, 28.2103356 ], [ 77.535489, 28.2092124 ], [ 77.5354074, 28.2071009 ], [ 77.5348516, 28.2046224 ], [ 77.5338489, 28.2022481 ], [ 77.5321271, 28.2002304 ], [ 77.5305722, 28.1985006 ], [ 77.5289288, 28.1977337 ], [ 77.5266176, 28.1964112 ], [ 77.523981, 28.1956653 ], [ 77.5219096, 28.1966304 ], [ 77.5206278, 28.1983078 ], [ 77.5191248, 28.2023383 ], [ 77.5174477, 28.2042488 ], [ 77.5144043, 28.2060803 ], [ 77.5115522, 28.2076202 ], [ 77.5086517, 28.2087449 ], [ 77.5050645, 28.2096431 ], [ 77.5035701, 28.20988 ], [ 77.5023278, 28.2096626 ], [ 77.5002614, 28.2084978 ], [ 77.4978751, 28.2066999 ], [ 77.4969282, 28.2053939 ], [ 77.4969183, 28.2039572 ], [ 77.4975653, 28.2008865 ], [ 77.4982487, 28.1986358 ], [ 77.4990354, 28.1961621 ], [ 77.4996702, 28.1949455 ], [ 77.4993057, 28.1927768 ], [ 77.4985949, 28.1903803 ], [ 77.4985068, 28.1872833 ], [ 77.4997043, 28.1819644 ], [ 77.5051117, 28.1799596 ], [ 77.507987, 28.1860498 ], [ 77.5115262, 28.1901202 ], [ 77.5149601, 28.1928133 ], [ 77.5166003, 28.1931231 ], [ 77.5181028, 28.19291 ], [ 77.5203544, 28.1920114 ], [ 77.5268268, 28.1870711 ], [ 77.5292113, 28.1861979 ], [ 77.5309972, 28.185961 ], [ 77.5327733, 28.1869762 ], [ 77.5351887, 28.1895512 ], [ 77.5372964, 28.1903043 ], [ 77.5409111, 28.1909909 ], [ 77.5436447, 28.191246 ], [ 77.5453233, 28.1908914 ], [ 77.5467063, 28.1895147 ], [ 77.5477878, 28.1872701 ], [ 77.5490754, 28.1830452 ], [ 77.5496768, 28.1792181 ], [ 77.5493204, 28.1760805 ], [ 77.5478772, 28.1748763 ], [ 77.5464375, 28.1728488 ], [ 77.5426139, 28.1687583 ], [ 77.5391616, 28.1666618 ], [ 77.5362549, 28.1655319 ], [ 77.5341864, 28.1650399 ], [ 77.5318061, 28.1639553 ], [ 77.528537, 28.1624612 ], [ 77.5233507, 28.1611193 ], [ 77.5211927, 28.1616866 ], [ 77.517475, 28.1632904 ], [ 77.515068, 28.163465 ], [ 77.5135204, 28.166188 ], [ 77.5123541, 28.1669898 ], [ 77.5108288, 28.1666885 ], [ 77.5045724, 28.1627619 ], [ 77.5027865, 28.1616502 ], [ 77.5017813, 28.1606318 ], [ 77.5016566, 28.1586068 ], [ 77.5003991, 28.154798 ], [ 77.5012195, 28.1529657 ], [ 77.50404, 28.1508966 ], [ 77.5049733, 28.1488752 ], [ 77.5051374, 28.1477635 ], [ 77.5041551, 28.145038 ], [ 77.5023085, 28.1430807 ], [ 77.4964263, 28.1402188 ], [ 77.4931812, 28.1393997 ], [ 77.4917609, 28.138287 ], [ 77.4913236, 28.136738 ], [ 77.4918394, 28.135387 ], [ 77.4936803, 28.1328598 ], [ 77.4971552, 28.1319451 ], [ 77.5014561, 28.1322184 ], [ 77.5063747, 28.1313266 ], [ 77.5091284, 28.1302138 ], [ 77.5115313, 28.1285144 ], [ 77.5123905, 28.1267877 ], [ 77.5123773, 28.1247858 ], [ 77.5093836, 28.1199719 ], [ 77.5074632, 28.1185041 ], [ 77.504536, 28.1169285 ], [ 77.5015242, 28.114444 ], [ 77.5002351, 28.112901 ], [ 77.4990869, 28.1099503 ], [ 77.498194, 28.1081081 ], [ 77.4979325, 28.1043866 ], [ 77.4991035, 28.1002535 ], [ 77.4994506, 28.0990387 ], [ 77.5006147, 28.0970075 ], [ 77.4999617, 28.0951326 ], [ 77.4988925, 28.0942182 ], [ 77.4976337, 28.0943761 ], [ 77.4951124, 28.0943099 ], [ 77.49331, 28.0945086 ], [ 77.4916363, 28.0954361 ], [ 77.4906785, 28.0970284 ], [ 77.4904944, 28.0991447 ], [ 77.4902952, 28.1019381 ], [ 77.4904853, 28.1033789 ], [ 77.4900388, 28.1051467 ], [ 77.4894888, 28.1057706 ], [ 77.4886751, 28.1069823 ], [ 77.4868619, 28.1069445 ], [ 77.4843908, 28.1070086 ], [ 77.4833232, 28.107288 ], [ 77.4819912, 28.1070514 ], [ 77.4821346, 28.1013307 ], [ 77.4817657, 28.0991273 ], [ 77.4797272, 28.0969316 ], [ 77.4790191, 28.0924264 ], [ 77.4778604, 28.0906848 ], [ 77.4766159, 28.0883375 ], [ 77.4756081, 28.0851146 ], [ 77.4781179, 28.0858197 ], [ 77.4820875, 28.0877885 ], [ 77.4841948, 28.0881368 ], [ 77.4862391, 28.0876881 ], [ 77.4886159, 28.0863947 ], [ 77.4930184, 28.0856925 ], [ 77.4969377, 28.0853282 ], [ 77.5011281, 28.0863121 ], [ 77.5065631, 28.0893779 ], [ 77.5072516, 28.0899647 ], [ 77.5109873, 28.0897929 ], [ 77.5125363, 28.0886266 ], [ 77.5168007, 28.0877883 ], [ 77.5188004, 28.0869367 ], [ 77.5214661, 28.0872962 ], [ 77.5267693, 28.0899752 ], [ 77.5334211, 28.0906675 ], [ 77.535207, 28.0911962 ], [ 77.5377401, 28.090613 ], [ 77.541491, 28.0890517 ], [ 77.543426, 28.0893191 ], [ 77.5448475, 28.0909228 ], [ 77.5456675, 28.0911415 ], [ 77.5475628, 28.0904308 ], [ 77.5497315, 28.0895014 ], [ 77.5537226, 28.0884626 ], [ 77.5571396, 28.0882257 ], [ 77.5588435, 28.0886813 ], [ 77.5606841, 28.0891004 ], [ 77.5673792, 28.0879717 ], [ 77.568848, 28.0894045 ], [ 77.5706344, 28.0922896 ], [ 77.5718008, 28.0920163 ], [ 77.5749353, 28.0963354 ], [ 77.5766301, 28.0969914 ], [ 77.576703, 28.0980666 ], [ 77.5759012, 28.0982853 ], [ 77.5781063, 28.1017843 ], [ 77.5804628, 28.10428 ], [ 77.5822614, 28.1056296 ], [ 77.5852501, 28.1064497 ], [ 77.5870725, 28.105903 ], [ 77.5883846, 28.1082903 ], [ 77.5899883, 28.1067595 ], [ 77.5919799, 28.1081339 ], [ 77.5969135, 28.1121356 ], [ 77.5980441, 28.1138819 ], [ 77.5993373, 28.1164547 ], [ 77.6007587, 28.1174023 ], [ 77.601998, 28.1188056 ], [ 77.6030265, 28.1183345 ], [ 77.6026722, 28.1177121 ], [ 77.6053694, 28.1147963 ], [ 77.6080848, 28.1113702 ], [ 77.6114428, 28.1088057 ], [ 77.6138381, 28.1072536 ], [ 77.6146636, 28.108837 ], [ 77.617215, 28.1080169 ], [ 77.6178164, 28.1089099 ], [ 77.6204224, 28.1078894 ], [ 77.6225364, 28.1086548 ], [ 77.6246322, 28.1074702 ], [ 77.6261083, 28.1094931 ], [ 77.6271289, 28.1088917 ], [ 77.6266186, 28.1082174 ], [ 77.6267644, 28.10778 ], [ 77.6285139, 28.106231 ], [ 77.6307853, 28.1052026 ], [ 77.6315573, 28.1061216 ], [ 77.6325961, 28.1057207 ], [ 77.6335984, 28.1045362 ], [ 77.6353297, 28.1034609 ], [ 77.6376341, 28.1029383 ], [ 77.6412342, 28.1066866 ], [ 77.6447652, 28.1092325 ], [ 77.6429655, 28.110623 ], [ 77.6428006, 28.1123589 ], [ 77.6439678, 28.1136664 ], [ 77.6457902, 28.1137028 ], [ 77.647394, 28.113065 ], [ 77.6506942, 28.1159225 ], [ 77.6540376, 28.1216282 ], [ 77.6549751, 28.1216667 ], [ 77.6574354, 28.1190607 ], [ 77.6591897, 28.1192444 ], [ 77.6605152, 28.1184957 ], [ 77.6617909, 28.119735 ], [ 77.6646885, 28.1170925 ], [ 77.6658549, 28.1181677 ], [ 77.6666906, 28.1173824 ], [ 77.6680964, 28.1150332 ], [ 77.6674221, 28.1143589 ], [ 77.6698824, 28.1113155 ], [ 77.6708483, 28.1115524 ], [ 77.6735466, 28.109429 ], [ 77.6734178, 28.1068871 ], [ 77.6740192, 28.1061034 ], [ 77.67271, 28.1028872 ], [ 77.6748393, 28.1029871 ], [ 77.6770626, 28.102568 ], [ 77.6802883, 28.1008731 ], [ 77.6796322, 28.1000895 ], [ 77.6826574, 28.0968274 ], [ 77.6865574, 28.0917976 ], [ 77.6894732, 28.0904126 ], [ 77.6955029, 28.0867961 ], [ 77.700608, 28.0904126 ], [ 77.7075331, 28.0877883 ], [ 77.7119286, 28.0875337 ], [ 77.715333, 28.088007 ], [ 77.7216021, 28.0901939 ], [ 77.7255027, 28.0951417 ], [ 77.7288634, 28.0988259 ], [ 77.7287277, 28.102003 ], [ 77.7284543, 28.1045362 ], [ 77.728345, 28.1073427 ], [ 77.7284349, 28.1085324 ], [ 77.7277983, 28.1104954 ], [ 77.7283268, 28.1114977 ], [ 77.7261946, 28.112901 ], [ 77.7242141, 28.113073 ], [ 77.7264315, 28.115507 ], [ 77.7285637, 28.1164547 ], [ 77.7317529, 28.11835 ], [ 77.7311406, 28.1193319 ], [ 77.7326459, 28.1212658 ], [ 77.7336846, 28.1249653 ], [ 77.7342496, 28.1269517 ], [ 77.7326596, 28.1284415 ], [ 77.7310914, 28.1302052 ], [ 77.7304863, 28.1314256 ], [ 77.7277618, 28.1331296 ], [ 77.7254474, 28.1341502 ], [ 77.7243408, 28.1368293 ], [ 77.7201205, 28.1369343 ], [ 77.7191417, 28.1403331 ], [ 77.7191419, 28.1418225 ], [ 77.7197615, 28.1431893 ], [ 77.7191717, 28.1449367 ], [ 77.7213652, 28.146907 ], [ 77.7233881, 28.149677 ], [ 77.725903, 28.1506247 ], [ 77.728181, 28.1506793 ], [ 77.7289646, 28.1513901 ], [ 77.7298211, 28.1526293 ], [ 77.7320786, 28.1550403 ], [ 77.7316618, 28.156675 ], [ 77.7319887, 28.1574489 ], [ 77.7295084, 28.1599106 ], [ 77.727452, 28.161231 ], [ 77.7256661, 28.1630534 ], [ 77.7227502, 28.1635819 ], [ 77.7193241, 28.1621422 ], [ 77.7179755, 28.1626343 ], [ 77.7169368, 28.1640193 ], [ 77.715898, 28.1649123 ], [ 77.7132009, 28.1638189 ], [ 77.7101574, 28.1638735 ], [ 77.706594, 28.1637261 ], [ 77.7076061, 28.1676277 ], [ 77.7101392, 28.1716187 ], [ 77.7126835, 28.1751269 ], [ 77.7089729, 28.1774322 ], [ 77.7076425, 28.1785803 ], [ 77.7068003, 28.1809919 ], [ 77.7090093, 28.1848494 ], [ 77.7130029, 28.1877612 ], [ 77.7131158, 28.1906404 ], [ 77.7152419, 28.194016 ], [ 77.7173377, 28.1982258 ], [ 77.7192881, 28.2010568 ], [ 77.7212012, 28.2035654 ], [ 77.7243539, 28.2057887 ], [ 77.7254292, 28.2067728 ], [ 77.7284825, 28.2103243 ], [ 77.7246091, 28.2131512 ], [ 77.7233724, 28.213921 ], [ 77.7231967, 28.2137891 ], [ 77.7216295, 28.2147732 ], [ 77.7210645, 28.2141627 ], [ 77.7202034, 28.2142645 ], [ 77.7193606, 28.2143358 ], [ 77.7169277, 28.2160215 ], [ 77.7153648, 28.2167941 ], [ 77.7152146, 28.2200764 ], [ 77.7154515, 28.2219534 ], [ 77.7155882, 28.2230651 ], [ 77.7152252, 28.2247013 ], [ 77.7142396, 28.2276484 ], [ 77.7135836, 28.2282863 ], [ 77.7121803, 28.2289241 ], [ 77.7114696, 28.229325 ], [ 77.7112053, 28.230546 ], [ 77.7112691, 28.2313297 ], [ 77.7122805, 28.2322864 ], [ 77.7138843, 28.2336168 ], [ 77.7145403, 28.2348834 ], [ 77.7138114, 28.235585 ], [ 77.7127908, 28.2351021 ], [ 77.7117999, 28.234612 ], [ 77.7111233, 28.2348834 ], [ 77.7098112, 28.234528 ], [ 77.7093738, 28.2342273 ], [ 77.7087542, 28.2341635 ], [ 77.7075605, 28.2335166 ], [ 77.707118, 28.2340521 ], [ 77.6983016, 28.2373779 ], [ 77.6984212, 28.2387924 ], [ 77.6967386, 28.2403575 ], [ 77.6976011, 28.2424281 ], [ 77.6969997, 28.2437767 ], [ 77.6972816, 28.2449395 ], [ 77.6966444, 28.2462551 ], [ 77.6967355, 28.247704 ], [ 77.6955091, 28.249561 ], [ 77.6956785, 28.2501186 ], [ 77.6927717, 28.2540368 ], [ 77.6909695, 28.2563823 ], [ 77.6926077, 28.2585928 ], [ 77.6938925, 28.2602147 ], [ 77.6958512, 28.2617649 ], [ 77.6971004, 28.2627562 ], [ 77.696222, 28.2641175 ], [ 77.6947236, 28.2679472 ], [ 77.694031, 28.2697724 ], [ 77.6924346, 28.2720148 ], [ 77.691086, 28.2750217 ], [ 77.6908491, 28.2761425 ], [ 77.6881961, 28.2798754 ], [ 77.693656, 28.2834808 ], [ 77.6980749, 28.285701 ], [ 77.7021024, 28.28684 ], [ 77.7040321, 28.287652 ], [ 77.7065673, 28.2890542 ], [ 77.7090276, 28.2912958 ], [ 77.7107691, 28.2920895 ], [ 77.7126999, 28.2902265 ], [ 77.7137293, 28.290257 ], [ 77.7234126, 28.2948662 ], [ 77.724518, 28.2956878 ], [ 77.7253927, 28.2979476 ], [ 77.7245377, 28.2988051 ], [ 77.7244997, 28.29977 ], [ 77.7250829, 28.3010639 ], [ 77.7244633, 28.3036334 ], [ 77.7252749, 28.304788 ], [ 77.723461, 28.3067315 ], [ 77.724518, 28.3080072 ], [ 77.7295842, 28.3123081 ], [ 77.7378497, 28.3178944 ], [ 77.7349362, 28.3205627 ], [ 77.7347598, 28.3226958 ], [ 77.7327481, 28.3257756 ], [ 77.7306595, 28.3267962 ], [ 77.7258199, 28.3316391 ], [ 77.7210668, 28.3280992 ], [ 77.719397, 28.3298213 ], [ 77.7180484, 28.3304956 ], [ 77.7162078, 28.3325732 ], [ 77.7162989, 28.33394 ], [ 77.7133649, 28.338095 ], [ 77.7150415, 28.3398628 ], [ 77.7162078, 28.3413754 ], [ 77.7128018, 28.3448445 ], [ 77.7139116, 28.3456762 ], [ 77.714841, 28.3454758 ], [ 77.7163901, 28.3471524 ], [ 77.7164083, 28.3483734 ], [ 77.715169, 28.3524738 ], [ 77.7166452, 28.3532574 ], [ 77.7147461, 28.3535549 ], [ 77.7129275, 28.3553896 ], [ 77.7099388, 28.3576858 ], [ 77.7071505, 28.3593078 ], [ 77.7048543, 28.3596723 ], [ 77.7024769, 28.359988 ], [ 77.6998791, 28.3609662 ], [ 77.6958698, 28.3629708 ], [ 77.6958334, 28.3635358 ], [ 77.6901657, 28.3690759 ], [ 77.6868672, 28.3731763 ], [ 77.6840607, 28.3754178 ], [ 77.6827668, 28.3757094 ], [ 77.6801425, 28.3777869 ], [ 77.678557, 28.3776411 ], [ 77.6758416, 28.3786981 ], [ 77.6724884, 28.3812495 ], [ 77.6714497, 28.3813406 ], [ 77.6698642, 28.3805752 ], [ 77.6675862, 28.3803747 ], [ 77.6671829, 28.3812956 ], [ 77.668552, 28.3842018 ], [ 77.6727965, 28.3908378 ], [ 77.669117, 28.3922203 ], [ 77.6695327, 28.3934392 ], [ 77.668953, 28.3941156 ], [ 77.6672399, 28.3947899 ], [ 77.6680053, 28.3963572 ], [ 77.6665362, 28.3976075 ], [ 77.6674404, 28.4011501 ], [ 77.6697743, 28.4047447 ], [ 77.6706842, 28.4059248 ], [ 77.6713039, 28.4059066 ], [ 77.6721422, 28.4070911 ], [ 77.6732174, 28.4064533 ], [ 77.6796836, 28.4126001 ], [ 77.6822018, 28.4138522 ], [ 77.682911, 28.4192746 ], [ 77.6797124, 28.421615 ], [ 77.6782654, 28.4229278 ], [ 77.6758599, 28.4242035 ], [ 77.6748585, 28.4256187 ], [ 77.6725066, 28.4264815 ], [ 77.6665945, 28.4246497 ], [ 77.6660189, 28.4255885 ], [ 77.6635587, 28.4271558 ], [ 77.6606338, 28.4288166 ], [ 77.6628661, 28.430837 ], [ 77.6651944, 28.4326873 ], [ 77.6672399, 28.4351379 ], [ 77.6697723, 28.4356458 ], [ 77.6704838, 28.4365958 ], [ 77.6720875, 28.4361402 ], [ 77.6734383, 28.4377368 ], [ 77.6727618, 28.4382177 ], [ 77.6746206, 28.4398488 ], [ 77.6758504, 28.4408648 ], [ 77.6777825, 28.4414069 ], [ 77.6783944, 28.4423943 ], [ 77.6775183, 28.4427828 ], [ 77.6775638, 28.443448 ], [ 77.6770262, 28.4437305 ], [ 77.6766891, 28.443284 ], [ 77.674866, 28.4437778 ], [ 77.6751856, 28.4447055 ], [ 77.6748667, 28.4449242 ], [ 77.6758765, 28.4460158 ], [ 77.6734725, 28.4474846 ], [ 77.6712611, 28.4487492 ], [ 77.6686459, 28.4501951 ], [ 77.6671579, 28.4508834 ], [ 77.6661201, 28.4510627 ], [ 77.6632914, 28.4529474 ], [ 77.6610641, 28.4510415 ], [ 77.6614894, 28.4506862 ], [ 77.6611777, 28.4498584 ], [ 77.6617545, 28.4497991 ], [ 77.6626057, 28.450711 ], [ 77.666645, 28.4484306 ], [ 77.6671837, 28.4481188 ], [ 77.6676841, 28.4479807 ], [ 77.667413, 28.4471657 ], [ 77.6672373, 28.4469113 ], [ 77.6673128, 28.4460814 ], [ 77.6673446, 28.44525 ], [ 77.6669028, 28.4441679 ], [ 77.6666385, 28.4440221 ], [ 77.6652998, 28.4440312 ], [ 77.6652126, 28.4435601 ], [ 77.665118, 28.4431143 ], [ 77.6647556, 28.442705 ], [ 77.6631967, 28.4412203 ], [ 77.6627386, 28.4405458 ], [ 77.6612123, 28.4396711 ], [ 77.6600779, 28.4390606 ], [ 77.6591126, 28.4394747 ], [ 77.6579958, 28.4381995 ], [ 77.656649, 28.4373346 ], [ 77.6562326, 28.4368509 ], [ 77.6558681, 28.4344089 ], [ 77.6579639, 28.432623 ], [ 77.6587111, 28.4312926 ], [ 77.6591642, 28.4288345 ], [ 77.6592031, 28.4281307 ], [ 77.6584195, 28.4265544 ], [ 77.6567686, 28.4251049 ], [ 77.6516429, 28.4272392 ], [ 77.6468655, 28.4303814 ], [ 77.6447526, 28.4280176 ], [ 77.6432347, 28.4276942 ], [ 77.6367876, 28.4266819 ], [ 77.6349287, 28.4274291 ], [ 77.6328868, 28.4274464 ], [ 77.6301588, 28.4305569 ], [ 77.6310881, 28.4344893 ], [ 77.632268, 28.4359397 ], [ 77.635439, 28.4368145 ], [ 77.6367876, 28.4376346 ], [ 77.6381263, 28.4389852 ], [ 77.6394665, 28.4432111 ], [ 77.641052, 28.4467283 ], [ 77.6428938, 28.449587 ], [ 77.6454987, 28.4523049 ], [ 77.6495444, 28.4571525 ], [ 77.6486514, 28.4581548 ], [ 77.651341, 28.4617821 ], [ 77.6468472, 28.4658271 ], [ 77.6458293, 28.4666316 ], [ 77.6445875, 28.4666016 ], [ 77.642273, 28.467449 ], [ 77.640077, 28.4677406 ], [ 77.6377717, 28.4669206 ], [ 77.6344913, 28.4649888 ], [ 77.6323774, 28.4669935 ], [ 77.6318306, 28.4699458 ], [ 77.631619, 28.4734334 ], [ 77.6311381, 28.4744653 ], [ 77.6286961, 28.474848 ], [ 77.6241219, 28.4759414 ], [ 77.6216467, 28.4750178 ], [ 77.6230831, 28.4787844 ], [ 77.6240278, 28.4789461 ], [ 77.6286779, 28.4825203 ], [ 77.6301026, 28.4839881 ], [ 77.6355484, 28.4880422 ], [ 77.6370658, 28.489449 ], [ 77.6383002, 28.4889352 ], [ 77.6451706, 28.4934729 ], [ 77.6471388, 28.4921244 ], [ 77.6485238, 28.4928898 ], [ 77.650328, 28.4916505 ], [ 77.6511117, 28.4917234 ], [ 77.6532125, 28.4950585 ], [ 77.6531892, 28.4975004 ], [ 77.6544649, 28.4963888 ], [ 77.6554307, 28.4960972 ], [ 77.6581161, 28.4982317 ], [ 77.660005, 28.4992864 ], [ 77.6624288, 28.4999242 ], [ 77.6645428, 28.4993411 ], [ 77.6682969, 28.4974093 ], [ 77.6684062, 28.4999971 ], [ 77.6673492, 28.5026761 ], [ 77.670502, 28.5059017 ], [ 77.6734725, 28.5069769 ], [ 77.6751127, 28.5066853 ], [ 77.6760968, 28.5072138 ], [ 77.6779009, 28.5103848 ], [ 77.680343, 28.5095647 ], [ 77.6819831, 28.5100203 ], [ 77.6851868, 28.5115834 ], [ 77.6859924, 28.5114054 ], [ 77.6867031, 28.5126081 ], [ 77.6857555, 28.5135011 ], [ 77.6847167, 28.5159796 ], [ 77.6835537, 28.5163661 ], [ 77.684498, 28.519187 ], [ 77.6845345, 28.521629 ], [ 77.6860653, 28.524636 ], [ 77.6874868, 28.526914 ], [ 77.6857373, 28.5280803 ], [ 77.6875318, 28.5299568 ], [ 77.6898559, 28.5317069 ], [ 77.6914049, 28.5324905 ], [ 77.6922797, 28.5335475 ], [ 77.6925147, 28.5352584 ], [ 77.6911134, 28.5360442 ], [ 77.6900017, 28.5376479 ], [ 77.6879059, 28.538632 ], [ 77.6877808, 28.540516 ], [ 77.6889082, 28.5433521 ], [ 77.6883888, 28.543835 ], [ 77.6894094, 28.5458032 ], [ 77.6897465, 28.5473705 ], [ 77.6893547, 28.5481267 ], [ 77.6884435, 28.5485003 ], [ 77.6892545, 28.5495209 ], [ 77.688808, 28.5506872 ], [ 77.6892479, 28.5512952 ], [ 77.6880791, 28.5519446 ], [ 77.6856348, 28.5554869 ], [ 77.6852586, 28.5558063 ], [ 77.6811671, 28.5601512 ], [ 77.6804068, 28.5614211 ], [ 77.6789853, 28.5625419 ], [ 77.6771629, 28.563608 ], [ 77.6784659, 28.564419 ], [ 77.6768166, 28.5668246 ], [ 77.6763668, 28.5683767 ], [ 77.6766708, 28.5695855 ], [ 77.676279, 28.5703509 ], [ 77.6753587, 28.5707609 ], [ 77.6753405, 28.5712621 ], [ 77.6759328, 28.5721186 ], [ 77.6770718, 28.5733487 ], [ 77.6777461, 28.5736677 ], [ 77.6766253, 28.5746973 ], [ 77.673948, 28.5761666 ], [ 77.6739728, 28.5768109 ], [ 77.672452, 28.5782328 ], [ 77.6684063, 28.5813855 ], [ 77.6681726, 28.5821908 ], [ 77.6647796, 28.5856682 ], [ 77.6625563, 28.5902971 ], [ 77.6588022, 28.5940148 ], [ 77.6574171, 28.5935774 ], [ 77.6553396, 28.5947073 ], [ 77.6525331, 28.5939783 ], [ 77.6495271, 28.596371 ], [ 77.6475033, 28.5948167 ], [ 77.6458267, 28.5964568 ], [ 77.6436033, 28.5953634 ], [ 77.6394367, 28.5985395 ], [ 77.6341269, 28.6024343 ], [ 77.6321222, 28.6050221 ], [ 77.6300447, 28.609323 ], [ 77.6275662, 28.6097968 ], [ 77.6252335, 28.6130042 ], [ 77.6200944, 28.6169406 ], [ 77.6145574, 28.6195073 ], [ 77.6164496, 28.6219704 ], [ 77.6240576, 28.6269222 ], [ 77.618272, 28.6319936 ], [ 77.6160122, 28.634545 ], [ 77.6152832, 28.636987 ], [ 77.6129719, 28.6379898 ], [ 77.6090632, 28.634814 ], [ 77.6061027, 28.6370419 ], [ 77.6049138, 28.6355655 ], [ 77.60168, 28.6373081 ], [ 77.5986265, 28.6390281 ], [ 77.5940793, 28.6407126 ], [ 77.5936878, 28.6398846 ], [ 77.5877434, 28.6404586 ], [ 77.5848492, 28.6371146 ], [ 77.5830095, 28.6325159 ], [ 77.5794549, 28.6343992 ], [ 77.5782521, 28.6331053 ], [ 77.5759043, 28.6341137 ], [ 77.5753545, 28.6330871 ], [ 77.5757918, 28.6322123 ], [ 77.5738419, 28.6300983 ], [ 77.5702517, 28.6278021 ], [ 77.5672266, 28.6260708 ], [ 77.5668621, 28.6246493 ], [ 77.5618863, 28.618926 ], [ 77.5567282, 28.6215308 ], [ 77.5518273, 28.6246858 ], [ 77.5469541, 28.6279682 ], [ 77.5485469, 28.6302441 ], [ 77.5532852, 28.6350188 ], [ 77.5569316, 28.6380637 ], [ 77.5576724, 28.6389476 ], [ 77.5597365, 28.6443677 ], [ 77.5605783, 28.647595 ], [ 77.5605749, 28.6475966 ], [ 77.5604788, 28.6476401 ], [ 77.5602253, 28.647755 ], [ 77.5600208, 28.6479017 ], [ 77.5597292, 28.6480348 ], [ 77.5593867, 28.6482288 ], [ 77.5591105, 28.6483031 ], [ 77.5587806, 28.6484859 ], [ 77.5584353, 28.6486663 ], [ 77.5582436, 28.648946 ], [ 77.5578855, 28.6492032 ], [ 77.5575684, 28.6493476 ], [ 77.5571824, 28.6495799 ], [ 77.5565405, 28.6499498 ], [ 77.5561135, 28.650058 ], [ 77.5559754, 28.6499362 ], [ 77.5558245, 28.6495843 ], [ 77.5557146, 28.6494129 ], [ 77.5554383, 28.6495482 ], [ 77.5551085, 28.6497309 ], [ 77.5547786, 28.6499723 ], [ 77.5546686, 28.6502519 ], [ 77.5543771, 28.6504956 ], [ 77.5540191, 28.6506534 ], [ 77.5537173, 28.6508249 ], [ 77.5533311, 28.6510662 ], [ 77.5529731, 28.6512985 ], [ 77.5527123, 28.6515421 ], [ 77.5524003, 28.6512557 ], [ 77.5517661, 28.6515827 ], [ 77.5512853, 28.6517654 ], [ 77.5505413, 28.6511337 ], [ 77.5500861, 28.6512554 ], [ 77.54948, 28.6515712 ], [ 77.5484596, 28.652153 ], [ 77.548053, 28.6522816 ], [ 77.5472678, 28.6527439 ], [ 77.5468689, 28.6528657 ], [ 77.5464828, 28.6528295 ], [ 77.5461376, 28.6529491 ], [ 77.5460686, 28.6526581 ], [ 77.5455596, 28.6528768 ], [ 77.5452226, 28.6528899 ], [ 77.545153, 28.6528926 ], [ 77.5450696, 28.6528675 ], [ 77.5448155, 28.652791 ], [ 77.5431355, 28.6522021 ], [ 77.5424195, 28.6518727 ], [ 77.5419078, 28.651686 ], [ 77.5418749, 28.651674 ], [ 77.5419093, 28.6516101 ], [ 77.5420616, 28.6513267 ], [ 77.542476, 28.6508756 ], [ 77.5432842, 28.6500005 ], [ 77.5435286, 28.6497185 ], [ 77.5435579, 28.6496847 ], [ 77.543609, 28.6496535 ], [ 77.543875, 28.6494908 ], [ 77.5441154, 28.6493397 ], [ 77.544765, 28.6486992 ], [ 77.545054, 28.6484691 ], [ 77.5453225, 28.6482097 ], [ 77.5458877, 28.6476933 ], [ 77.5461588, 28.647382 ], [ 77.5463993, 28.647109 ], [ 77.5466397, 28.6467888 ], [ 77.5468878, 28.646473 ], [ 77.5470872, 28.646146 ], [ 77.5472893, 28.6459114 ], [ 77.5476038, 28.6455482 ], [ 77.547453, 28.6452437 ], [ 77.5472204, 28.6449775 ], [ 77.5470338, 28.6447338 ], [ 77.5467831, 28.6444767 ], [ 77.5464892, 28.6441924 ], [ 77.5462693, 28.6438947 ], [ 77.5465506, 28.6436713 ], [ 77.5468933, 28.6435022 ], [ 77.5471337, 28.6434166 ], [ 77.5469802, 28.6430736 ], [ 77.5468295, 28.6426992 ], [ 77.5471465, 28.6423699 ], [ 77.5475021, 28.6420789 ], [ 77.5475583, 28.6417834 ], [ 77.5474791, 28.6415308 ], [ 77.5474664, 28.6411789 ], [ 77.5474229, 28.6407842 ], [ 77.5473411, 28.640439 ], [ 77.5472006, 28.6400285 ], [ 77.5469679, 28.6397442 ], [ 77.5468453, 28.6392885 ], [ 77.5467277, 28.6389683 ], [ 77.5470473, 28.6386976 ], [ 77.5474949, 28.6385285 ], [ 77.5478375, 28.6383277 ], [ 77.5478324, 28.6380322 ], [ 77.5475257, 28.6374096 ], [ 77.5471346, 28.6368209 ], [ 77.5468328, 28.6368388 ], [ 77.5464825, 28.6368636 ], [ 77.546076, 28.6368996 ], [ 77.5457743, 28.6367124 ], [ 77.5451786, 28.6363875 ], [ 77.5442788, 28.6356971 ], [ 77.5440513, 28.6354535 ], [ 77.5434709, 28.6349166 ], [ 77.5428932, 28.6343819 ], [ 77.5424076, 28.6338607 ], [ 77.542118, 28.6335796 ], [ 77.5420497, 28.6335133 ], [ 77.5420185, 28.6335781 ], [ 77.5419116, 28.6337998 ], [ 77.5418015, 28.634023 ], [ 77.5416226, 28.6342554 ], [ 77.5412825, 28.6341177 ], [ 77.540945, 28.6342756 ], [ 77.5406689, 28.6344583 ], [ 77.5403185, 28.6347356 ], [ 77.539715, 28.6351009 ], [ 77.5394184, 28.6352814 ], [ 77.5390579, 28.635437 ], [ 77.5384823, 28.6366257 ], [ 77.5381754, 28.6368602 ], [ 77.5378711, 28.637115 ], [ 77.5375284, 28.6373743 ], [ 77.5371628, 28.6376179 ], [ 77.5368687, 28.6378299 ], [ 77.5365311, 28.6380125 ], [ 77.5362114, 28.6381726 ], [ 77.5359251, 28.6382989 ], [ 77.5355875, 28.6384703 ], [ 77.5352423, 28.6386868 ], [ 77.535641, 28.6391538 ], [ 77.5353495, 28.6393883 ], [ 77.5350656, 28.6395529 ], [ 77.5347767, 28.6397762 ], [ 77.5344672, 28.6400017 ], [ 77.5341507, 28.6401759 ], [ 77.5340453, 28.6402339 ], [ 77.5339957, 28.6402733 ], [ 77.5334954, 28.6406714 ], [ 77.5332269, 28.6408766 ], [ 77.5317588, 28.642038 ], [ 77.5314622, 28.6422545 ], [ 77.5311527, 28.6424732 ], [ 77.5308433, 28.6427033 ], [ 77.5306028, 28.6429535 ], [ 77.5302934, 28.6431881 ], [ 77.5299251, 28.6434406 ], [ 77.529608, 28.6436774 ], [ 77.529168, 28.6439863 ], [ 77.5287818, 28.6442705 ], [ 77.5284186, 28.6445569 ], [ 77.5280274, 28.6447868 ], [ 77.527388, 28.6451747 ], [ 77.5270299, 28.6454182 ], [ 77.526856, 28.6456595 ], [ 77.526686, 28.6458274 ], [ 77.5266232, 28.6458895 ], [ 77.526535, 28.6459586 ], [ 77.5262779, 28.6461602 ], [ 77.5259685, 28.6462142 ], [ 77.5255823, 28.6464148 ], [ 77.5243419, 28.6470235 ], [ 77.5240452, 28.6471701 ], [ 77.5237434, 28.6472918 ], [ 77.5222677, 28.6479365 ], [ 77.5218688, 28.6481055 ], [ 77.5214826, 28.6482994 ], [ 77.5211118, 28.6484504 ], [ 77.5207614, 28.6486263 ], [ 77.5204033, 28.6487593 ], [ 77.5200427, 28.6488719 ], [ 77.5197051, 28.6489485 ], [ 77.5194299, 28.649001 ], [ 77.5193625, 28.6490138 ], [ 77.5192755, 28.6490519 ], [ 77.5190377, 28.6491559 ], [ 77.5187078, 28.649246 ], [ 77.5184059, 28.6494286 ], [ 77.5180351, 28.6495864 ], [ 77.5177769, 28.6493585 ], [ 77.5174676, 28.6491464 ], [ 77.517166, 28.6488914 ], [ 77.5168081, 28.6486431 ], [ 77.5162279, 28.6480519 ], [ 77.5159186, 28.6477428 ], [ 77.5156297, 28.6474652 ], [ 77.5154432, 28.6472396 ], [ 77.514973, 28.6466484 ], [ 77.5144644, 28.6461023 ], [ 77.5141551, 28.6457391 ], [ 77.5139071, 28.6454886 ], [ 77.5136158, 28.6451773 ], [ 77.5132656, 28.6448929 ], [ 77.512941, 28.6445905 ], [ 77.5126675, 28.6443467 ], [ 77.5123915, 28.6441166 ], [ 77.5120797, 28.6438887 ], [ 77.5117985, 28.6436629 ], [ 77.5113998, 28.6433831 ], [ 77.5118269, 28.6429412 ], [ 77.5113592, 28.6425778 ], [ 77.5110793, 28.6423769 ], [ 77.5110039, 28.6423228 ], [ 77.5109263, 28.6423549 ], [ 77.5106612, 28.6424648 ], [ 77.5100168, 28.6427307 ], [ 77.5095077, 28.6430035 ], [ 77.5085614, 28.6434497 ], [ 77.5083082, 28.6436977 ], [ 77.5080242, 28.643939 ], [ 77.5075919, 28.6441576 ], [ 77.5072134, 28.6443943 ], [ 77.5068758, 28.6445814 ], [ 77.5064742, 28.644755 ], [ 77.5060267, 28.6449668 ], [ 77.5057376, 28.645111 ], [ 77.5053796, 28.6453116 ], [ 77.5049959, 28.6454807 ], [ 77.5043794, 28.6458842 ], [ 77.5040827, 28.6461028 ], [ 77.5037808, 28.6463216 ], [ 77.5035532, 28.6465199 ], [ 77.5032513, 28.6467995 ], [ 77.5029494, 28.6469933 ], [ 77.502691, 28.6472391 ], [ 77.5020771, 28.6477058 ], [ 77.5014247, 28.6481431 ], [ 77.5011485, 28.6483482 ], [ 77.5007954, 28.64863 ], [ 77.5005626, 28.6488262 ], [ 77.499898, 28.648456 ], [ 77.4987599, 28.6477362 ], [ 77.498125, 28.6472492 ], [ 77.4971637, 28.6459316 ], [ 77.4965891, 28.6447714 ], [ 77.4957899, 28.6436673 ], [ 77.4913729, 28.6389198 ], [ 77.4908165, 28.6384111 ], [ 77.490347, 28.6379772 ], [ 77.4893015, 28.6374883 ], [ 77.4878004, 28.6369098 ], [ 77.4870027, 28.6365074 ], [ 77.4861793, 28.6363476 ], [ 77.4860552, 28.6360567 ], [ 77.485995, 28.6356935 ], [ 77.4859142, 28.6353161 ], [ 77.4861215, 28.6348332 ], [ 77.4852, 28.633617 ], [ 77.4834948, 28.6336177 ], [ 77.4832597, 28.6335568 ], [ 77.4831742, 28.6335346 ], [ 77.483106, 28.633517 ], [ 77.4813228, 28.633056 ], [ 77.4808077, 28.6328185 ], [ 77.4799051, 28.6319512 ], [ 77.4785714, 28.6305587 ], [ 77.4783016, 28.6300178 ], [ 77.4782417, 28.6291271 ], [ 77.4779576, 28.6290355 ], [ 77.4772643, 28.6288732 ], [ 77.4769319, 28.6286019 ], [ 77.4770938, 28.6283109 ], [ 77.4776901, 28.6278754 ], [ 77.4777754, 28.6275144 ], [ 77.4775503, 28.627332 ], [ 77.4738731, 28.627173 ], [ 77.4735649, 28.6272461 ], [ 77.4644845, 28.6335601 ], [ 77.4595249, 28.6371276 ], [ 77.4582534, 28.6380338 ], [ 77.4565928, 28.6378881 ], [ 77.4556502, 28.6369512 ], [ 77.4533484, 28.6340938 ], [ 77.4533333, 28.6340706 ], [ 77.4528236, 28.6333195 ], [ 77.4525259, 28.632879 ], [ 77.4505582, 28.6304718 ], [ 77.4497406, 28.6297845 ], [ 77.4470307, 28.6283331 ], [ 77.4459233, 28.6275815 ], [ 77.444837, 28.626312 ], [ 77.4435431, 28.6250208 ], [ 77.4433402, 28.6245222 ], [ 77.4424318, 28.6239572 ], [ 77.4415064, 28.623204 ], [ 77.4401278, 28.6224985 ], [ 77.4399245, 28.6222705 ], [ 77.4398405, 28.6223104 ], [ 77.4390279, 28.6226459 ], [ 77.4383401, 28.6229789 ], [ 77.438074, 28.6232774 ], [ 77.4377175, 28.623423 ], [ 77.4373997, 28.6234592 ], [ 77.437172, 28.6234097 ], [ 77.4369138, 28.6233275 ], [ 77.4367209, 28.6230997 ], [ 77.4364573, 28.6227744 ], [ 77.4360124, 28.6224187 ], [ 77.4354458, 28.6224188 ], [ 77.4346906, 28.6224892 ], [ 77.4339777, 28.6222759 ], [ 77.4337354, 28.6221757 ], [ 77.4333101, 28.6226321 ], [ 77.4330045, 28.6230859 ], [ 77.4325151, 28.6233716 ], [ 77.4321693, 28.6237559 ], [ 77.4320678, 28.6241395 ], [ 77.4319255, 28.6242335 ], [ 77.4318046, 28.6243004 ], [ 77.4316807, 28.6242571 ], [ 77.4314503, 28.6243406 ], [ 77.4313194, 28.6243843 ], [ 77.4311176, 28.6243398 ], [ 77.4308457, 28.6241657 ], [ 77.4306549, 28.6240893 ], [ 77.4304045, 28.6241357 ], [ 77.4300699, 28.6242266 ], [ 77.4295991, 28.6246227 ], [ 77.4289879, 28.6250165 ], [ 77.4283344, 28.6249463 ], [ 77.4282444, 28.6250228 ], [ 77.4281061, 28.6251766 ], [ 77.4274065, 28.6253212 ], [ 77.4255252, 28.6252955 ], [ 77.4223737, 28.6251071 ], [ 77.4216946, 28.6250181 ], [ 77.4192858, 28.6263644 ], [ 77.4158672, 28.628702 ], [ 77.4147454, 28.6294695 ], [ 77.4138023, 28.6298257 ], [ 77.4131832, 28.6298478 ], [ 77.411783, 28.6296829 ], [ 77.410194, 28.6293499 ], [ 77.4082168, 28.6296847 ], [ 77.4072736, 28.6300409 ], [ 77.4068415, 28.6303229 ], [ 77.406278, 28.6304192 ], [ 77.4052555, 28.630609 ], [ 77.4052551, 28.630609 ], [ 77.4030765, 28.6316239 ], [ 77.4010807, 28.6325959 ], [ 77.400517, 28.6334491 ], [ 77.3998805, 28.634562 ], [ 77.3998803, 28.6345624 ], [ 77.398796, 28.6364436 ], [ 77.3987044, 28.636598 ], [ 77.3985965, 28.6367843 ], [ 77.3943573, 28.6354703 ], [ 77.3920211, 28.6347462 ], [ 77.3910737, 28.6343133 ], [ 77.3817511, 28.6323333 ], [ 77.3626967, 28.6322461 ], [ 77.3551594, 28.6323502 ], [ 77.3511276, 28.6324059 ], [ 77.3341678, 28.63248 ], [ 77.3304796, 28.6315684 ], [ 77.3312417, 28.6313165 ], [ 77.3322902, 28.6299179 ], [ 77.3337696, 28.6288811 ], [ 77.33443, 28.6277275 ], [ 77.336511, 28.6263181 ], [ 77.3386036, 28.6249339 ], [ 77.3395999, 28.624098 ], [ 77.3404229, 28.6236487 ], [ 77.3401657, 28.6220337 ], [ 77.3403164, 28.6218056 ], [ 77.3410433, 28.6212264 ], [ 77.3414331, 28.6207682 ], [ 77.3416803, 28.6201852 ], [ 77.3419372, 28.6193425 ], [ 77.342008, 28.6187598 ], [ 77.3418543, 28.6170951 ], [ 77.3417203, 28.6157252 ], [ 77.3415287, 28.6137665 ], [ 77.3416608, 28.613724 ], [ 77.3416914, 28.6136261 ], [ 77.3417627, 28.6136069 ], [ 77.3420594, 28.6101623 ], [ 77.3412222, 28.6051404 ], [ 77.3407915, 28.6052157 ], [ 77.3402922, 28.6046086 ], [ 77.3395778, 28.6041325 ], [ 77.3386991, 28.6029897 ], [ 77.3384233, 28.6032323 ], [ 77.3376421, 28.6024417 ], [ 77.3367463, 28.6018012 ], [ 77.3356036, 28.6016928 ], [ 77.3347131, 28.6019424 ], [ 77.3336188, 28.6014856 ], [ 77.3316769, 28.6011371 ], [ 77.3297187, 28.6004141 ], [ 77.3281611, 28.5993706 ], [ 77.3271159, 28.5986704 ], [ 77.3267274, 28.5987077 ], [ 77.3264387, 28.5983634 ], [ 77.3258952, 28.5981814 ], [ 77.3249496, 28.5979038 ], [ 77.3244672, 28.5978722 ], [ 77.3225959, 28.5975281 ], [ 77.3218904, 28.5976426 ], [ 77.3212323, 28.5976895 ], [ 77.3201253, 28.5975835 ], [ 77.3194945, 28.5974307 ], [ 77.3171201, 28.5968503 ], [ 77.314928, 28.596967 ], [ 77.3141858, 28.5967547 ], [ 77.313382, 28.5965248 ], [ 77.3131816, 28.5963398 ], [ 77.3134894, 28.5958149 ], [ 77.3126578, 28.5951813 ], [ 77.311977, 28.5938047 ], [ 77.3113247, 28.5931229 ], [ 77.3111321, 28.5926253 ], [ 77.3111384, 28.5919458 ], [ 77.3101587, 28.5907418 ], [ 77.3088577, 28.5893282 ], [ 77.3044219, 28.5857974 ], [ 77.3038179, 28.5855769 ], [ 77.3029131, 28.5853121 ], [ 77.3010198, 28.5838592 ], [ 77.2991347, 28.5831423 ], [ 77.2948372, 28.5815446 ], [ 77.2928863, 28.5761741 ] ] ] } },
{ "type": "Feature", "properties": { "zone_name": "Faridabad" }, "geometry": { "type": "Polygon", "coordinates": [ [ [ 77.1492769, 28.3640888 ], [ 77.1511735, 28.3629469 ], [ 77.1519721, 28.3588623 ], [ 77.1524213, 28.3557 ], [ 77.1516227, 28.3529329 ], [ 77.1505746, 28.3501218 ], [ 77.1506245, 28.3439283 ], [ 77.1521218, 28.3373391 ], [ 77.1543179, 28.3289043 ], [ 77.1552912, 28.3211717 ], [ 77.1559026, 28.3191616 ], [ 77.1566887, 28.3177007 ], [ 77.1574124, 28.3165254 ], [ 77.1580612, 28.3162288 ], [ 77.1595336, 28.3157784 ], [ 77.1613428, 28.3155148 ], [ 77.1623784, 28.31535 ], [ 77.1620041, 28.3130872 ], [ 77.1630148, 28.312472 ], [ 77.1649364, 28.3116811 ], [ 77.1664836, 28.3112856 ], [ 77.1661467, 28.3086821 ], [ 77.1700522, 28.3075506 ], [ 77.1733462, 28.3066718 ], [ 77.175455, 28.3058479 ], [ 77.1767027, 28.3056721 ], [ 77.1792606, 28.3046614 ], [ 77.1820431, 28.3035629 ], [ 77.1833907, 28.3023764 ], [ 77.1865475, 28.2999814 ], [ 77.1893924, 28.2985532 ], [ 77.1915319, 28.2966587 ], [ 77.1915605, 28.2966356 ], [ 77.1916294, 28.296568 ], [ 77.1940445, 28.2942014 ], [ 77.1947396, 28.2939442 ], [ 77.1959502, 28.2934669 ], [ 77.200793, 28.2894325 ], [ 77.2008159, 28.2894134 ], [ 77.2037721, 28.2921442 ], [ 77.2049717, 28.2935312 ], [ 77.2051285, 28.2944011 ], [ 77.2071742, 28.2982607 ], [ 77.2081392, 28.2988859 ], [ 77.2081731, 28.2989078 ], [ 77.2116237, 28.2961582 ], [ 77.2132375, 28.2950565 ], [ 77.2139664, 28.2942581 ], [ 77.2162804, 28.2928947 ], [ 77.2168579, 28.2924921 ], [ 77.2181699, 28.2915772 ], [ 77.2198326, 28.2905577 ], [ 77.2210849, 28.2898327 ], [ 77.223747, 28.2875911 ], [ 77.2264427, 28.2891244 ], [ 77.2270141, 28.2895283 ], [ 77.2274316, 28.2891481 ], [ 77.2283244, 28.2895493 ], [ 77.2283266, 28.2895477 ], [ 77.2308587, 28.2877249 ], [ 77.2356024, 28.2837943 ], [ 77.2373117, 28.2827349 ], [ 77.2407193, 28.2800244 ], [ 77.241405, 28.2795184 ], [ 77.2417716, 28.2793791 ], [ 77.2418683, 28.2793423 ], [ 77.241262, 28.2783367 ], [ 77.2408052, 28.277579 ], [ 77.2397197, 28.2750704 ], [ 77.2390852, 28.2737127 ], [ 77.2387162, 28.2726959 ], [ 77.2386364, 28.2724759 ], [ 77.2377691, 28.2709807 ], [ 77.2372657, 28.270114 ], [ 77.2372327, 28.2700559 ], [ 77.2372646, 28.2700248 ], [ 77.2384309, 28.2688878 ], [ 77.238654, 28.2686703 ], [ 77.2400409, 28.2676452 ], [ 77.2411039, 28.2671376 ], [ 77.2416738, 28.2668302 ], [ 77.2437326, 28.2650135 ], [ 77.2452552, 28.2634029 ], [ 77.2457666, 28.2629343 ], [ 77.2461064, 28.2625726 ], [ 77.2463978, 28.2624145 ], [ 77.2474569, 28.261793 ], [ 77.2489971, 28.2613489 ], [ 77.2500642, 28.2607961 ], [ 77.2501517, 28.2607504 ], [ 77.2502006, 28.2607188 ], [ 77.2513282, 28.2601304 ], [ 77.2526148, 28.2595227 ], [ 77.2534406, 28.2591421 ], [ 77.2534491, 28.2591382 ], [ 77.2543615, 28.2586583 ], [ 77.2549696, 28.2583475 ], [ 77.2552437, 28.2581411 ], [ 77.2552474, 28.2581411 ], [ 77.2556273, 28.2581386 ], [ 77.2560321, 28.2585861 ], [ 77.2564741, 28.2592271 ], [ 77.2564757, 28.2592293 ], [ 77.2568865, 28.2598032 ], [ 77.2570241, 28.2601452 ], [ 77.2570778, 28.2605317 ], [ 77.2570388, 28.260889 ], [ 77.2568662, 28.261198 ], [ 77.2567146, 28.2614892 ], [ 77.2564245, 28.2619523 ], [ 77.2563281, 28.2625656 ], [ 77.2562203, 28.2632246 ], [ 77.2561502, 28.2640586 ], [ 77.2561086, 28.2650033 ], [ 77.2561311, 28.2658665 ], [ 77.2560957, 28.2665359 ], [ 77.2560552, 28.2674347 ], [ 77.2560963, 28.2679218 ], [ 77.2561016, 28.2681514 ], [ 77.2562071, 28.2685387 ], [ 77.2563891, 28.2692211 ], [ 77.2567156, 28.2704015 ], [ 77.2570662, 28.2719037 ], [ 77.2571302, 28.2723447 ], [ 77.2571498, 28.2723457 ], [ 77.2578964, 28.2723402 ], [ 77.2582514, 28.272287 ], [ 77.2582812, 28.2722826 ], [ 77.2584494, 28.2722361 ], [ 77.2589384, 28.2721011 ], [ 77.2592575, 28.2720208 ], [ 77.2593137, 28.2720066 ], [ 77.259316, 28.2720066 ], [ 77.2593289, 28.2720035 ], [ 77.2597823, 28.2720005 ], [ 77.2598947, 28.2719917 ], [ 77.2599881, 28.2719815 ], [ 77.2602181, 28.2718937 ], [ 77.260429, 28.2717321 ], [ 77.2604387, 28.2717277 ], [ 77.2604782, 28.2717098 ], [ 77.2605652, 28.2716702 ], [ 77.2607629, 28.2716369 ], [ 77.2607704, 28.2716372 ], [ 77.2607735, 28.2716367 ], [ 77.2609702, 28.2716457 ], [ 77.2611254, 28.2716523 ], [ 77.2613246, 28.27161 ], [ 77.2613689, 28.2715998 ], [ 77.2616635, 28.2715206 ], [ 77.2619294, 28.2713908 ], [ 77.2621387, 28.2713026 ], [ 77.2624108, 28.271188 ], [ 77.2626932, 28.2710735 ], [ 77.2628568, 28.271018 ], [ 77.2630369, 28.2709541 ], [ 77.2635032, 28.2708336 ], [ 77.2637832, 28.2708199 ], [ 77.2641483, 28.2707372 ], [ 77.2644364, 28.2706577 ], [ 77.2648196, 28.2705502 ], [ 77.2651537, 28.2704458 ], [ 77.265519, 28.2703328 ], [ 77.2656901, 28.2702886 ], [ 77.2658527, 28.2702467 ], [ 77.2660779, 28.270189 ], [ 77.2664574, 28.2700919 ], [ 77.2669576, 28.269972 ], [ 77.267595, 28.2697443 ], [ 77.268182, 28.2694515 ], [ 77.2686125, 28.2692018 ], [ 77.2690309, 28.2690346 ], [ 77.2690437, 28.2690343 ], [ 77.2694251, 28.269023 ], [ 77.2699963, 28.2689778 ], [ 77.2700021, 28.2689756 ], [ 77.2703203, 28.2688548 ], [ 77.2708043, 28.2685327 ], [ 77.2712376, 28.2681546 ], [ 77.2712505, 28.2681492 ], [ 77.2712877, 28.2681335 ], [ 77.2714469, 28.2680664 ], [ 77.2717829, 28.2678703 ], [ 77.2722467, 28.2675203 ], [ 77.2727229, 28.2670787 ], [ 77.2730195, 28.26679 ], [ 77.2732301, 28.2666376 ], [ 77.27324, 28.266637 ], [ 77.273244, 28.266634 ], [ 77.2733508, 28.2666232 ], [ 77.2738209, 28.2669267 ], [ 77.2744993, 28.2671996 ], [ 77.2751326, 28.2675049 ], [ 77.27567, 28.2678446 ], [ 77.2756749, 28.2678477 ], [ 77.2757034, 28.2678591 ], [ 77.2758073, 28.2679008 ], [ 77.2763225, 28.2681076 ], [ 77.277539, 28.2687595 ], [ 77.2781889, 28.2691277 ], [ 77.278978, 28.2695702 ], [ 77.2793116, 28.2696819 ], [ 77.2795165, 28.2697074 ], [ 77.2795492, 28.2697104 ], [ 77.2796899, 28.2696686 ], [ 77.2796963, 28.2696663 ], [ 77.2805174, 28.2690477 ], [ 77.2809798, 28.2687619 ], [ 77.2816124, 28.2682771 ], [ 77.2821496, 28.2678916 ], [ 77.2824652, 28.2676767 ], [ 77.282643, 28.2676069 ], [ 77.2827822, 28.2675486 ], [ 77.2835422, 28.2673465 ], [ 77.283916, 28.2671744 ], [ 77.2842105, 28.2670365 ], [ 77.2848086, 28.2667071 ], [ 77.2853961, 28.2663867 ], [ 77.2858038, 28.2661987 ], [ 77.2858669, 28.2661682 ], [ 77.286109, 28.2660225 ], [ 77.2862479, 28.2658321 ], [ 77.2862505, 28.2657128 ], [ 77.2862343, 28.2655015 ], [ 77.2860851, 28.2652144 ], [ 77.2860873, 28.2651134 ], [ 77.2861749, 28.2650971 ], [ 77.2863673, 28.265057 ], [ 77.2871264, 28.2648097 ], [ 77.2879635, 28.2645916 ], [ 77.2880168, 28.2645773 ], [ 77.2893841, 28.2641508 ], [ 77.2894311, 28.2641372 ], [ 77.2904382, 28.2638429 ], [ 77.2914392, 28.2634742 ], [ 77.2917553, 28.2633638 ], [ 77.2927156, 28.2630235 ], [ 77.2933842, 28.262787 ], [ 77.2933843, 28.262787 ], [ 77.2933963, 28.2627827 ], [ 77.2937687, 28.2627093 ], [ 77.2937718, 28.2627087 ], [ 77.2942952, 28.2626412 ], [ 77.2948344, 28.2625961 ], [ 77.295464, 28.2627299 ], [ 77.2958591, 28.2628586 ], [ 77.2963257, 28.2629951 ], [ 77.2966147, 28.2629271 ], [ 77.2968322, 28.2628512 ], [ 77.2969595, 28.2628491 ], [ 77.2971545, 28.2629135 ], [ 77.2974806, 28.2631516 ], [ 77.2977418, 28.2633567 ], [ 77.2978172, 28.263358 ], [ 77.2979322, 28.2633561 ], [ 77.2981005, 28.2632894 ], [ 77.2985451, 28.2628655 ], [ 77.2991254, 28.2623981 ], [ 77.2996319, 28.2619845 ], [ 77.2999279, 28.2617233 ], [ 77.2999285, 28.2617232 ], [ 77.2999364, 28.2617163 ], [ 77.2999923, 28.2617108 ], [ 77.3000643, 28.2617412 ], [ 77.300283, 28.2621977 ], [ 77.3004042, 28.2623851 ], [ 77.3004966, 28.2624151 ], [ 77.3006044, 28.2624539 ], [ 77.3007671, 28.2624376 ], [ 77.300916, 28.2623963 ], [ 77.3009606, 28.2623834 ], [ 77.301244, 28.2622229 ], [ 77.3019607, 28.2616851 ], [ 77.3021291, 28.2615587 ], [ 77.302176, 28.2615091 ], [ 77.3029991, 28.2606373 ], [ 77.3033151, 28.260404 ], [ 77.3038398, 28.26011 ], [ 77.3042094, 28.259795 ], [ 77.3048931, 28.2592034 ], [ 77.3048964, 28.2592005 ], [ 77.3053624, 28.2587314 ], [ 77.3059627, 28.2582919 ], [ 77.3065228, 28.2577965 ], [ 77.3070188, 28.2573919 ], [ 77.3072957, 28.2570478 ], [ 77.3076328, 28.2566006 ], [ 77.307638, 28.2565934 ], [ 77.3079058, 28.2561586 ], [ 77.3080588, 28.255794 ], [ 77.3083188, 28.2552752 ], [ 77.3083238, 28.2552733 ], [ 77.3084547, 28.2552225 ], [ 77.3084649, 28.2552217 ], [ 77.3084916, 28.2552198 ], [ 77.3085585, 28.2552151 ], [ 77.3085629, 28.2552186 ], [ 77.3085655, 28.2552186 ], [ 77.3089903, 28.2555453 ], [ 77.3097089, 28.256264 ], [ 77.3103712, 28.2569701 ], [ 77.3111646, 28.2576108 ], [ 77.3117642, 28.2580067 ], [ 77.3124497, 28.2586041 ], [ 77.312851, 28.2587868 ], [ 77.3130066, 28.2589105 ], [ 77.3130092, 28.2590323 ], [ 77.3130078, 28.2592037 ], [ 77.3130056, 28.2593391 ], [ 77.3130169, 28.2593886 ], [ 77.3131027, 28.2594164 ], [ 77.3132281, 28.2593558 ], [ 77.3132378, 28.2593511 ], [ 77.3133586, 28.2592926 ], [ 77.3134578, 28.2592446 ], [ 77.3134605, 28.2592443 ], [ 77.3134672, 28.2592411 ], [ 77.3136501, 28.2592154 ], [ 77.3137579, 28.2592542 ], [ 77.3141123, 28.2596226 ], [ 77.314369, 28.259837 ], [ 77.3144136, 28.2598328 ], [ 77.3145343, 28.259814 ], [ 77.3146592, 28.2597497 ], [ 77.3149219, 28.2596089 ], [ 77.314937, 28.2596069 ], [ 77.3149425, 28.2596041 ], [ 77.315166, 28.2595732 ], [ 77.3154434, 28.2596768 ], [ 77.3157392, 28.2599244 ], [ 77.3160884, 28.2602884 ], [ 77.3162185, 28.2604125 ], [ 77.3163663, 28.2604145 ], [ 77.3164151, 28.2603889 ], [ 77.3165761, 28.2602977 ], [ 77.3168379, 28.2601736 ], [ 77.3168452, 28.2601743 ], [ 77.3170655, 28.2601958 ], [ 77.3172174, 28.2603636 ], [ 77.3174217, 28.2605047 ], [ 77.3177201, 28.2606107 ], [ 77.3178994, 28.2605778 ], [ 77.317949, 28.2605687 ], [ 77.3183976, 28.2604385 ], [ 77.3188387, 28.2601706 ], [ 77.3191334, 28.2599645 ], [ 77.3191361, 28.2599656 ], [ 77.3192259, 28.2600028 ], [ 77.3193975, 28.2602168 ], [ 77.3195291, 28.2603658 ], [ 77.31957, 28.2603511 ], [ 77.3196753, 28.2603132 ], [ 77.3199812, 28.2600705 ], [ 77.3200561, 28.2600256 ], [ 77.3201597, 28.2599634 ], [ 77.3202536, 28.2599375 ], [ 77.3204284, 28.2600046 ], [ 77.3205187, 28.2601438 ], [ 77.3207756, 28.2602491 ], [ 77.3207836, 28.2602485 ], [ 77.3208526, 28.2602435 ], [ 77.3212843, 28.2602118 ], [ 77.3220156, 28.2602863 ], [ 77.3220394, 28.2602888 ], [ 77.3223738, 28.2601659 ], [ 77.3235918, 28.2594429 ], [ 77.3242376, 28.2590792 ], [ 77.3245886, 28.2588814 ], [ 77.3252808, 28.2584133 ], [ 77.3257141, 28.2581202 ], [ 77.3264374, 28.257602 ], [ 77.3268502, 28.2573045 ], [ 77.327369, 28.2568446 ], [ 77.3280176, 28.2560845 ], [ 77.3284724, 28.2551743 ], [ 77.3288917, 28.2544746 ], [ 77.3292028, 28.2540989 ], [ 77.3292264, 28.2540694 ], [ 77.329616, 28.2536883 ], [ 77.3297722, 28.2535348 ], [ 77.3303815, 28.252673 ], [ 77.3307671, 28.252092 ], [ 77.3310807, 28.2514823 ], [ 77.3311276, 28.2513564 ], [ 77.3313997, 28.2506249 ], [ 77.3317004, 28.2501343 ], [ 77.3317325, 28.2500889 ], [ 77.3317948, 28.2500808 ], [ 77.331799, 28.2500787 ], [ 77.3359123, 28.2480295 ], [ 77.3359273, 28.248022 ], [ 77.3410251, 28.2454716 ], [ 77.3410269, 28.2454698 ], [ 77.341438, 28.2450654 ], [ 77.341604, 28.2435996 ], [ 77.3416186, 28.2424249 ], [ 77.3421938, 28.2412138 ], [ 77.3422053, 28.2412073 ], [ 77.3422081, 28.2412013 ], [ 77.3443234, 28.2400098 ], [ 77.3442853, 28.2388806 ], [ 77.3446618, 28.2377487 ], [ 77.3447712, 28.2355292 ], [ 77.3449055, 28.2350633 ], [ 77.3449123, 28.2350616 ], [ 77.344915, 28.2350525 ], [ 77.3450557, 28.2350132 ], [ 77.3456742, 28.2348406 ], [ 77.3469834, 28.2349085 ], [ 77.3490108, 28.2353329 ], [ 77.3505647, 28.2349452 ], [ 77.3515989, 28.2348822 ], [ 77.3528724, 28.2352028 ], [ 77.3546197, 28.2359069 ], [ 77.3547351, 28.2359241 ], [ 77.3553176, 28.2360107 ], [ 77.3580993, 28.2350276 ], [ 77.3595716, 28.234563 ], [ 77.3609624, 28.2341571 ], [ 77.363469, 28.2331512 ], [ 77.3648598, 28.2324475 ], [ 77.3663522, 28.2353441 ], [ 77.367264, 28.2364225 ], [ 77.3679212, 28.2369233 ], [ 77.3701475, 28.2365173 ], [ 77.372873, 28.2357774 ], [ 77.3733792, 28.2355067 ], [ 77.3734, 28.2354078 ], [ 77.3735154, 28.2348498 ], [ 77.3735432, 28.2335285 ], [ 77.3735503, 28.2335287 ], [ 77.3740921, 28.2335467 ], [ 77.3740854, 28.23353 ], [ 77.3738165, 28.2328538 ], [ 77.3737354, 28.2322742 ], [ 77.3739411, 28.2308732 ], [ 77.3741958, 28.2296015 ], [ 77.3746136, 28.2284611 ], [ 77.3750885, 28.2270737 ], [ 77.3751946, 28.2264605 ], [ 77.375201, 28.2264521 ], [ 77.3752011, 28.2264518 ], [ 77.375245, 28.2263945 ], [ 77.3757275, 28.2257625 ], [ 77.3761274, 28.2252649 ], [ 77.3761425, 28.2252461 ], [ 77.3765573, 28.2247389 ], [ 77.3776758, 28.2232979 ], [ 77.3781546, 28.2228418 ], [ 77.378765, 28.2222603 ], [ 77.3792361, 28.2218898 ], [ 77.3793024, 28.2218377 ], [ 77.3797995, 28.2213594 ], [ 77.3798015, 28.2213581 ], [ 77.3803359, 28.2209827 ], [ 77.3817634, 28.2206115 ], [ 77.384098, 28.2194842 ], [ 77.3866401, 28.2183419 ], [ 77.3899553, 28.2169001 ], [ 77.3899554, 28.2169001 ], [ 77.3917227, 28.2161306 ], [ 77.3936313, 28.2155468 ], [ 77.3954249, 28.2150071 ], [ 77.3956373, 28.2152584 ], [ 77.3960558, 28.2150633 ], [ 77.3962569, 28.2153604 ], [ 77.3969974, 28.2151338 ], [ 77.3992786, 28.2140696 ], [ 77.4011623, 28.2131825 ], [ 77.402197, 28.2127588 ], [ 77.4031323, 28.2121316 ], [ 77.4039533, 28.2117399 ], [ 77.4039696, 28.2117322 ], [ 77.404859, 28.2113153 ], [ 77.4055049, 28.2111514 ], [ 77.4058378, 28.2115882 ], [ 77.4067312, 28.2134753 ], [ 77.4076093, 28.2146003 ], [ 77.4082682, 28.2143081 ], [ 77.4082741, 28.214299 ], [ 77.4087074, 28.2136177 ], [ 77.4087571, 28.2135486 ], [ 77.4092702, 28.2128309 ], [ 77.4099427, 28.2122215 ], [ 77.4104097, 28.2109835 ], [ 77.4104172, 28.2109765 ], [ 77.4104207, 28.2109673 ], [ 77.4109739, 28.21045 ], [ 77.4114616, 28.209229 ], [ 77.4114712, 28.2092197 ], [ 77.4114743, 28.209212 ], [ 77.412364, 28.2083559 ], [ 77.4124152, 28.2083067 ], [ 77.4140684, 28.2069399 ], [ 77.4140637, 28.2069341 ], [ 77.4131895, 28.2058517 ], [ 77.4134887, 28.2055114 ], [ 77.4136668, 28.2053083 ], [ 77.413408, 28.2048088 ], [ 77.4118004, 28.2030046 ], [ 77.4118041, 28.2029979 ], [ 77.4118083, 28.2029903 ], [ 77.4158042, 28.2004279 ], [ 77.4158092, 28.2004326 ], [ 77.41776, 28.2023002 ], [ 77.4190723, 28.2044786 ], [ 77.4198223, 28.2052893 ], [ 77.4212168, 28.2060004 ], [ 77.4237206, 28.2071883 ], [ 77.4237311, 28.2071772 ], [ 77.4240473, 28.2068429 ], [ 77.4249238, 28.2059096 ], [ 77.4271504, 28.2079887 ], [ 77.4308088, 28.2108566 ], [ 77.4323987, 28.2123043 ], [ 77.4330355, 28.2126469 ], [ 77.4342281, 28.2138826 ], [ 77.4349461, 28.2136341 ], [ 77.4371507, 28.2123112 ], [ 77.4388004, 28.2114487 ], [ 77.4404095, 28.2107757 ], [ 77.442411, 28.2097484 ], [ 77.4427221, 28.2094425 ], [ 77.4430991, 28.209069 ], [ 77.442106, 28.2075218 ], [ 77.442125, 28.207518 ], [ 77.4421188, 28.2075084 ], [ 77.4453845, 28.2068786 ], [ 77.4473236, 28.2070229 ], [ 77.4490351, 28.2073739 ], [ 77.4495843, 28.2072441 ], [ 77.4496776, 28.206652 ], [ 77.4496904, 28.2066495 ], [ 77.4496915, 28.2066426 ], [ 77.4503841, 28.2065024 ], [ 77.4514588, 28.2065514 ], [ 77.4526503, 28.206271 ], [ 77.4547176, 28.2056698 ], [ 77.4554305, 28.2054844 ], [ 77.4561077, 28.2052178 ], [ 77.4566274, 28.2054656 ], [ 77.4566488, 28.2068056 ], [ 77.4584941, 28.208952 ], [ 77.459906, 28.2103859 ], [ 77.4620143, 28.2099469 ], [ 77.4645551, 28.2091512 ], [ 77.4660061, 28.208505 ], [ 77.4663831, 28.2085229 ], [ 77.4666027, 28.2092626 ], [ 77.4673574, 28.2103224 ], [ 77.4677756, 28.2109537 ], [ 77.4679179, 28.211099 ], [ 77.4681732, 28.2113595 ], [ 77.4690903, 28.2117108 ], [ 77.4698856, 28.2124682 ], [ 77.4701868, 28.2133568 ], [ 77.4702232, 28.2141689 ], [ 77.4702236, 28.2146426 ], [ 77.4703979, 28.2149209 ], [ 77.4705653, 28.2151882 ], [ 77.4710037, 28.2155218 ], [ 77.4725111, 28.2152591 ], [ 77.4746603, 28.2149913 ], [ 77.4753937, 28.214905 ], [ 77.476249, 28.2145164 ], [ 77.4773031, 28.2142585 ], [ 77.4785153, 28.2142756 ], [ 77.4785099, 28.2142896 ], [ 77.4785784, 28.2142907 ], [ 77.4781152, 28.2154831 ], [ 77.4776211, 28.2162737 ], [ 77.4775231, 28.2169972 ], [ 77.4778435, 28.2175805 ], [ 77.4785591, 28.2183824 ], [ 77.4785746, 28.2183998 ], [ 77.4801527, 28.2184434 ], [ 77.4817646, 28.218359 ], [ 77.4828331, 28.2182146 ], [ 77.4828583, 28.2182112 ], [ 77.4834234, 28.2185139 ], [ 77.4838776, 28.2191636 ], [ 77.4841966, 28.2203251 ], [ 77.4843377, 28.2210432 ], [ 77.4848269, 28.2213457 ], [ 77.4848404, 28.221354 ], [ 77.4856168, 28.2214857 ], [ 77.4862123, 28.2213208 ], [ 77.4866881, 28.2198966 ], [ 77.4871815, 28.2186288 ], [ 77.4874707, 28.218202 ], [ 77.4883863, 28.2177576 ], [ 77.4884045, 28.2177488 ], [ 77.4893197, 28.2182038 ], [ 77.490238, 28.2190169 ], [ 77.4899611, 28.2198569 ], [ 77.4895235, 28.2214469 ], [ 77.4891241, 28.2221839 ], [ 77.4902756, 28.223276 ], [ 77.4910374, 28.2241233 ], [ 77.4916701, 28.224684 ], [ 77.4924403, 28.2261371 ], [ 77.4930534, 28.2271472 ], [ 77.4937285, 28.2281767 ], [ 77.4948947, 28.229067 ], [ 77.4956454, 28.2294444 ], [ 77.4962011, 28.2294534 ], [ 77.4971593, 28.2294691 ], [ 77.4972579, 28.2294899 ], [ 77.4972651, 28.22949 ], [ 77.497834, 28.2296091 ], [ 77.4981986, 28.2300738 ], [ 77.4982373, 28.230726 ], [ 77.4981874, 28.2308374 ], [ 77.4981719, 28.2308718 ], [ 77.4978024, 28.2316736 ], [ 77.4971031, 28.2323417 ], [ 77.4961716, 28.2331897 ], [ 77.4959071, 28.2334241 ], [ 77.4958679, 28.2334576 ], [ 77.4945009, 28.2346225 ], [ 77.4936033, 28.2358473 ], [ 77.4933875, 28.2372573 ], [ 77.4934465, 28.2394609 ], [ 77.4933446, 28.240891 ], [ 77.4932889, 28.2436251 ], [ 77.4935517, 28.244492 ], [ 77.4941695, 28.2457866 ], [ 77.4949466, 28.2469186 ], [ 77.4960258, 28.2474955 ], [ 77.4972032, 28.2478445 ], [ 77.4979886, 28.2480429 ], [ 77.4981269, 28.2480276 ], [ 77.496973, 28.2487883 ], [ 77.4953966, 28.2500731 ], [ 77.4938567, 28.2501095 ], [ 77.4927326, 28.2519091 ], [ 77.4920981, 28.2560505 ], [ 77.4914785, 28.2577089 ], [ 77.4916723, 28.2601899 ], [ 77.4922803, 28.2625292 ], [ 77.4912469, 28.266765 ], [ 77.4908042, 28.2713132 ], [ 77.4929255, 28.2728778 ], [ 77.4938749, 28.2737643 ], [ 77.494121, 28.2749033 ], [ 77.4946221, 28.2726708 ], [ 77.4964354, 28.2750946 ], [ 77.4982578, 28.2772086 ], [ 77.4988319, 28.2784479 ], [ 77.5007636, 28.2794046 ], [ 77.5035459, 28.2800079 ], [ 77.5002898, 28.2815277 ], [ 77.5017477, 28.2837693 ], [ 77.4985949, 28.2856463 ], [ 77.5016726, 28.2869445 ], [ 77.5029186, 28.2890406 ], [ 77.5031418, 28.2898014 ], [ 77.5044309, 28.2951737 ], [ 77.5052994, 28.2996952 ], [ 77.506194, 28.3040787 ], [ 77.5070685, 28.3056742 ], [ 77.5054335, 28.3066131 ], [ 77.5041168, 28.3072327 ], [ 77.5023673, 28.30803 ], [ 77.500894, 28.3101701 ], [ 77.4958112, 28.3143218 ], [ 77.4905691, 28.3183335 ], [ 77.4858998, 28.3215354 ], [ 77.4848833, 28.3256868 ], [ 77.4825031, 28.3253109 ], [ 77.4820111, 28.3250375 ], [ 77.4802251, 28.3255569 ], [ 77.4758787, 28.3266777 ], [ 77.4718398, 28.3280896 ], [ 77.4715505, 28.3285001 ], [ 77.4721064, 28.3295753 ], [ 77.4721519, 28.3301858 ], [ 77.4729447, 28.331662 ], [ 77.4730609, 28.3330158 ], [ 77.4724708, 28.3337395 ], [ 77.4713136, 28.3346051 ], [ 77.4714412, 28.3352794 ], [ 77.4724693, 28.3366862 ], [ 77.4747397, 28.337439 ], [ 77.4763434, 28.3384868 ], [ 77.4781403, 28.3393483 ], [ 77.4829223, 28.3410382 ], [ 77.4869316, 28.3432069 ], [ 77.4902119, 28.3434893 ], [ 77.4912313, 28.3444837 ], [ 77.4962623, 28.349157 ], [ 77.4963534, 28.3507152 ], [ 77.4987918, 28.3532334 ], [ 77.5013468, 28.3580048 ], [ 77.5034334, 28.3608659 ], [ 77.5052052, 28.36263 ], [ 77.5000789, 28.365651 ], [ 77.5009823, 28.3671714 ], [ 77.5030963, 28.368356 ], [ 77.5048913, 28.3699962 ], [ 77.5028011, 28.3699637 ], [ 77.5020119, 28.3719188 ], [ 77.4987407, 28.3744884 ], [ 77.4956791, 28.378443 ], [ 77.4924758, 28.3836064 ], [ 77.4912871, 28.385195 ], [ 77.4894283, 28.3852861 ], [ 77.4877357, 28.3856296 ], [ 77.4828349, 28.387807 ], [ 77.4815335, 28.3891573 ], [ 77.4786852, 28.3921292 ], [ 77.474275, 28.3963663 ], [ 77.4733064, 28.3968298 ], [ 77.4757411, 28.3995679 ], [ 77.4799558, 28.3986657 ], [ 77.4815061, 28.3995848 ], [ 77.481437, 28.4006672 ], [ 77.4806625, 28.4015966 ], [ 77.4811819, 28.4049042 ], [ 77.4819018, 28.4048678 ], [ 77.4819655, 28.4062346 ], [ 77.4832594, 28.4062346 ], [ 77.483881, 28.4089254 ], [ 77.4813368, 28.4121756 ], [ 77.4806078, 28.4140163 ], [ 77.4795873, 28.4151097 ], [ 77.4786032, 28.4171143 ], [ 77.4778196, 28.4179709 ], [ 77.4752626, 28.4192705 ], [ 77.4726986, 28.4169139 ], [ 77.4701473, 28.417333 ], [ 77.4665389, 28.4162031 ], [ 77.4662655, 28.4153284 ], [ 77.4653391, 28.4156472 ], [ 77.4635137, 28.4151188 ], [ 77.4628212, 28.4161393 ], [ 77.4621834, 28.4160482 ], [ 77.4611381, 28.417567 ], [ 77.4619282, 28.4235292 ], [ 77.4623768, 28.4243918 ], [ 77.4516681, 28.4246955 ], [ 77.4522464, 28.4267893 ], [ 77.4445243, 28.4279029 ], [ 77.441736, 28.4285043 ], [ 77.4405879, 28.4296889 ], [ 77.4421005, 28.4307459 ], [ 77.4360796, 28.431679 ], [ 77.4378907, 28.4349192 ], [ 77.4363144, 28.4366049 ], [ 77.4361413, 28.4380173 ], [ 77.4382097, 28.4379261 ], [ 77.4382917, 28.4387462 ], [ 77.4372977, 28.4422149 ], [ 77.4354579, 28.4482409 ], [ 77.4335303, 28.4548548 ], [ 77.4325876, 28.4550567 ], [ 77.4311661, 28.454428 ], [ 77.4280498, 28.4539086 ], [ 77.4231294, 28.4526896 ], [ 77.4202499, 28.452232 ], [ 77.4154388, 28.4532525 ], [ 77.4137813, 28.452411 ], [ 77.4001863, 28.4559149 ], [ 77.4014245, 28.4583917 ], [ 77.4034838, 28.4620001 ], [ 77.4070533, 28.4647772 ], [ 77.3948578, 28.4705426 ], [ 77.3915128, 28.4721626 ], [ 77.3893602, 28.4705654 ], [ 77.387302, 28.4679448 ], [ 77.3846636, 28.4685955 ], [ 77.3798847, 28.4705022 ], [ 77.3745123, 28.4762315 ], [ 77.3730306, 28.480693 ], [ 77.3709071, 28.4843318 ], [ 77.3702254, 28.4852171 ], [ 77.3709904, 28.4884978 ], [ 77.3703708, 28.4901744 ], [ 77.3700975, 28.4925435 ], [ 77.3706738, 28.4957096 ], [ 77.3717558, 28.4981747 ], [ 77.3701488, 28.4991957 ], [ 77.3688765, 28.4998969 ], [ 77.3671361, 28.5005256 ], [ 77.3656964, 28.4991588 ], [ 77.3645756, 28.4984754 ], [ 77.3622292, 28.4987116 ], [ 77.3607147, 28.4998085 ], [ 77.3579512, 28.5012728 ], [ 77.356721, 28.4998422 ], [ 77.3546435, 28.499013 ], [ 77.3528229, 28.4994406 ], [ 77.3521488, 28.4997803 ], [ 77.3518325, 28.4999789 ], [ 77.3508666, 28.5007625 ], [ 77.3495226, 28.5020564 ], [ 77.3477634, 28.5040744 ], [ 77.3473175, 28.5065031 ], [ 77.3473539, 28.5088175 ], [ 77.3458957, 28.5118787 ], [ 77.3453379, 28.5134531 ], [ 77.3437929, 28.5113601 ], [ 77.3422587, 28.5104268 ], [ 77.3405635, 28.5086072 ], [ 77.3392331, 28.5069573 ], [ 77.3377311, 28.5056091 ], [ 77.3361862, 28.505166 ], [ 77.3356926, 28.5043551 ], [ 77.3362076, 28.5032709 ], [ 77.3324096, 28.4983138 ], [ 77.3314494, 28.4970668 ], [ 77.3304713, 28.4958952 ], [ 77.3276031, 28.489844 ], [ 77.3261332, 28.4897686 ], [ 77.3205435, 28.4874677 ], [ 77.318784, 28.4874866 ], [ 77.3168099, 28.4864399 ], [ 77.3164773, 28.484733 ], [ 77.3156297, 28.4844784 ], [ 77.3141384, 28.4834223 ], [ 77.3080122, 28.4881089 ], [ 77.3065209, 28.4893914 ], [ 77.3029697, 28.4895045 ], [ 77.3015857, 28.4895611 ], [ 77.3005932, 28.4895941 ], [ 77.3006415, 28.4940872 ], [ 77.2985494, 28.4940589 ], [ 77.2968557, 28.4950202 ], [ 77.2954059, 28.4958128 ], [ 77.2902453, 28.4964917 ], [ 77.2892368, 28.4958222 ], [ 77.2876704, 28.4960108 ], [ 77.2847736, 28.4947944 ], [ 77.2826385, 28.4943984 ], [ 77.2798598, 28.4940967 ], [ 77.2792357, 28.4939352 ], [ 77.2764051, 28.4932197 ], [ 77.2758794, 28.4927011 ], [ 77.2746348, 28.4914565 ], [ 77.2719526, 28.4905512 ], [ 77.2713733, 28.4897026 ], [ 77.2716992, 28.4880752 ], [ 77.2719097, 28.4870245 ], [ 77.2657084, 28.4860815 ], [ 77.2639918, 28.4856289 ], [ 77.2568249, 28.4833091 ], [ 77.2555983, 28.4828665 ], [ 77.2498727, 28.4808006 ], [ 77.2484565, 28.4807063 ], [ 77.2455972, 28.4796322 ], [ 77.2434354, 28.4788202 ], [ 77.2356891, 28.4711057 ], [ 77.2330713, 28.4585048 ], [ 77.2336936, 28.4566938 ], [ 77.2345948, 28.4550902 ], [ 77.2405171, 28.4565051 ], [ 77.2417831, 28.4566372 ], [ 77.2429848, 28.4566749 ], [ 77.2444224, 28.4560146 ], [ 77.2459245, 28.4543734 ], [ 77.2492075, 28.4469212 ], [ 77.2497868, 28.4368836 ], [ 77.2491645, 28.4330721 ], [ 77.2526836, 28.4329211 ], [ 77.2500228, 28.4250334 ], [ 77.2456884, 28.4234105 ], [ 77.2410535, 28.4214857 ], [ 77.2385644, 28.4208818 ], [ 77.2355175, 28.4184285 ], [ 77.2340154, 28.4181265 ], [ 77.2317838, 28.4159751 ], [ 77.227664, 28.4135971 ], [ 77.2232437, 28.4125025 ], [ 77.2194242, 28.4123515 ], [ 77.2177505, 28.4118986 ], [ 77.2179007, 28.4101811 ], [ 77.2156691, 28.4105963 ], [ 77.2106266, 28.4091808 ], [ 77.2066569, 28.4095771 ], [ 77.204318, 28.4089166 ], [ 77.2019148, 28.4084258 ], [ 77.199769, 28.4081805 ], [ 77.1959066, 28.4083504 ], [ 77.1934819, 28.4082371 ], [ 77.1916365, 28.4076898 ], [ 77.1904135, 28.4076143 ], [ 77.1857679, 28.4087278 ], [ 77.1827102, 28.409143 ], [ 77.1811545, 28.4085674 ], [ 77.178204, 28.4075388 ], [ 77.176466, 28.4063591 ], [ 77.174399, 28.404861 ], [ 77.1740891, 28.4046285 ], [ 77.1727847, 28.4020275 ], [ 77.1709131, 28.3978347 ], [ 77.1697402, 28.3953541 ], [ 77.1690414, 28.3952224 ], [ 77.1649987, 28.3955297 ], [ 77.1622037, 28.394915 ], [ 77.1571129, 28.3931588 ], [ 77.1550665, 28.3919733 ], [ 77.1535193, 28.3901731 ], [ 77.1527707, 28.3872313 ], [ 77.1513732, 28.3838063 ], [ 77.1507743, 28.3803812 ], [ 77.1531699, 28.3799421 ], [ 77.1506245, 28.369798 ], [ 77.1492769, 28.3640888 ] ] ] } },
{ "type": "Feature", "properties": { "zone_name": "Ghaziabad" }, "geometry": { "type": "Polygon", "coordinates": [ [ [ 77.1992428, 28.8045263 ], [ 77.1992836, 28.801029 ], [ 77.2000239, 28.7969636 ], [ 77.2018972, 28.7938703 ], [ 77.2033005, 28.791877 ], [ 77.2066403, 28.7875253 ], [ 77.2072766, 28.7866961 ], [ 77.2137954, 28.7843867 ], [ 77.2244287, 28.7863875 ], [ 77.2280336, 28.7845746 ], [ 77.2210395, 28.7791603 ], [ 77.2328799, 28.774953 ], [ 77.2334828, 28.7711838 ], [ 77.23559, 28.7712591 ], [ 77.2386778, 28.7619672 ], [ 77.2381149, 28.7591641 ], [ 77.2403226, 28.7582246 ], [ 77.2425564, 28.7578718 ], [ 77.2441496, 28.7573122 ], [ 77.2454961, 28.7565635 ], [ 77.246805, 28.7559465 ], [ 77.2484487, 28.7555044 ], [ 77.2505923, 28.7552213 ], [ 77.2521898, 28.7554367 ], [ 77.2537036, 28.7556154 ], [ 77.2548484, 28.7558487 ], [ 77.2553151, 28.7541227 ], [ 77.2586711, 28.7526338 ], [ 77.2589039, 28.7512558 ], [ 77.2596249, 28.7505418 ], [ 77.2596506, 28.7497903 ], [ 77.2594779, 28.748734 ], [ 77.2589801, 28.7476974 ], [ 77.257846, 28.7470032 ], [ 77.2577545, 28.7467624 ], [ 77.2570929, 28.7450221 ], [ 77.2558891, 28.7430401 ], [ 77.2557368, 28.7411888 ], [ 77.2553291, 28.7410543 ], [ 77.2558344, 28.7385417 ], [ 77.260922, 28.7355868 ], [ 77.2735863, 28.7359584 ], [ 77.2756656, 28.7355624 ], [ 77.2800429, 28.732486 ], [ 77.2843538, 28.7279871 ], [ 77.286462, 28.7249887 ], [ 77.2866348, 28.7249004 ], [ 77.2884005, 28.7239979 ], [ 77.2908705, 28.7227353 ], [ 77.2897332, 28.7209279 ], [ 77.2893996, 28.717168 ], [ 77.2863386, 28.7144478 ], [ 77.2868489, 28.7133476 ], [ 77.2873192, 28.7123335 ], [ 77.2892268, 28.7083785 ], [ 77.2912591, 28.7063661 ], [ 77.292275, 28.7058931 ], [ 77.2968754, 28.7036517 ], [ 77.2990287, 28.7098032 ], [ 77.3044242, 28.7118347 ], [ 77.3135116, 28.713441 ], [ 77.3158161, 28.7128444 ], [ 77.3172355, 28.7141043 ], [ 77.3187224, 28.7135908 ], [ 77.3201378, 28.7131049 ], [ 77.3206527, 28.7129281 ], [ 77.3213854, 28.7126223 ], [ 77.3225002, 28.7114612 ], [ 77.3235062, 28.7121875 ], [ 77.3245283, 28.7130415 ], [ 77.3262756, 28.7131088 ], [ 77.3271329, 28.7133516 ], [ 77.3281119, 28.7130927 ], [ 77.328267, 28.7130986 ], [ 77.3292002, 28.7131344 ], [ 77.3311068, 28.7131973 ], [ 77.328209, 28.7114762 ], [ 77.325427, 28.7087935 ], [ 77.3256666, 28.7056107 ], [ 77.3258776, 28.702434 ], [ 77.3256806, 28.7020986 ], [ 77.3236879, 28.6987055 ], [ 77.3238441, 28.6984887 ], [ 77.3254114, 28.6963128 ], [ 77.3273146, 28.6936705 ], [ 77.3307278, 28.6883914 ], [ 77.3321929, 28.6828859 ], [ 77.3329522, 28.6816422 ], [ 77.3317589, 28.6803914 ], [ 77.3300715, 28.6786225 ], [ 77.3300672, 28.678618 ], [ 77.3260836, 28.6782546 ], [ 77.3252446, 28.6778565 ], [ 77.3250493, 28.6738757 ], [ 77.3244481, 28.6712418 ], [ 77.322538, 28.6696714 ], [ 77.3219005, 28.6677958 ], [ 77.3201289, 28.6625839 ], [ 77.3200813, 28.6545721 ], [ 77.3206129, 28.6539073 ], [ 77.3214339, 28.6526423 ], [ 77.3218671, 28.6515398 ], [ 77.3219591, 28.6500999 ], [ 77.3211594, 28.6468702 ], [ 77.3189181, 28.642794 ], [ 77.3177479, 28.6399759 ], [ 77.3168228, 28.6377479 ], [ 77.3219715, 28.6367101 ], [ 77.3225043, 28.6363762 ], [ 77.3243082, 28.6349278 ], [ 77.3260092, 28.6331684 ], [ 77.3270954, 28.6329216 ], [ 77.3288035, 28.632283 ], [ 77.3296659, 28.631841 ], [ 77.3304796, 28.6315684 ], [ 77.3341678, 28.63248 ], [ 77.3511276, 28.6324059 ], [ 77.3551594, 28.6323502 ], [ 77.3626967, 28.6322461 ], [ 77.3817511, 28.6323333 ], [ 77.3910737, 28.6343133 ], [ 77.3920211, 28.6347462 ], [ 77.3943573, 28.6354703 ], [ 77.3985965, 28.6367843 ], [ 77.3987044, 28.636598 ], [ 77.398796, 28.6364436 ], [ 77.3998803, 28.6345624 ], [ 77.3998805, 28.634562 ], [ 77.400517, 28.6334491 ], [ 77.4010807, 28.6325959 ], [ 77.4030765, 28.6316239 ], [ 77.4052551, 28.630609 ], [ 77.4052555, 28.630609 ], [ 77.406278, 28.6304192 ], [ 77.4068415, 28.6303229 ], [ 77.4072736, 28.6300409 ], [ 77.4082168, 28.6296847 ], [ 77.410194, 28.6293499 ], [ 77.411783, 28.6296829 ], [ 77.4131832, 28.6298478 ], [ 77.4138023, 28.6298257 ], [ 77.4147454, 28.6294695 ], [ 77.4158672, 28.628702 ], [ 77.4192858, 28.6263644 ], [ 77.4216946, 28.6250181 ], [ 77.4223737, 28.6251071 ], [ 77.4255252, 28.6252955 ], [ 77.4274065, 28.6253212 ], [ 77.4281061, 28.6251766 ], [ 77.4282444, 28.6250228 ], [ 77.4283344, 28.6249463 ], [ 77.4289879, 28.6250165 ], [ 77.4295991, 28.6246227 ], [ 77.4300699, 28.6242266 ], [ 77.4304045, 28.6241357 ], [ 77.4306549, 28.6240893 ], [ 77.4308457, 28.6241657 ], [ 77.4311176, 28.6243398 ], [ 77.4313194, 28.6243843 ], [ 77.4314503, 28.6243406 ], [ 77.4316807, 28.6242571 ], [ 77.4318046, 28.6243004 ], [ 77.4319255, 28.6242335 ], [ 77.4320678, 28.6241395 ], [ 77.4321693, 28.6237559 ], [ 77.4325151, 28.6233716 ], [ 77.4330045, 28.6230859 ], [ 77.4333101, 28.6226321 ], [ 77.4337354, 28.6221757 ], [ 77.4339777, 28.6222759 ], [ 77.4346906, 28.6224892 ], [ 77.4354458, 28.6224188 ], [ 77.4360124, 28.6224187 ], [ 77.4364573, 28.6227744 ], [ 77.4367209, 28.6230997 ], [ 77.4369138, 28.6233275 ], [ 77.437172, 28.6234097 ], [ 77.4373997, 28.6234592 ], [ 77.4377175, 28.623423 ], [ 77.438074, 28.6232774 ], [ 77.4383401, 28.6229789 ], [ 77.4390279, 28.6226459 ], [ 77.4398405, 28.6223104 ], [ 77.4399245, 28.6222705 ], [ 77.4401278, 28.6224985 ], [ 77.4415064, 28.623204 ], [ 77.4424318, 28.6239572 ], [ 77.4433402, 28.6245222 ], [ 77.4435431, 28.6250208 ], [ 77.444837, 28.626312 ], [ 77.4459233, 28.6275815 ], [ 77.4470307, 28.6283331 ], [ 77.4497406, 28.6297845 ], [ 77.4505582, 28.6304718 ], [ 77.4525259, 28.632879 ], [ 77.4528236, 28.6333195 ], [ 77.4533333, 28.6340706 ], [ 77.4533484, 28.6340938 ], [ 77.4556502, 28.6369512 ], [ 77.4565928, 28.6378881 ], [ 77.4582534, 28.6380338 ], [ 77.4595249, 28.6371276 ], [ 77.4644845, 28.6335601 ], [ 77.4735649, 28.6272461 ], [ 77.4738731, 28.627173 ], [ 77.4775503, 28.627332 ], [ 77.4777754, 28.6275144 ], [ 77.4776901, 28.6278754 ], [ 77.4770938, 28.6283109 ], [ 77.4769319, 28.6286019 ], [ 77.4772643, 28.6288732 ], [ 77.4779576, 28.6290355 ], [ 77.4782417, 28.6291271 ], [ 77.4783016, 28.6300178 ], [ 77.4785714, 28.6305587 ], [ 77.4799051, 28.6319512 ], [ 77.4808077, 28.6328185 ], [ 77.4813228, 28.633056 ], [ 77.483106, 28.633517 ], [ 77.4831742, 28.6335346 ], [ 77.4832597, 28.6335568 ], [ 77.4834948, 28.6336177 ], [ 77.4852, 28.633617 ], [ 77.4861215, 28.6348332 ], [ 77.4859142, 28.6353161 ], [ 77.485995, 28.6356935 ], [ 77.4860552, 28.6360567 ], [ 77.4861793, 28.6363476 ], [ 77.4870027, 28.6365074 ], [ 77.4878004, 28.6369098 ], [ 77.4893015, 28.6374883 ], [ 77.490347, 28.6379772 ], [ 77.4908165, 28.6384111 ], [ 77.4913729, 28.6389198 ], [ 77.4957899, 28.6436673 ], [ 77.4965891, 28.6447714 ], [ 77.4971637, 28.6459316 ], [ 77.498125, 28.6472492 ], [ 77.4987599, 28.6477362 ], [ 77.499898, 28.648456 ], [ 77.5005626, 28.6488262 ], [ 77.5007954, 28.64863 ], [ 77.5011485, 28.6483482 ], [ 77.5014247, 28.6481431 ], [ 77.5020771, 28.6477058 ], [ 77.502691, 28.6472391 ], [ 77.5029494, 28.6469933 ], [ 77.5032513, 28.6467995 ], [ 77.5035532, 28.6465199 ], [ 77.5037808, 28.6463216 ], [ 77.5040827, 28.6461028 ], [ 77.5043794, 28.6458842 ], [ 77.5049959, 28.6454807 ], [ 77.5053796, 28.6453116 ], [ 77.5057376, 28.645111 ], [ 77.5060267, 28.6449668 ], [ 77.5064742, 28.644755 ], [ 77.5068758, 28.6445814 ], [ 77.5072134, 28.6443943 ], [ 77.5075919, 28.6441576 ], [ 77.5080242, 28.643939 ], [ 77.5083082, 28.6436977 ], [ 77.5085614, 28.6434497 ], [ 77.5095077, 28.6430035 ], [ 77.5100168, 28.6427307 ], [ 77.5106612, 28.6424648 ], [ 77.5109263, 28.6423549 ], [ 77.5110039, 28.6423228 ], [ 77.5110793, 28.6423769 ], [ 77.5113592, 28.6425778 ], [ 77.5118269, 28.6429412 ], [ 77.5113998, 28.6433831 ], [ 77.5117985, 28.6436629 ], [ 77.5120797, 28.6438887 ], [ 77.5123915, 28.6441166 ], [ 77.5126675, 28.6443467 ], [ 77.512941, 28.6445905 ], [ 77.5132656, 28.6448929 ], [ 77.5136158, 28.6451773 ], [ 77.5139071, 28.6454886 ], [ 77.5141551, 28.6457391 ], [ 77.5144644, 28.6461023 ], [ 77.514973, 28.6466484 ], [ 77.5154432, 28.6472396 ], [ 77.5156297, 28.6474652 ], [ 77.5159186, 28.6477428 ], [ 77.5162279, 28.6480519 ], [ 77.5168081, 28.6486431 ], [ 77.517166, 28.6488914 ], [ 77.5174676, 28.6491464 ], [ 77.5177769, 28.6493585 ], [ 77.5180351, 28.6495864 ], [ 77.5184059, 28.6494286 ], [ 77.5187078, 28.649246 ], [ 77.5190377, 28.6491559 ], [ 77.5192755, 28.6490519 ], [ 77.5193625, 28.6490138 ], [ 77.5194299, 28.649001 ], [ 77.5197051, 28.6489485 ], [ 77.5200427, 28.6488719 ], [ 77.5204033, 28.6487593 ], [ 77.5207614, 28.6486263 ], [ 77.5211118, 28.6484504 ], [ 77.5214826, 28.6482994 ], [ 77.5218688, 28.6481055 ], [ 77.5222677, 28.6479365 ], [ 77.5237434, 28.6472918 ], [ 77.5240452, 28.6471701 ], [ 77.5243419, 28.6470235 ], [ 77.5255823, 28.6464148 ], [ 77.5259685, 28.6462142 ], [ 77.5262779, 28.6461602 ], [ 77.526535, 28.6459586 ], [ 77.5266232, 28.6458895 ], [ 77.526686, 28.6458274 ], [ 77.526856, 28.6456595 ], [ 77.5270299, 28.6454182 ], [ 77.527388, 28.6451747 ], [ 77.5280274, 28.6447868 ], [ 77.5284186, 28.6445569 ], [ 77.5287818, 28.6442705 ], [ 77.529168, 28.6439863 ], [ 77.529608, 28.6436774 ], [ 77.5299251, 28.6434406 ], [ 77.5302934, 28.6431881 ], [ 77.5306028, 28.6429535 ], [ 77.5308433, 28.6427033 ], [ 77.5311527, 28.6424732 ], [ 77.5314622, 28.6422545 ], [ 77.5317588, 28.642038 ], [ 77.5332269, 28.6408766 ], [ 77.5334954, 28.6406714 ], [ 77.5339957, 28.6402733 ], [ 77.5340453, 28.6402339 ], [ 77.5341507, 28.6401759 ], [ 77.5344672, 28.6400017 ], [ 77.5347767, 28.6397762 ], [ 77.5350656, 28.6395529 ], [ 77.5353495, 28.6393883 ], [ 77.535641, 28.6391538 ], [ 77.5352423, 28.6386868 ], [ 77.5355875, 28.6384703 ], [ 77.5359251, 28.6382989 ], [ 77.5362114, 28.6381726 ], [ 77.5365311, 28.6380125 ], [ 77.5368687, 28.6378299 ], [ 77.5371628, 28.6376179 ], [ 77.5375284, 28.6373743 ], [ 77.5378711, 28.637115 ], [ 77.5381754, 28.6368602 ], [ 77.5384823, 28.6366257 ], [ 77.5390579, 28.635437 ], [ 77.5394184, 28.6352814 ], [ 77.539715, 28.6351009 ], [ 77.5403185, 28.6347356 ], [ 77.5406689, 28.6344583 ], [ 77.540945, 28.6342756 ], [ 77.5412825, 28.6341177 ], [ 77.5416226, 28.6342554 ], [ 77.5418015, 28.634023 ], [ 77.5419116, 28.6337998 ], [ 77.5420185, 28.6335781 ], [ 77.5420497, 28.6335133 ], [ 77.542118, 28.6335796 ], [ 77.5424076, 28.6338607 ], [ 77.5428932, 28.6343819 ], [ 77.5434709, 28.6349166 ], [ 77.5440513, 28.6354535 ], [ 77.5442788, 28.6356971 ], [ 77.5451786, 28.6363875 ], [ 77.5457743, 28.6367124 ], [ 77.546076, 28.6368996 ], [ 77.5464825, 28.6368636 ], [ 77.5468328, 28.6368388 ], [ 77.5471346, 28.6368209 ], [ 77.5475257, 28.6374096 ], [ 77.5478324, 28.6380322 ], [ 77.5478375, 28.6383277 ], [ 77.5474949, 28.6385285 ], [ 77.5470473, 28.6386976 ], [ 77.5467277, 28.6389683 ], [ 77.5468453, 28.6392885 ], [ 77.5469679, 28.6397442 ], [ 77.5472006, 28.6400285 ], [ 77.5473411, 28.640439 ], [ 77.5474229, 28.6407842 ], [ 77.5474664, 28.6411789 ], [ 77.5474791, 28.6415308 ], [ 77.5475583, 28.6417834 ], [ 77.5475021, 28.6420789 ], [ 77.5471465, 28.6423699 ], [ 77.5468295, 28.6426992 ], [ 77.5469802, 28.6430736 ], [ 77.5471337, 28.6434166 ], [ 77.5468933, 28.6435022 ], [ 77.5465506, 28.6436713 ], [ 77.5462693, 28.6438947 ], [ 77.5464892, 28.6441924 ], [ 77.5467831, 28.6444767 ], [ 77.5470338, 28.6447338 ], [ 77.5472204, 28.6449775 ], [ 77.547453, 28.6452437 ], [ 77.5476038, 28.6455482 ], [ 77.5472893, 28.6459114 ], [ 77.5470872, 28.646146 ], [ 77.5468878, 28.646473 ], [ 77.5466397, 28.6467888 ], [ 77.5463993, 28.647109 ], [ 77.5461588, 28.647382 ], [ 77.5458877, 28.6476933 ], [ 77.5453225, 28.6482097 ], [ 77.545054, 28.6484691 ], [ 77.544765, 28.6486992 ], [ 77.5441154, 28.6493397 ], [ 77.543875, 28.6494908 ], [ 77.543609, 28.6496535 ], [ 77.5435579, 28.6496847 ], [ 77.5435286, 28.6497185 ], [ 77.5432842, 28.6500005 ], [ 77.542476, 28.6508756 ], [ 77.5420616, 28.6513267 ], [ 77.5419093, 28.6516101 ], [ 77.5418749, 28.651674 ], [ 77.5419078, 28.651686 ], [ 77.5424195, 28.6518727 ], [ 77.5431355, 28.6522021 ], [ 77.5448155, 28.652791 ], [ 77.5450696, 28.6528675 ], [ 77.545153, 28.6528926 ], [ 77.5452226, 28.6528899 ], [ 77.5455596, 28.6528768 ], [ 77.5460686, 28.6526581 ], [ 77.5461376, 28.6529491 ], [ 77.5464828, 28.6528295 ], [ 77.5468689, 28.6528657 ], [ 77.5472678, 28.6527439 ], [ 77.548053, 28.6522816 ], [ 77.5484596, 28.652153 ], [ 77.54948, 28.6515712 ], [ 77.5500861, 28.6512554 ], [ 77.5505413, 28.6511337 ], [ 77.5512853, 28.6517654 ], [ 77.5517661, 28.6515827 ], [ 77.5524003, 28.6512557 ], [ 77.5527123, 28.6515421 ], [ 77.5529731, 28.6512985 ], [ 77.5533311, 28.6510662 ], [ 77.5537173, 28.6508249 ], [ 77.5540191, 28.6506534 ], [ 77.5543771, 28.6504956 ], [ 77.5546686, 28.6502519 ], [ 77.5547786, 28.6499723 ], [ 77.5551085, 28.6497309 ], [ 77.5554383, 28.6495482 ], [ 77.5557146, 28.6494129 ], [ 77.5558245, 28.6495843 ], [ 77.5559754, 28.6499362 ], [ 77.5561135, 28.650058 ], [ 77.5565405, 28.6499498 ], [ 77.5571824, 28.6495799 ], [ 77.5575684, 28.6493476 ], [ 77.5578855, 28.6492032 ], [ 77.5582436, 28.648946 ], [ 77.5584353, 28.6486663 ], [ 77.5587806, 28.6484859 ], [ 77.5591105, 28.6483031 ], [ 77.5593867, 28.6482288 ], [ 77.5597292, 28.6480348 ], [ 77.5600208, 28.6479017 ], [ 77.5602253, 28.647755 ], [ 77.5604788, 28.6476401 ], [ 77.5605749, 28.6475966 ], [ 77.5605783, 28.647595 ], [ 77.5614578, 28.6483709 ], [ 77.5621867, 28.6490498 ], [ 77.5625037, 28.6493409 ], [ 77.5626419, 28.6495349 ], [ 77.5629027, 28.6496815 ], [ 77.5632044, 28.6495167 ], [ 77.5634933, 28.6494333 ], [ 77.5638334, 28.6498597 ], [ 77.5642732, 28.6503694 ], [ 77.5645341, 28.6506356 ], [ 77.5647003, 28.6508792 ], [ 77.5648768, 28.6511454 ], [ 77.5651248, 28.6513867 ], [ 77.5654829, 28.6519033 ], [ 77.5659099, 28.6524852 ], [ 77.5662117, 28.6529386 ], [ 77.5660199, 28.6532364 ], [ 77.5656364, 28.6538568 ], [ 77.5651403, 28.6544929 ], [ 77.5647694, 28.6548448 ], [ 77.5644677, 28.6552711 ], [ 77.5642325, 28.6555733 ], [ 77.5640126, 28.6559005 ], [ 77.5637927, 28.6561553 ], [ 77.5639716, 28.6566538 ], [ 77.5641098, 28.6569381 ], [ 77.5643016, 28.6572899 ], [ 77.5645343, 28.6574952 ], [ 77.5646596, 28.6578223 ], [ 77.5640535, 28.6582351 ], [ 77.5640408, 28.658914 ], [ 77.5638617, 28.6595028 ], [ 77.5635472, 28.6597577 ], [ 77.563202, 28.6599269 ], [ 77.562514, 28.6602291 ], [ 77.5618542, 28.6605337 ], [ 77.5612507, 28.6608856 ], [ 77.5604937, 28.6613096 ], [ 77.559463, 28.6618375 ], [ 77.5589413, 28.6620788 ], [ 77.5585986, 28.6622615 ], [ 77.5582124, 28.6624555 ], [ 77.5578415, 28.6626246 ], [ 77.5575525, 28.6627939 ], [ 77.5571817, 28.6629043 ], [ 77.5568927, 28.6630261 ], [ 77.5565347, 28.6632314 ], [ 77.5562329, 28.6633892 ], [ 77.5559593, 28.6635471 ], [ 77.5555193, 28.6636193 ], [ 77.5552431, 28.6634073 ], [ 77.5548442, 28.6635426 ], [ 77.5545679, 28.6636982 ], [ 77.5542662, 28.6638696 ], [ 77.553949, 28.6640388 ], [ 77.5536754, 28.6641606 ], [ 77.5530154, 28.6645237 ], [ 77.5525065, 28.6647899 ], [ 77.5519004, 28.6651056 ], [ 77.5513914, 28.6654101 ], [ 77.5507597, 28.6657552 ], [ 77.550174, 28.6660934 ], [ 77.5500052, 28.6657551 ], [ 77.5495653, 28.6654031 ], [ 77.5493019, 28.6650648 ], [ 77.5489312, 28.6646633 ], [ 77.5484656, 28.6648708 ], [ 77.5480385, 28.6651865 ], [ 77.5477776, 28.665403 ], [ 77.5474196, 28.665597 ], [ 77.5467315, 28.6660458 ], [ 77.5463606, 28.6663074 ], [ 77.5457851, 28.6667517 ], [ 77.5458362, 28.6671803 ], [ 77.5461251, 28.6675186 ], [ 77.5463041, 28.667848 ], [ 77.5464703, 28.6681391 ], [ 77.5466467, 28.6684413 ], [ 77.5468129, 28.6687752 ], [ 77.5472809, 28.6693933 ], [ 77.5465238, 28.6696368 ], [ 77.5462092, 28.6700135 ], [ 77.5463881, 28.6703406 ], [ 77.5465236, 28.6706677 ], [ 77.5466994, 28.6709557 ], [ 77.54703, 28.6712151 ], [ 77.5477672, 28.671481 ], [ 77.5478667, 28.6717334 ], [ 77.5481442, 28.6723578 ], [ 77.5471899, 28.6727494 ], [ 77.5468275, 28.6739047 ], [ 77.5470628, 28.674658 ], [ 77.5465819, 28.6749603 ], [ 77.5456865, 28.6754812 ], [ 77.5458656, 28.6757249 ], [ 77.5458297, 28.6762212 ], [ 77.5455815, 28.6765391 ], [ 77.5450238, 28.6771008 ], [ 77.5447706, 28.6774413 ], [ 77.5445991, 28.6777617 ], [ 77.5443714, 28.6780661 ], [ 77.5446604, 28.6785963 ], [ 77.5449212, 28.6789301 ], [ 77.5450644, 28.6792459 ], [ 77.545223, 28.6795911 ], [ 77.5453124, 28.6798708 ], [ 77.5455528, 28.6800919 ], [ 77.5457574, 28.6803717 ], [ 77.5459978, 28.6806807 ], [ 77.546274, 28.6808928 ], [ 77.5465349, 28.681177 ], [ 77.5467139, 28.6814658 ], [ 77.5468801, 28.6817387 ], [ 77.5470029, 28.6820838 ], [ 77.5468596, 28.6824312 ], [ 77.5467214, 28.6828215 ], [ 77.5466522, 28.6831508 ], [ 77.5465014, 28.6834958 ], [ 77.5463299, 28.683841 ], [ 77.5462326, 28.6841477 ], [ 77.5460944, 28.6844613 ], [ 77.5459895, 28.6847747 ], [ 77.546363, 28.685068 ], [ 77.5467543, 28.6852328 ], [ 77.5472147, 28.6853569 ], [ 77.5475575, 28.6854291 ], [ 77.5479642, 28.6854157 ], [ 77.5483966, 28.685454 ], [ 77.5487342, 28.6854473 ], [ 77.5491256, 28.6853864 ], [ 77.5495042, 28.6852985 ], [ 77.5499083, 28.6852376 ], [ 77.5502793, 28.6851407 ], [ 77.5506732, 28.6850369 ], [ 77.550975, 28.6849354 ], [ 77.551346, 28.6849716 ], [ 77.5516555, 28.6850956 ], [ 77.5519572, 28.6852468 ], [ 77.5521517, 28.6854182 ], [ 77.5523717, 28.6855874 ], [ 77.5526811, 28.6857319 ], [ 77.5530239, 28.6858537 ], [ 77.5533207, 28.6857318 ], [ 77.5539525, 28.6855357 ], [ 77.5541981, 28.6857048 ], [ 77.5544181, 28.6859124 ], [ 77.5548811, 28.6861064 ], [ 77.555321, 28.6860883 ], [ 77.5556843, 28.6860997 ], [ 77.5561038, 28.6861267 ], [ 77.5565438, 28.6861268 ], [ 77.5569095, 28.6862057 ], [ 77.5573341, 28.6863997 ], [ 77.5575695, 28.6866614 ], [ 77.5584699, 28.6870585 ], [ 77.5587104, 28.6867968 ], [ 77.5589432, 28.6865374 ], [ 77.5591785, 28.6862216 ], [ 77.5594804, 28.6862577 ], [ 77.5597541, 28.6863975 ], [ 77.560038, 28.6864878 ], [ 77.5605803, 28.6867336 ], [ 77.5608438, 28.6868375 ], [ 77.5611303, 28.6869344 ], [ 77.5614194, 28.6871352 ], [ 77.5616266, 28.6873111 ], [ 77.5618952, 28.6876697 ], [ 77.5620665, 28.6879811 ], [ 77.5622532, 28.6882788 ], [ 77.5624246, 28.6886126 ], [ 77.562637, 28.688969 ], [ 77.5629542, 28.6894608 ], [ 77.5633404, 28.6899119 ], [ 77.5635119, 28.6900112 ], [ 77.5636576, 28.6902909 ], [ 77.563824, 28.6906383 ], [ 77.5640107, 28.6908909 ], [ 77.564241, 28.6912653 ], [ 77.5644865, 28.691518 ], [ 77.5642845, 28.6919127 ], [ 77.563998, 28.6922646 ], [ 77.563801, 28.6924812 ], [ 77.5635477, 28.6927563 ], [ 77.5638573, 28.6931286 ], [ 77.5640773, 28.6933496 ], [ 77.5642973, 28.6936857 ], [ 77.5643587, 28.6941098 ], [ 77.5641336, 28.6943827 ], [ 77.5642999, 28.6946669 ], [ 77.5645633, 28.6950504 ], [ 77.5650264, 28.6956031 ], [ 77.5652234, 28.6958714 ], [ 77.5654204, 28.6961264 ], [ 77.5656635, 28.6964151 ], [ 77.5654742, 28.696715 ], [ 77.5652926, 28.6970602 ], [ 77.5652132, 28.697394 ], [ 77.5655407, 28.6976219 ], [ 77.5657939, 28.6978745 ], [ 77.5660626, 28.6981429 ], [ 77.5663517, 28.6985241 ], [ 77.5669428, 28.6991151 ], [ 77.5673547, 28.6995144 ], [ 77.5676463, 28.6998369 ], [ 77.5678561, 28.7000715 ], [ 77.5680838, 28.7003106 ], [ 77.5683474, 28.7005834 ], [ 77.5688258, 28.7010279 ], [ 77.5689895, 28.7012443 ], [ 77.5692454, 28.7014384 ], [ 77.5694782, 28.7016436 ], [ 77.5696778, 28.7018398 ], [ 77.5699849, 28.7020428 ], [ 77.5708368, 28.702036 ], [ 77.5711489, 28.7020089 ], [ 77.571479, 28.7019773 ], [ 77.5718192, 28.701957 ], [ 77.5721083, 28.7022006 ], [ 77.5724052, 28.7024329 ], [ 77.5728068, 28.7024555 ], [ 77.5731547, 28.7024261 ], [ 77.5733568, 28.7020313 ], [ 77.573587, 28.7016478 ], [ 77.5739631, 28.701623 ], [ 77.5740885, 28.7018756 ], [ 77.5744595, 28.7019094 ], [ 77.5747716, 28.7018823 ], [ 77.5752628, 28.7017492 ], [ 77.5755595, 28.7015056 ], [ 77.5757795, 28.7013701 ], [ 77.5760814, 28.7012732 ], [ 77.5763706, 28.7013182 ], [ 77.5766724, 28.7013949 ], [ 77.5769923, 28.7014919 ], [ 77.5772967, 28.7016091 ], [ 77.5774554, 28.7018098 ], [ 77.5777138, 28.7020624 ], [ 77.5781641, 28.7018707 ], [ 77.5785478, 28.7017533 ], [ 77.578906, 28.701636 ], [ 77.5792462, 28.7014848 ], [ 77.5795992, 28.7015141 ], [ 77.5798731, 28.7015501 ], [ 77.5802721, 28.7016155 ], [ 77.5806227, 28.70162 ], [ 77.5810704, 28.7016695 ], [ 77.5814234, 28.7017416 ], [ 77.58182, 28.7018003 ], [ 77.5821807, 28.7018341 ], [ 77.5825415, 28.7018543 ], [ 77.5828844, 28.7019039 ], [ 77.5832527, 28.7018745 ], [ 77.5836109, 28.7018608 ], [ 77.5839563, 28.7018134 ], [ 77.584271, 28.7018495 ], [ 77.5845702, 28.7015674 ], [ 77.5848568, 28.701299 ], [ 77.5858287, 28.7006604 ], [ 77.5860334, 28.700489 ], [ 77.5864043, 28.700313 ], [ 77.5867343, 28.700173 ], [ 77.5869646, 28.6999925 ], [ 77.5872638, 28.6997647 ], [ 77.5875503, 28.699618 ], [ 77.5881566, 28.6992773 ], [ 77.588438, 28.6991103 ], [ 77.5888498, 28.6989072 ], [ 77.5892463, 28.6987809 ], [ 77.5896095, 28.6986003 ], [ 77.5899472, 28.6984604 ], [ 77.5901928, 28.6984355 ], [ 77.5904768, 28.6985911 ], [ 77.5906278, 28.6987918 ], [ 77.5907865, 28.6990467 ], [ 77.5909579, 28.6992744 ], [ 77.5911346, 28.6995541 ], [ 77.591516, 28.7002443 ], [ 77.5917002, 28.7004585 ], [ 77.5918921, 28.7007382 ], [ 77.5921736, 28.7009818 ], [ 77.5927418, 28.7018343 ], [ 77.5929748, 28.7020891 ], [ 77.5931514, 28.7024703 ], [ 77.593328, 28.7027364 ], [ 77.5935584, 28.7029236 ], [ 77.5937298, 28.7032393 ], [ 77.5939525, 28.7035777 ], [ 77.5942008, 28.7038979 ], [ 77.5944184, 28.7042069 ], [ 77.5945899, 28.7044414 ], [ 77.5948278, 28.7047549 ], [ 77.5950173, 28.7050075 ], [ 77.5952451, 28.7053999 ], [ 77.5954499, 28.7056931 ], [ 77.5956034, 28.7059367 ], [ 77.595862, 28.7062253 ], [ 77.5962509, 28.7062614 ], [ 77.5966602, 28.7062635 ], [ 77.5969213, 28.7064868 ], [ 77.5972131, 28.706719 ], [ 77.5975304, 28.7070144 ], [ 77.5978016, 28.7072106 ], [ 77.5980806, 28.7074135 ], [ 77.5982649, 28.7075917 ], [ 77.5984492, 28.7077676 ], [ 77.5986641, 28.7075668 ], [ 77.5988713, 28.7077178 ], [ 77.5990044, 28.7078667 ], [ 77.5992424, 28.7079568 ], [ 77.599534, 28.7077064 ], [ 77.5998001, 28.7079274 ], [ 77.5999435, 28.7082229 ], [ 77.6000869, 28.7085138 ], [ 77.6002764, 28.7088634 ], [ 77.6004248, 28.7091543 ], [ 77.6006092, 28.7093911 ], [ 77.6007577, 28.7096978 ], [ 77.6010775, 28.7096278 ], [ 77.6014485, 28.7095465 ], [ 77.6018782, 28.7094381 ], [ 77.6023235, 28.7094673 ], [ 77.6027942, 28.7094626 ], [ 77.6032983, 28.7095031 ], [ 77.6035184, 28.7097421 ], [ 77.603759, 28.710094 ], [ 77.6040484, 28.7106533 ], [ 77.6042609, 28.7109397 ], [ 77.604412, 28.7112419 ], [ 77.6045503, 28.7115463 ], [ 77.6047782, 28.7118576 ], [ 77.6050034, 28.7120582 ], [ 77.6051696, 28.7117966 ], [ 77.6053281, 28.7116093 ], [ 77.6056096, 28.7115843 ], [ 77.6057684, 28.7119182 ], [ 77.6060497, 28.7117488 ], [ 77.606367, 28.7116337 ], [ 77.6065334, 28.7118885 ], [ 77.6066691, 28.7122156 ], [ 77.6069252, 28.7127208 ], [ 77.6071582, 28.7130004 ], [ 77.6074474, 28.71328 ], [ 77.6076829, 28.7134852 ], [ 77.6079644, 28.7136565 ], [ 77.6083227, 28.7137715 ], [ 77.6087142, 28.7139427 ], [ 77.6091058, 28.714123 ], [ 77.6094642, 28.7143958 ], [ 77.6098301, 28.7146146 ], [ 77.6103036, 28.7148152 ], [ 77.6105286, 28.7145016 ], [ 77.6107511, 28.7142037 ], [ 77.6110813, 28.7144359 ], [ 77.6114525, 28.7146659 ], [ 77.611803, 28.714853 ], [ 77.6121691, 28.7150558 ], [ 77.6125683, 28.7152181 ], [ 77.6128831, 28.7153578 ], [ 77.6131595, 28.7155404 ], [ 77.6132975, 28.7153509 ], [ 77.6136072, 28.7154545 ], [ 77.6139374, 28.7155875 ], [ 77.6144466, 28.7156933 ], [ 77.6148817, 28.7158082 ], [ 77.6151633, 28.7160021 ], [ 77.6152863, 28.7164645 ], [ 77.6152531, 28.7167667 ], [ 77.6148873, 28.7167262 ], [ 77.6145367, 28.7166272 ], [ 77.6145164, 28.71697 ], [ 77.614537, 28.717279 ], [ 77.6142633, 28.717498 ], [ 77.6139384, 28.7177349 ], [ 77.6140767, 28.7179604 ], [ 77.6142765, 28.718204 ], [ 77.6145043, 28.7184836 ], [ 77.6147731, 28.7188038 ], [ 77.6150138, 28.7190654 ], [ 77.6150421, 28.7193744 ], [ 77.6148427, 28.7196564 ], [ 77.6150654, 28.719918 ], [ 77.6153112, 28.7202224 ], [ 77.6155059, 28.7204998 ], [ 77.6159871, 28.7209575 ], [ 77.616302, 28.7212799 ], [ 77.6164967, 28.7215889 ], [ 77.6163023, 28.7218439 ], [ 77.6159187, 28.722038 ], [ 77.6156705, 28.7222163 ], [ 77.6154019, 28.7223563 ], [ 77.6150924, 28.7225617 ], [ 77.6147829, 28.7228415 ], [ 77.6145296, 28.7229995 ], [ 77.6140052, 28.7233831 ], [ 77.6137852, 28.7235478 ], [ 77.6134475, 28.7236946 ], [ 77.6131329, 28.7239068 ], [ 77.6127824, 28.724022 ], [ 77.6124293, 28.7242115 ], [ 77.6121403, 28.7243808 ], [ 77.6115492, 28.7246315 ], [ 77.6111757, 28.7247602 ], [ 77.6108533, 28.7248821 ], [ 77.6105232, 28.7249724 ], [ 77.6101984, 28.7250876 ], [ 77.6098605, 28.7251238 ], [ 77.6095458, 28.7252096 ], [ 77.6092286, 28.725327 ], [ 77.6089138, 28.7254422 ], [ 77.608589, 28.7256047 ], [ 77.608287, 28.7257763 ], [ 77.6079493, 28.7259275 ], [ 77.6076807, 28.7261148 ], [ 77.6071308, 28.7265909 ], [ 77.6068468, 28.726767 ], [ 77.6065168, 28.7269746 ], [ 77.6061868, 28.7272409 ], [ 77.6058183, 28.7274835 ], [ 77.605816, 28.727485 ], [ 77.6062383, 28.7280461 ], [ 77.60695, 28.7286369 ], [ 77.6078, 28.7296922 ], [ 77.6084958, 28.7291281 ], [ 77.6093199, 28.7293601 ], [ 77.6099185, 28.7289066 ], [ 77.6104051, 28.7294951 ], [ 77.6112066, 28.7306092 ], [ 77.6114727, 28.7306451 ], [ 77.6117927, 28.7307939 ], [ 77.6128656, 28.7321085 ], [ 77.6131934, 28.7325573 ], [ 77.613764, 28.7323473 ], [ 77.6143628, 28.7323606 ], [ 77.6151434, 28.7325069 ], [ 77.615576, 28.7326534 ], [ 77.6164692, 28.7327162 ], [ 77.6167608, 28.7323958 ], [ 77.6172903, 28.7319534 ], [ 77.6178326, 28.731572 ], [ 77.6180015, 28.7316577 ], [ 77.6185596, 28.732077 ], [ 77.6188517, 28.7325438 ], [ 77.6194505, 28.7323698 ], [ 77.6197575, 28.7323697 ], [ 77.6200366, 28.732629 ], [ 77.6204694, 28.7331814 ], [ 77.6207484, 28.7332422 ], [ 77.6212346, 28.7331202 ], [ 77.6217796, 28.7330207 ], [ 77.6222378, 28.7330318 ], [ 77.6224481, 28.733952 ], [ 77.6223793, 28.7345791 ], [ 77.6224205, 28.7349107 ], [ 77.6226716, 28.7354023 ], [ 77.6227971, 28.7356346 ], [ 77.6231169, 28.7354518 ], [ 77.6237911, 28.7347228 ], [ 77.6241291, 28.7344366 ], [ 77.6254117, 28.7337086 ], [ 77.6254477, 28.7335078 ], [ 77.6252815, 28.733201 ], [ 77.6254403, 28.7329304 ], [ 77.6258629, 28.732405 ], [ 77.6258811, 28.7318456 ], [ 77.6257843, 28.7312072 ], [ 77.6260172, 28.7310246 ], [ 77.6269363, 28.7304589 ], [ 77.6275661, 28.7300102 ], [ 77.6285107, 28.7294534 ], [ 77.6298239, 28.7286284 ], [ 77.6301004, 28.728491 ], [ 77.6305536, 28.7281844 ], [ 77.6310579, 28.7277876 ], [ 77.6326707, 28.7264777 ], [ 77.6329573, 28.7266921 ], [ 77.6347887, 28.7283733 ], [ 77.6355867, 28.7290458 ], [ 77.6365331, 28.7300432 ], [ 77.6371036, 28.7304855 ], [ 77.6373801, 28.7301946 ], [ 77.6377385, 28.7298992 ], [ 77.6386678, 28.7293041 ], [ 77.6385169, 28.7290671 ], [ 77.6372812, 28.7283585 ], [ 77.6375732, 28.7278127 ], [ 77.6378063, 28.7272082 ], [ 77.6381036, 28.7263512 ], [ 77.6382855, 28.7257016 ], [ 77.6384469, 28.7253949 ], [ 77.6387055, 28.7251469 ], [ 77.6395272, 28.7245426 ], [ 77.6400853, 28.7239947 ], [ 77.6404689, 28.7244482 ], [ 77.6408658, 28.723898 ], [ 77.641513, 28.7245028 ], [ 77.6420169, 28.7249247 ], [ 77.6433063, 28.7257823 ], [ 77.6434136, 28.7260891 ], [ 77.6443137, 28.7277067 ], [ 77.6449485, 28.7273257 ], [ 77.6456391, 28.7283206 ], [ 77.6465008, 28.7300781 ], [ 77.64733, 28.7298776 ], [ 77.6475218, 28.7301213 ], [ 77.647916, 28.7299613 ], [ 77.6482638, 28.730426 ], [ 77.6477954, 28.7307665 ], [ 77.6483658, 28.7316306 ], [ 77.6493711, 28.7328556 ], [ 77.6499849, 28.7338506 ], [ 77.6541232, 28.7335764 ], [ 77.6544097, 28.7340006 ], [ 77.6548216, 28.7344315 ], [ 77.6557738, 28.7338972 ], [ 77.65605, 28.7343303 ], [ 77.657788, 28.7336337 ], [ 77.6591317, 28.7331671 ], [ 77.6596948, 28.7328829 ], [ 77.6608106, 28.7324704 ], [ 77.6615043, 28.732166 ], [ 77.6620623, 28.7316789 ], [ 77.6638386, 28.7302423 ], [ 77.6650621, 28.7290357 ], [ 77.6654767, 28.7285485 ], [ 77.665871, 28.7282735 ], [ 77.666388, 28.7279149 ], [ 77.6670713, 28.7271751 ], [ 77.6682463, 28.7253144 ], [ 77.6693572, 28.723643 ], [ 77.6699919, 28.7229348 ], [ 77.6702222, 28.7226867 ], [ 77.6706878, 28.7230477 ], [ 77.6721055, 28.7237246 ], [ 77.6742829, 28.7253218 ], [ 77.6748816, 28.726073 ], [ 77.6755289, 28.7265806 ], [ 77.6757157, 28.7267069 ], [ 77.6770465, 28.7254912 ], [ 77.6782696, 28.7268762 ], [ 77.6792421, 28.7260733 ], [ 77.6796362, 28.725947 ], [ 77.6798589, 28.7260531 ], [ 77.6806855, 28.7255771 ], [ 77.6813098, 28.7251328 ], [ 77.6818499, 28.7245621 ], [ 77.6822278, 28.7241139 ], [ 77.6822337, 28.7241064 ], [ 77.6825817, 28.7242644 ], [ 77.6827378, 28.724508 ], [ 77.6831805, 28.7248374 ], [ 77.6827377, 28.7255975 ], [ 77.683096, 28.7258524 ], [ 77.6830243, 28.7263283 ], [ 77.6831318, 28.726581 ], [ 77.683577, 28.726581 ], [ 77.6837792, 28.7275013 ], [ 77.6838508, 28.7287284 ], [ 77.6838559, 28.7290781 ], [ 77.6833518, 28.7299667 ], [ 77.6828501, 28.7308217 ], [ 77.6825251, 28.7314262 ], [ 77.6821361, 28.7324525 ], [ 77.682136, 28.7329172 ], [ 77.6822794, 28.7332669 ], [ 77.6829984, 28.734124 ], [ 77.6832672, 28.7346429 ], [ 77.6832569, 28.7352564 ], [ 77.6827527, 28.7358383 ], [ 77.6822485, 28.7366932 ], [ 77.6821103, 28.7373812 ], [ 77.6822177, 28.7379316 ], [ 77.6824352, 28.738279 ], [ 77.6826988, 28.7386601 ], [ 77.6835511, 28.7395489 ], [ 77.683917, 28.7399301 ], [ 77.6843853, 28.7407219 ], [ 77.684672, 28.7411573 ], [ 77.6855729, 28.7421182 ], [ 77.6862511, 28.7426618 ], [ 77.6870906, 28.7434197 ], [ 77.6878226, 28.7432393 ], [ 77.688529, 28.7438325 ], [ 77.6890332, 28.7434287 ], [ 77.6894427, 28.7433024 ], [ 77.6898625, 28.743325 ], [ 77.690144, 28.7434151 ], [ 77.6909475, 28.743444 ], [ 77.6894632, 28.7458129 ], [ 77.6892508, 28.7460115 ], [ 77.68943, 28.7463702 ], [ 77.6896629, 28.7467964 ], [ 77.6897884, 28.7471979 ], [ 77.68986, 28.7476062 ], [ 77.6900545, 28.7480664 ], [ 77.6898088, 28.7483032 ], [ 77.6894249, 28.7487521 ], [ 77.6889258, 28.7492687 ], [ 77.6890639, 28.7494051 ], [ 77.6882661, 28.7500372 ], [ 77.6880304, 28.7502869 ], [ 77.6873046, 28.7507056 ], [ 77.6865715, 28.7511847 ], [ 77.6862527, 28.7515377 ], [ 77.6861995, 28.751713 ], [ 77.6859931, 28.7520676 ], [ 77.6857965, 28.7522299 ], [ 77.6851402, 28.7526055 ], [ 77.6845163, 28.7529156 ], [ 77.6838081, 28.753395 ], [ 77.6834389, 28.7537748 ], [ 77.6835471, 28.754002 ], [ 77.6840482, 28.7545814 ], [ 77.6841748, 28.7548254 ], [ 77.6841912, 28.7549521 ], [ 77.6841065, 28.755138 ], [ 77.6836657, 28.7556763 ], [ 77.6832524, 28.756072 ], [ 77.6831167, 28.7563176 ], [ 77.6831519, 28.7564392 ], [ 77.6832926, 28.7565952 ], [ 77.6836659, 28.7570023 ], [ 77.6837005, 28.7571569 ], [ 77.6836671, 28.7572719 ], [ 77.6835208, 28.7574184 ], [ 77.6827706, 28.7578036 ], [ 77.6824221, 28.7580737 ], [ 77.6822804, 28.7583082 ], [ 77.6822773, 28.7584732 ], [ 77.6823909, 28.7587445 ], [ 77.6825891, 28.7591655 ], [ 77.6827908, 28.7597296 ], [ 77.6827975, 28.7600433 ], [ 77.6826546, 28.7603384 ], [ 77.6823487, 28.7606696 ], [ 77.6815754, 28.7612856 ], [ 77.6803218, 28.7622137 ], [ 77.6796028, 28.7627645 ], [ 77.6802853, 28.7635007 ], [ 77.6808133, 28.7639815 ], [ 77.6811188, 28.7643381 ], [ 77.6814066, 28.7649805 ], [ 77.6818064, 28.7656355 ], [ 77.6822115, 28.7660155 ], [ 77.6829364, 28.7666532 ], [ 77.6832309, 28.7669326 ], [ 77.6837427, 28.7671106 ], [ 77.6842448, 28.7674755 ], [ 77.6845528, 28.7677 ], [ 77.6846957, 28.7680762 ], [ 77.6847853, 28.7686277 ], [ 77.6847255, 28.769155 ], [ 77.6846205, 28.7694286 ], [ 77.6843544, 28.7696338 ], [ 77.6842506, 28.7698414 ], [ 77.6842709, 28.7700948 ], [ 77.6844543, 28.7703065 ], [ 77.6844125, 28.770537 ], [ 77.6840046, 28.7709822 ], [ 77.6835246, 28.7712724 ], [ 77.6830597, 28.7714197 ], [ 77.6829437, 28.7716161 ], [ 77.6829371, 28.7719681 ], [ 77.6831626, 28.7725986 ], [ 77.6836235, 28.7733315 ], [ 77.6841635, 28.7738455 ], [ 77.6846539, 28.7743368 ], [ 77.6847607, 28.7746354 ], [ 77.6845758, 28.7751719 ], [ 77.6850243, 28.7763242 ], [ 77.6856044, 28.7762762 ], [ 77.6859822, 28.7761056 ], [ 77.6868626, 28.7757772 ], [ 77.6881454, 28.7753006 ], [ 77.6900394, 28.7746141 ], [ 77.6906856, 28.7750402 ], [ 77.6905914, 28.7754019 ], [ 77.6908608, 28.7756919 ], [ 77.6913133, 28.7759529 ], [ 77.6918523, 28.7761024 ], [ 77.6921227, 28.7763373 ], [ 77.692381, 28.7765501 ], [ 77.6928105, 28.7769635 ], [ 77.6933873, 28.777511 ], [ 77.6938444, 28.7777817 ], [ 77.6944376, 28.7781203 ], [ 77.694942, 28.7785347 ], [ 77.6952943, 28.779068 ], [ 77.6956445, 28.7797112 ], [ 77.6963268, 28.7806344 ], [ 77.6969235, 28.7814572 ], [ 77.6980574, 28.7826124 ], [ 77.6986708, 28.7832154 ], [ 77.6996966, 28.784138 ], [ 77.7005763, 28.7848604 ], [ 77.7015592, 28.7857383 ], [ 77.7020396, 28.7861028 ], [ 77.7025671, 28.7859453 ], [ 77.7027216, 28.7860356 ], [ 77.7032374, 28.7865106 ], [ 77.7036595, 28.7869843 ], [ 77.7038686, 28.7871634 ], [ 77.7041388, 28.7870737 ], [ 77.7049157, 28.7866007 ], [ 77.7051485, 28.786505 ], [ 77.7056938, 28.787074 ], [ 77.7062269, 28.7876264 ], [ 77.7071897, 28.7885865 ], [ 77.7076422, 28.7891101 ], [ 77.7079883, 28.7896432 ], [ 77.7077364, 28.7899257 ], [ 77.7076183, 28.7900671 ], [ 77.7073054, 28.7904367 ], [ 77.7070114, 28.7908011 ], [ 77.7067821, 28.791381 ], [ 77.7065539, 28.7919004 ], [ 77.7064259, 28.7924047 ], [ 77.7063561, 28.7928053 ], [ 77.706207, 28.7931003 ], [ 77.7060984, 28.7932308 ], [ 77.7058714, 28.7933485 ], [ 77.7056997, 28.7935111 ], [ 77.7055512, 28.7937786 ], [ 77.7054006, 28.7941505 ], [ 77.7050354, 28.7944809 ], [ 77.7053569, 28.7948266 ], [ 77.7058222, 28.795334 ], [ 77.7061374, 28.7958501 ], [ 77.7064244, 28.7962063 ], [ 77.7070221, 28.7969851 ], [ 77.7073037, 28.7969562 ], [ 77.707552, 28.7973779 ], [ 77.708218, 28.7985152 ], [ 77.7084841, 28.7989867 ], [ 77.7087443, 28.7996121 ], [ 77.7086057, 28.7998412 ], [ 77.7079617, 28.8002171 ], [ 77.7074428, 28.8005838 ], [ 77.70761, 28.8009988 ], [ 77.7077645, 28.8014246 ], [ 77.7077203, 28.8017926 ], [ 77.7076007, 28.8020109 ], [ 77.7073812, 28.8023984 ], [ 77.7068347, 28.8029022 ], [ 77.7071083, 28.8033078 ], [ 77.7071671, 28.8041834 ], [ 77.7072, 28.8051026 ], [ 77.7072513, 28.8057085 ], [ 77.7073748, 28.806464 ], [ 77.7074646, 28.8070099 ], [ 77.7072874, 28.8071339 ], [ 77.7073932, 28.807493 ], [ 77.7077548, 28.808549 ], [ 77.7078927, 28.8091947 ], [ 77.7076833, 28.8093732 ], [ 77.7078047, 28.8095675 ], [ 77.7073345, 28.8099954 ], [ 77.7072133, 28.8101312 ], [ 77.7072425, 28.8102417 ], [ 77.7073881, 28.8104748 ], [ 77.7075754, 28.810483 ], [ 77.7077707, 28.8107279 ], [ 77.7080894, 28.8110625 ], [ 77.7078591, 28.8113563 ], [ 77.7080673, 28.8115793 ], [ 77.7084791, 28.8116072 ], [ 77.7088071, 28.8121126 ], [ 77.7092292, 28.8125918 ], [ 77.7095278, 28.8129976 ], [ 77.7094192, 28.8131281 ], [ 77.7092069, 28.8131251 ], [ 77.7089214, 28.813022 ], [ 77.7085071, 28.812796 ], [ 77.7077998, 28.8125383 ], [ 77.7074255, 28.8125109 ], [ 77.7071251, 28.8125396 ], [ 77.7067783, 28.8127162 ], [ 77.7063674, 28.8129799 ], [ 77.705685, 28.8133992 ], [ 77.7059238, 28.8136612 ], [ 77.7054431, 28.8139844 ], [ 77.7046372, 28.814666 ], [ 77.7051132, 28.8152725 ], [ 77.70449, 28.8155277 ], [ 77.7030919, 28.8161403 ], [ 77.70192, 28.8166846 ], [ 77.7011063, 28.8171075 ], [ 77.7000571, 28.8177691 ], [ 77.6987271, 28.8187513 ], [ 77.6977955, 28.8194641 ], [ 77.6964466, 28.8204514 ], [ 77.6952952, 28.8212325 ], [ 77.6945485, 28.8217444 ], [ 77.6935545, 28.8224563 ], [ 77.6926347, 28.8232077 ], [ 77.6920309, 28.8237657 ], [ 77.6922469, 28.8242419 ], [ 77.6933722, 28.8262166 ], [ 77.6937948, 28.8270094 ], [ 77.694599, 28.8284459 ], [ 77.6951467, 28.829565 ], [ 77.6957498, 28.830729 ], [ 77.6962707, 28.8316112 ], [ 77.6974875, 28.8332418 ], [ 77.6976346, 28.833631 ], [ 77.6977868, 28.8343279 ], [ 77.6977862, 28.8349975 ], [ 77.698132, 28.8361952 ], [ 77.698161, 28.8365513 ], [ 77.6978498, 28.8373759 ], [ 77.6975548, 28.8379157 ], [ 77.6968655, 28.8392344 ], [ 77.6961152, 28.8406465 ], [ 77.6956914, 28.8412909 ], [ 77.6947438, 28.8424595 ], [ 77.6957028, 28.8430345 ], [ 77.6967482, 28.8436355 ], [ 77.6969097, 28.8438889 ], [ 77.6978473, 28.8451893 ], [ 77.6984225, 28.8459855 ], [ 77.6990685, 28.8469993 ], [ 77.6996929, 28.8478975 ], [ 77.6996664, 28.8487593 ], [ 77.699802, 28.8507033 ], [ 77.699902, 28.8530974 ], [ 77.6994884, 28.8536005 ], [ 77.6975739, 28.8555839 ], [ 77.6965769, 28.856384 ], [ 77.6953517, 28.8570282 ], [ 77.6935774, 28.8576899 ], [ 77.6931376, 28.8580399 ], [ 77.6919166, 28.8582112 ], [ 77.6913035, 28.8585586 ], [ 77.6904508, 28.8593609 ], [ 77.6897718, 28.8601401 ], [ 77.6888117, 28.8605081 ], [ 77.687932, 28.8612081 ], [ 77.6873147, 28.8617846 ], [ 77.6871603, 28.8623169 ], [ 77.6872573, 28.863294 ], [ 77.6874172, 28.8640089 ], [ 77.6874542, 28.8651294 ], [ 77.6873424, 28.8664769 ], [ 77.6872438, 28.8686644 ], [ 77.6869242, 28.8704499 ], [ 77.6868873, 28.8708821 ], [ 77.6867765, 28.8720551 ], [ 77.686624, 28.8726091 ], [ 77.6855628, 28.8737392 ], [ 77.6848342, 28.874085 ], [ 77.682952, 28.8743123 ], [ 77.6818497, 28.8745509 ], [ 77.6814064, 28.8750789 ], [ 77.680752, 28.8768204 ], [ 77.6801682, 28.8771429 ], [ 77.6791572, 28.8771282 ], [ 77.6774829, 28.877053 ], [ 77.6757225, 28.8769511 ], [ 77.6740202, 28.8768245 ], [ 77.6731002, 28.8765821 ], [ 77.6715179, 28.8762283 ], [ 77.6705293, 28.8757659 ], [ 77.6694953, 28.8754454 ], [ 77.6692978, 28.8751881 ], [ 77.6684742, 28.8744379 ], [ 77.6676144, 28.874069 ], [ 77.6669669, 28.8734598 ], [ 77.66604, 28.8720463 ], [ 77.6649996, 28.8705295 ], [ 77.6640445, 28.8690902 ], [ 77.6632912, 28.8692064 ], [ 77.6627121, 28.8692743 ], [ 77.6623092, 28.8691921 ], [ 77.6611323, 28.8687931 ], [ 77.6611726, 28.8681828 ], [ 77.6599519, 28.8685722 ], [ 77.6598389, 28.8684433 ], [ 77.6591404, 28.868519 ], [ 77.6582841, 28.8687384 ], [ 77.6572709, 28.8689311 ], [ 77.6571738, 28.8687222 ], [ 77.6566137, 28.8689808 ], [ 77.6563661, 28.8687251 ], [ 77.6557908, 28.8688947 ], [ 77.6552174, 28.8680709 ], [ 77.6543522, 28.8684437 ], [ 77.6530325, 28.8690987 ], [ 77.6538027, 28.8701923 ], [ 77.6533238, 28.8706005 ], [ 77.6529767, 28.8702691 ], [ 77.6521, 28.8712496 ], [ 77.6523442, 28.871484 ], [ 77.6535485, 28.8727469 ], [ 77.6542916, 28.873499 ], [ 77.6532014, 28.8741947 ], [ 77.6524722, 28.8746662 ], [ 77.6514017, 28.8752139 ], [ 77.6521878, 28.8763521 ], [ 77.6516246, 28.8767738 ], [ 77.6508611, 28.8771035 ], [ 77.6504172, 28.877438 ], [ 77.6498647, 28.8776625 ], [ 77.6492331, 28.8781425 ], [ 77.6486178, 28.8786375 ], [ 77.647635, 28.8789936 ], [ 77.6470585, 28.8792224 ], [ 77.6464419, 28.878902 ], [ 77.6459639, 28.8792656 ], [ 77.6451328, 28.8798695 ], [ 77.6438031, 28.8807691 ], [ 77.6435225, 28.8804833 ], [ 77.6423094, 28.8818878 ], [ 77.6414506, 28.880847 ], [ 77.6403975, 28.8794459 ], [ 77.6397941, 28.8790855 ], [ 77.6391088, 28.8793236 ], [ 77.6386005, 28.8789025 ], [ 77.6382898, 28.8791873 ], [ 77.6380571, 28.8790806 ], [ 77.6378209, 28.8791598 ], [ 77.637012, 28.8797269 ], [ 77.636349, 28.8800273 ], [ 77.6357882, 28.8798949 ], [ 77.6349214, 28.8797994 ], [ 77.6342076, 28.8797233 ], [ 77.6332913, 28.8797718 ], [ 77.6322834, 28.8796948 ], [ 77.6301456, 28.8797872 ], [ 77.6282912, 28.8797805 ], [ 77.6270013, 28.87972 ], [ 77.6256152, 28.8797822 ], [ 77.6239944, 28.8798409 ], [ 77.6227039, 28.8797419 ], [ 77.6216799, 28.8798407 ], [ 77.6211462, 28.8800152 ], [ 77.6199888, 28.8803327 ], [ 77.6187208, 28.8807538 ], [ 77.6180762, 28.880945 ], [ 77.6170812, 28.8796904 ], [ 77.6161769, 28.8787015 ], [ 77.6157067, 28.8788666 ], [ 77.6153555, 28.878498 ], [ 77.6142641, 28.8771938 ], [ 77.6134356, 28.8762252 ], [ 77.6126042, 28.8754 ], [ 77.6111567, 28.8763607 ], [ 77.6101225, 28.8770529 ], [ 77.6089349, 28.8778097 ], [ 77.6082338, 28.8781149 ], [ 77.6076188, 28.8773406 ], [ 77.6066225, 28.8760635 ], [ 77.6060988, 28.8756252 ], [ 77.6055463, 28.87555 ], [ 77.6048287, 28.8755871 ], [ 77.6035588, 28.8759123 ], [ 77.6026372, 28.8763863 ], [ 77.6013683, 28.876855 ], [ 77.6007291, 28.8767688 ], [ 77.5999536, 28.8764321 ], [ 77.5989065, 28.8761008 ], [ 77.5980153, 28.8755711 ], [ 77.5976149, 28.875498 ], [ 77.5971453, 28.875625 ], [ 77.5969383, 28.8756601 ], [ 77.5966571, 28.8755985 ], [ 77.596405, 28.8754412 ], [ 77.5959742, 28.875253 ], [ 77.5954822, 28.8754178 ], [ 77.5950401, 28.8752581 ], [ 77.5945463, 28.8749542 ], [ 77.5939067, 28.8748968 ], [ 77.5928738, 28.8749482 ], [ 77.5921631, 28.8751957 ], [ 77.5915918, 28.8755314 ], [ 77.5910092, 28.8759772 ], [ 77.5904501, 28.8768008 ], [ 77.5894989, 28.8782401 ], [ 77.5880736, 28.8801167 ], [ 77.5875134, 28.8809977 ], [ 77.5867934, 28.8822944 ], [ 77.5865784, 28.8827407 ], [ 77.586505, 28.8831604 ], [ 77.5864399, 28.883714 ], [ 77.5864503, 28.8842975 ], [ 77.5866288, 28.8851705 ], [ 77.5867712, 28.8867838 ], [ 77.5868066, 28.8877599 ], [ 77.5868761, 28.8886502 ], [ 77.586724, 28.8897669 ], [ 77.5862047, 28.8905892 ], [ 77.5858106, 28.8909293 ], [ 77.5851307, 28.8913859 ], [ 77.5841841, 28.8920219 ], [ 77.5830412, 28.8927027 ], [ 77.582615, 28.8928301 ], [ 77.5820501, 28.8928312 ], [ 77.5814691, 28.8925451 ], [ 77.5805525, 28.891884 ], [ 77.5794796, 28.8911983 ], [ 77.5779859, 28.8903724 ], [ 77.576776, 28.8897157 ], [ 77.5761557, 28.8892186 ], [ 77.5750234, 28.8882451 ], [ 77.5739709, 28.8876268 ], [ 77.5730876, 28.88725 ], [ 77.5723192, 28.8871045 ], [ 77.5714168, 28.8871481 ], [ 77.570681, 28.8872412 ], [ 77.5700381, 28.8873463 ], [ 77.5692411, 28.8875541 ], [ 77.5687173, 28.88768 ], [ 77.5676274, 28.8878643 ], [ 77.5659856, 28.8881539 ], [ 77.5652124, 28.8882568 ], [ 77.5645453, 28.8884858 ], [ 77.5636623, 28.8886445 ], [ 77.5629522, 28.8888536 ], [ 77.562139, 28.889329 ], [ 77.560777, 28.8903185 ], [ 77.5600295, 28.8907661 ], [ 77.5593327, 28.8902965 ], [ 77.5591897, 28.8903899 ], [ 77.558504, 28.8910107 ], [ 77.5578302, 28.8915741 ], [ 77.5569744, 28.8920105 ], [ 77.556341, 28.8921826 ], [ 77.555653, 28.8925708 ], [ 77.5549154, 28.8930664 ], [ 77.5537141, 28.8939374 ], [ 77.5523197, 28.8948514 ], [ 77.5518337, 28.8952647 ], [ 77.5514129, 28.8956695 ], [ 77.5509774, 28.8962654 ], [ 77.5507438, 28.8965487 ], [ 77.5503696, 28.8963257 ], [ 77.5491655, 28.8951406 ], [ 77.5485243, 28.8946048 ], [ 77.5480766, 28.8947223 ], [ 77.5470464, 28.8951847 ], [ 77.5464998, 28.8953579 ], [ 77.545913, 28.8942684 ], [ 77.5452068, 28.893276 ], [ 77.5447021, 28.8924362 ], [ 77.5439664, 28.8911913 ], [ 77.54348, 28.8899693 ], [ 77.5431397, 28.8896007 ], [ 77.5427834, 28.8896995 ], [ 77.5421832, 28.8898432 ], [ 77.5417521, 28.8891194 ], [ 77.5416131, 28.8890121 ], [ 77.5402723, 28.8892497 ], [ 77.5394452, 28.8893231 ], [ 77.5394483, 28.8891701 ], [ 77.5391642, 28.8887067 ], [ 77.5383463, 28.8891235 ], [ 77.5376899, 28.8893525 ], [ 77.5375874, 28.8890448 ], [ 77.5370071, 28.8881848 ], [ 77.5368164, 28.8879429 ], [ 77.5363757, 28.8882517 ], [ 77.535576, 28.8885931 ], [ 77.5348327, 28.8888304 ], [ 77.5341375, 28.8888292 ], [ 77.5337083, 28.8887558 ], [ 77.5335765, 28.8882851 ], [ 77.5334258, 28.8882159 ], [ 77.5327846, 28.8882347 ], [ 77.5321625, 28.8883782 ], [ 77.5317703, 28.888439 ], [ 77.5315266, 28.8881293 ], [ 77.5311879, 28.8882293 ], [ 77.5308922, 28.888349 ], [ 77.5305501, 28.888621 ], [ 77.5300107, 28.8889761 ], [ 77.5295597, 28.8892657 ], [ 77.528942, 28.8897342 ], [ 77.5284825, 28.8898993 ], [ 77.5277654, 28.8901161 ], [ 77.527155, 28.8902215 ], [ 77.5263806, 28.8903816 ], [ 77.5257568, 28.890611 ], [ 77.5252733, 28.8908905 ], [ 77.5248747, 28.8912668 ], [ 77.524423, 28.891585 ], [ 77.5241193, 28.8915611 ], [ 77.5237745, 28.8914219 ], [ 77.5235857, 28.8916295 ], [ 77.5230722, 28.8920288 ], [ 77.5222466, 28.8925707 ], [ 77.5213121, 28.89313 ], [ 77.520707, 28.8935127 ], [ 77.5204076, 28.8939584 ], [ 77.5201834, 28.8936193 ], [ 77.5197448, 28.8932874 ], [ 77.5194842, 28.8932738 ], [ 77.518905, 28.8935337 ], [ 77.5186789, 28.8934346 ], [ 77.517965, 28.892735 ], [ 77.5176312, 28.8925863 ], [ 77.5170633, 28.8927401 ], [ 77.5166675, 28.8929731 ], [ 77.5160192, 28.8933455 ], [ 77.5152809, 28.8935129 ], [ 77.5148065, 28.8938784 ], [ 77.5144514, 28.8937104 ], [ 77.5141313, 28.8939636 ], [ 77.5135673, 28.8944617 ], [ 77.5130479, 28.8949031 ], [ 77.5125517, 28.8952683 ], [ 77.5120013, 28.8946942 ], [ 77.5110909, 28.8951391 ], [ 77.5099934, 28.8956958 ], [ 77.5089298, 28.8961861 ], [ 77.5078957, 28.8968299 ], [ 77.5070265, 28.8973805 ], [ 77.5064839, 28.8978885 ], [ 77.5060769, 28.8981403 ], [ 77.5053356, 28.89854 ], [ 77.5048578, 28.8985326 ], [ 77.5045266, 28.8987952 ], [ 77.5031162, 28.8997868 ], [ 77.5023646, 28.9004254 ], [ 77.501134, 28.9011138 ], [ 77.5005585, 28.9010541 ], [ 77.5004757, 28.9009729 ], [ 77.4987663, 28.8992959 ], [ 77.4975235, 28.897976 ], [ 77.4961437, 28.8974178 ], [ 77.4947873, 28.8966419 ], [ 77.4939722, 28.8964279 ], [ 77.4931162, 28.8954083 ], [ 77.4917181, 28.8957554 ], [ 77.489724, 28.8963614 ], [ 77.4885684, 28.8969637 ], [ 77.48739, 28.8977502 ], [ 77.4863412, 28.8987232 ], [ 77.4854636, 28.8997156 ], [ 77.4839126, 28.901016 ], [ 77.4816343, 28.9015336 ], [ 77.4797044, 28.9017883 ], [ 77.4773118, 28.9023041 ], [ 77.4759016, 28.9022986 ], [ 77.4750385, 28.9025701 ], [ 77.4740359, 28.9031412 ], [ 77.4730646, 28.9031091 ], [ 77.4708043, 28.9036771 ], [ 77.4688123, 28.9041655 ], [ 77.4667251, 28.9046524 ], [ 77.4645814, 28.9051048 ], [ 77.462569, 28.9056598 ], [ 77.4600602, 28.9062573 ], [ 77.4574068, 28.9064668 ], [ 77.4565624, 28.9067552 ], [ 77.4568006, 28.9081509 ], [ 77.4572994, 28.9079911 ], [ 77.4580444, 28.9079023 ], [ 77.4588142, 28.9084679 ], [ 77.4595935, 28.9095032 ], [ 77.4600169, 28.910231 ], [ 77.4602672, 28.9110399 ], [ 77.4601478, 28.9122119 ], [ 77.4598166, 28.9134979 ], [ 77.4593921, 28.9146818 ], [ 77.4588737, 28.9157971 ], [ 77.4588568, 28.9166186 ], [ 77.459006, 28.9177109 ], [ 77.4582478, 28.9184367 ], [ 77.4591091, 28.9191883 ], [ 77.4596483, 28.9198508 ], [ 77.4588765, 28.9203081 ], [ 77.4594603, 28.9206528 ], [ 77.4584149, 28.9214411 ], [ 77.4593525, 28.9221938 ], [ 77.4588322, 28.9224706 ], [ 77.4583275, 28.9229154 ], [ 77.4580878, 28.9234482 ], [ 77.4586927, 28.9253396 ], [ 77.4586968, 28.9253528 ], [ 77.4586467, 28.9253699 ], [ 77.4569297, 28.9260123 ], [ 77.4553209, 28.9263892 ], [ 77.4534095, 28.9266439 ], [ 77.4517116, 28.9267175 ], [ 77.4499759, 28.9267737 ], [ 77.4481016, 28.9270792 ], [ 77.4473924, 28.9272692 ], [ 77.4447133, 28.9277798 ], [ 77.4437317, 28.9254668 ], [ 77.4411282, 28.9260121 ], [ 77.4410751, 28.9230431 ], [ 77.4404425, 28.9213729 ], [ 77.4418008, 28.920204 ], [ 77.442944, 28.9192999 ], [ 77.4411571, 28.9172255 ], [ 77.4403891, 28.916576 ], [ 77.4392344, 28.9161886 ], [ 77.4382811, 28.9162069 ], [ 77.4377143, 28.9159631 ], [ 77.4370395, 28.9144933 ], [ 77.4361998, 28.9127023 ], [ 77.4351295, 28.9100859 ], [ 77.4343377, 28.9078261 ], [ 77.4336768, 28.9066081 ], [ 77.4328354, 28.9058232 ], [ 77.4315871, 28.9044448 ], [ 77.4307572, 28.9031067 ], [ 77.4302215, 28.9004485 ], [ 77.4294884, 28.8981224 ], [ 77.4288235, 28.8961832 ], [ 77.4296583, 28.895442 ], [ 77.428025, 28.8933363 ], [ 77.4269223, 28.8922956 ], [ 77.4273931, 28.8916491 ], [ 77.4258817, 28.8910211 ], [ 77.424498, 28.8906634 ], [ 77.4225177, 28.8896756 ], [ 77.4217999, 28.8884566 ], [ 77.4205436, 28.8865581 ], [ 77.4216573, 28.8852344 ], [ 77.4209423, 28.8838813 ], [ 77.4200148, 28.8817533 ], [ 77.4195458, 28.8809297 ], [ 77.4191156, 28.8800953 ], [ 77.4184366, 28.8797657 ], [ 77.4157662, 28.8789847 ], [ 77.414248, 28.8786919 ], [ 77.4115538, 28.8781452 ], [ 77.4095418, 28.8777773 ], [ 77.4080906, 28.8770159 ], [ 77.4077407, 28.8773456 ], [ 77.4068127, 28.877079 ], [ 77.4055206, 28.8769072 ], [ 77.404217, 28.8772885 ], [ 77.4028203, 28.8775677 ], [ 77.4023336, 28.8753293 ], [ 77.4023402, 28.8753248 ], [ 77.4033004, 28.8746574 ], [ 77.4039042, 28.8740299 ], [ 77.404632, 28.8729349 ], [ 77.4057771, 28.8710248 ], [ 77.4069089, 28.8688294 ], [ 77.4079492, 28.8673704 ], [ 77.4072761, 28.8658501 ], [ 77.4060135, 28.8633643 ], [ 77.4049771, 28.8619052 ], [ 77.4047728, 28.8607447 ], [ 77.4050255, 28.8595916 ], [ 77.40531, 28.8587409 ], [ 77.404746, 28.8574739 ], [ 77.4036035, 28.8556273 ], [ 77.4021369, 28.8537923 ], [ 77.4025868, 28.8523237 ], [ 77.4022408, 28.8515634 ], [ 77.4013022, 28.8499884 ], [ 77.4036486, 28.8489196 ], [ 77.4054326, 28.8483279 ], [ 77.4071597, 28.8477186 ], [ 77.4083692, 28.8472686 ], [ 77.4101054, 28.8462234 ], [ 77.4116271, 28.8445037 ], [ 77.4110484, 28.8439409 ], [ 77.4128677, 28.8425615 ], [ 77.4135135, 28.8417334 ], [ 77.4141512, 28.8403852 ], [ 77.4136407, 28.8392868 ], [ 77.4123135, 28.8371689 ], [ 77.4082721, 28.8364158 ], [ 77.4072402, 28.8374893 ], [ 77.4029367, 28.8356082 ], [ 77.4027168, 28.8333739 ], [ 77.4022235, 28.8323764 ], [ 77.4004283, 28.8316931 ], [ 77.3970772, 28.830733 ], [ 77.392838, 28.8294396 ], [ 77.3900773, 28.8284889 ], [ 77.3925728, 28.8257455 ], [ 77.3943321, 28.8235938 ], [ 77.3962186, 28.8217292 ], [ 77.3992271, 28.8217614 ], [ 77.4021632, 28.8216078 ], [ 77.4000495, 28.8197788 ], [ 77.4013961, 28.8182241 ], [ 77.4034393, 28.816144 ], [ 77.4054905, 28.8136782 ], [ 77.4048915, 28.8131821 ], [ 77.4035951, 28.8123392 ], [ 77.4017438, 28.8116215 ], [ 77.3998355, 28.8109028 ], [ 77.39905, 28.8102191 ], [ 77.3984238, 28.8092026 ], [ 77.3978992, 28.8078858 ], [ 77.3966737, 28.8063899 ], [ 77.3942927, 28.8037011 ], [ 77.394936, 28.8029903 ], [ 77.3970405, 28.8016157 ], [ 77.3986077, 28.8004335 ], [ 77.4010391, 28.7988964 ], [ 77.402738, 28.7977835 ], [ 77.4022794, 28.7969541 ], [ 77.4028999, 28.7945993 ], [ 77.4035405, 28.7931001 ], [ 77.4044956, 28.7911364 ], [ 77.4048468, 28.789817 ], [ 77.404878, 28.7883247 ], [ 77.4051578, 28.7876919 ], [ 77.405679, 28.7864424 ], [ 77.4057369, 28.7845815 ], [ 77.4059908, 28.7824393 ], [ 77.4059827, 28.7824347 ], [ 77.4047659, 28.7818485 ], [ 77.4034554, 28.7807873 ], [ 77.4022697, 28.7801306 ], [ 77.4013254, 28.779763 ], [ 77.4001451, 28.7797606 ], [ 77.39849, 28.7797002 ], [ 77.3973604, 28.7790947 ], [ 77.396407, 28.7782573 ], [ 77.3951272, 28.776643 ], [ 77.3939311, 28.7773951 ], [ 77.3927617, 28.7777786 ], [ 77.3919934, 28.7781015 ], [ 77.3912219, 28.7785754 ], [ 77.389565, 28.7795044 ], [ 77.3888622, 28.7794259 ], [ 77.3877658, 28.7799615 ], [ 77.3862707, 28.7804403 ], [ 77.3847442, 28.7805998 ], [ 77.3823405, 28.7808289 ], [ 77.3817537, 28.7806683 ], [ 77.380218, 28.7812638 ], [ 77.3795445, 28.781605 ], [ 77.3788294, 28.7812075 ], [ 77.3764876, 28.7821084 ], [ 77.374935, 28.7826029 ], [ 77.3735328, 28.7831837 ], [ 77.3718998, 28.7838781 ], [ 77.3704905, 28.7847942 ], [ 77.3691125, 28.7860296 ], [ 77.3677685, 28.786561 ], [ 77.366063, 28.7861807 ], [ 77.363876, 28.7860608 ], [ 77.3633984, 28.7861368 ], [ 77.3625097, 28.7867427 ], [ 77.3610597, 28.7877755 ], [ 77.361836, 28.7888786 ], [ 77.3608866, 28.7896512 ], [ 77.3603895, 28.7897437 ], [ 77.3594056, 28.790348 ], [ 77.3581337, 28.7910651 ], [ 77.3583602, 28.7929474 ], [ 77.3579409, 28.793863 ], [ 77.3584423, 28.7944583 ], [ 77.3576958, 28.7955362 ], [ 77.3594864, 28.7972934 ], [ 77.3587575, 28.7984387 ], [ 77.3571983, 28.8001238 ], [ 77.3550773, 28.8022524 ], [ 77.3529606, 28.8041798 ], [ 77.3504254, 28.8051945 ], [ 77.3482374, 28.8059969 ], [ 77.347543, 28.8037379 ], [ 77.346826, 28.8025351 ], [ 77.3454493, 28.8001305 ], [ 77.3446099, 28.7984225 ], [ 77.3437806, 28.797134 ], [ 77.3435716, 28.7962248 ], [ 77.3430149, 28.7955446 ], [ 77.3424938, 28.7958714 ], [ 77.3413524, 28.79493 ], [ 77.3406568, 28.7954048 ], [ 77.3400218, 28.7957129 ], [ 77.3390636, 28.7959989 ], [ 77.3383712, 28.7963229 ], [ 77.3370201, 28.7971726 ], [ 77.3351277, 28.798399 ], [ 77.3331926, 28.7989538 ], [ 77.3309324, 28.7995703 ], [ 77.32917, 28.8000608 ], [ 77.3285668, 28.8002185 ], [ 77.3273109, 28.8006168 ], [ 77.3262887, 28.8012203 ], [ 77.3257719, 28.8013459 ], [ 77.3241936, 28.8021246 ], [ 77.3232953, 28.8005161 ], [ 77.322097, 28.7986846 ], [ 77.3209451, 28.797357 ], [ 77.3201096, 28.7963702 ], [ 77.3196583, 28.7952221 ], [ 77.3175994, 28.7953385 ], [ 77.3155993, 28.795372 ], [ 77.3142946, 28.7949476 ], [ 77.3137423, 28.7949551 ], [ 77.3125977, 28.7950533 ], [ 77.3111982, 28.7946104 ], [ 77.3094103, 28.7936411 ], [ 77.3067988, 28.7920204 ], [ 77.3046204, 28.7906251 ], [ 77.3033153, 28.7919785 ], [ 77.302416, 28.7930536 ], [ 77.3025918, 28.7937275 ], [ 77.3018155, 28.7944021 ], [ 77.3005769, 28.7953205 ], [ 77.3008921, 28.7957116 ], [ 77.2996934, 28.7965468 ], [ 77.2985381, 28.7971311 ], [ 77.2992487, 28.7977302 ], [ 77.2985858, 28.7984402 ], [ 77.2971638, 28.799909 ], [ 77.2964548, 28.8009873 ], [ 77.2974048, 28.8028316 ], [ 77.2981631, 28.8047397 ], [ 77.298289, 28.8050773 ], [ 77.2986442, 28.8062574 ], [ 77.2982569, 28.8065528 ], [ 77.299766, 28.80896 ], [ 77.2976439, 28.8102156 ], [ 77.2944847, 28.811873 ], [ 77.2927117, 28.8128326 ], [ 77.2916478, 28.8135862 ], [ 77.2921454, 28.8143494 ], [ 77.2925316, 28.8158487 ], [ 77.2924972, 28.8174247 ], [ 77.292878, 28.8191755 ], [ 77.2931578, 28.8211929 ], [ 77.2931798, 28.8219313 ], [ 77.2926987, 28.8221579 ], [ 77.2926936, 28.8223927 ], [ 77.2925376, 28.8243021 ], [ 77.2926263, 28.8254776 ], [ 77.2928266, 28.8267725 ], [ 77.2931737, 28.8274492 ], [ 77.2926307, 28.8278929 ], [ 77.2908915, 28.8290375 ], [ 77.2894094, 28.8297504 ], [ 77.287266, 28.8310894 ], [ 77.2847402, 28.8324889 ], [ 77.2828295, 28.8336306 ], [ 77.2813473, 28.8343434 ], [ 77.2799705, 28.8345883 ], [ 77.2778845, 28.8350392 ], [ 77.2763063, 28.8349117 ], [ 77.2748966, 28.8349213 ], [ 77.2738113, 28.8349028 ], [ 77.2727613, 28.8341469 ], [ 77.2713392, 28.8338543 ], [ 77.2687684, 28.8338272 ], [ 77.2677479, 28.8338937 ], [ 77.2666337, 28.8338914 ], [ 77.2651171, 28.8335636 ], [ 77.2631545, 28.8335972 ], [ 77.2618253, 28.8325513 ], [ 77.2614679, 28.8323439 ], [ 77.2604551, 28.8324943 ], [ 77.2595682, 28.8329823 ], [ 77.258909, 28.8335077 ], [ 77.2583727, 28.8345049 ], [ 77.2579146, 28.8345473 ], [ 77.2564474, 28.8319896 ], [ 77.2550031, 28.8301199 ], [ 77.2534035, 28.8283816 ], [ 77.2530615, 28.8274868 ], [ 77.2522356, 28.8269359 ], [ 77.2523756, 28.8266364 ], [ 77.2515486, 28.8261358 ], [ 77.251562, 28.8255323 ], [ 77.2506156, 28.8252644 ], [ 77.2507278, 28.8236394 ], [ 77.2490265, 28.8226528 ], [ 77.2487998, 28.8227014 ], [ 77.248617, 28.8227405 ], [ 77.2474913, 28.823229 ], [ 77.2470594, 28.8232893 ], [ 77.2449375, 28.8232799 ], [ 77.2424732, 28.8234541 ], [ 77.2408673, 28.8237514 ], [ 77.2400764, 28.8233586 ], [ 77.2380841, 28.8230534 ], [ 77.2360291, 28.8228012 ], [ 77.2334841, 28.8224593 ], [ 77.2306816, 28.8226275 ], [ 77.2292977, 28.8233145 ], [ 77.2286494, 28.824109 ], [ 77.2287561, 28.8248422 ], [ 77.2289145, 28.8260095 ], [ 77.2290537, 28.826662 ], [ 77.2276044, 28.8282077 ], [ 77.2260242, 28.8301033 ], [ 77.2270164, 28.8311227 ], [ 77.2242787, 28.8325106 ], [ 77.2229982, 28.8333822 ], [ 77.2220326, 28.8339207 ], [ 77.2214282, 28.8304417 ], [ 77.2209196, 28.8285844 ], [ 77.2209282, 28.8266971 ], [ 77.2215161, 28.8252684 ], [ 77.2231166, 28.8231092 ], [ 77.2236692, 28.8223178 ], [ 77.2232111, 28.8214812 ], [ 77.2232518, 28.8205845 ], [ 77.2231209, 28.8196257 ], [ 77.2207713, 28.8187176 ], [ 77.2193639, 28.8174872 ], [ 77.2184241, 28.8134714 ], [ 77.2187202, 28.8108429 ], [ 77.2021248, 28.8135672 ], [ 77.2006007, 28.8087861 ], [ 77.1992428, 28.8045263 ] ] ] } },
{ "type": "Feature", "properties": { "zone_name": "New Delhi" }, "geometry": { "type": "Polygon", "coordinates": [ [ [ 77.1663519, 28.5962391 ], [ 77.1664148, 28.5944092 ], [ 77.1668869, 28.5938157 ], [ 77.1671514, 28.5932497 ], [ 77.1681934, 28.5911595 ], [ 77.172164, 28.585283 ], [ 77.1760178, 28.5785778 ], [ 77.1788295, 28.5737577 ], [ 77.1797548, 28.5725823 ], [ 77.1803297, 28.5720774 ], [ 77.1819826, 28.5709966 ], [ 77.1836175, 28.5702471 ], [ 77.1888637, 28.5696396 ], [ 77.1895374, 28.5687165 ], [ 77.1907591, 28.5684325 ], [ 77.1914598, 28.5681012 ], [ 77.1923042, 28.5674384 ], [ 77.1929959, 28.5671544 ], [ 77.193481, 28.5671071 ], [ 77.1967778, 28.5682905 ], [ 77.1975594, 28.5691899 ], [ 77.1976223, 28.569679 ], [ 77.1992662, 28.5697816 ], [ 77.199365, 28.5675331 ], [ 77.2001645, 28.5657027 ], [ 77.2007753, 28.5625863 ], [ 77.2017186, 28.5627993 ], [ 77.2032098, 28.56261 ], [ 77.2042608, 28.5632017 ], [ 77.2054017, 28.5635489 ], [ 77.206821, 28.5625468 ], [ 77.2067402, 28.5622865 ], [ 77.2071624, 28.5619472 ], [ 77.2073869, 28.5615054 ], [ 77.208402, 28.5607085 ], [ 77.2091027, 28.5604008 ], [ 77.2091926, 28.5607243 ], [ 77.2104143, 28.5618841 ], [ 77.2108005, 28.5631386 ], [ 77.2126151, 28.5649217 ], [ 77.214277, 28.5656475 ], [ 77.2152472, 28.5666574 ], [ 77.2165947, 28.5680459 ], [ 77.216963, 28.5687008 ], [ 77.216981, 28.5688585 ], [ 77.2170887, 28.5699552 ], [ 77.2175379, 28.5708467 ], [ 77.2178703, 28.5723219 ], [ 77.2184991, 28.5734185 ], [ 77.2186608, 28.574026 ], [ 77.2186428, 28.5746334 ], [ 77.2182206, 28.5756432 ], [ 77.2156964, 28.5739629 ], [ 77.2143219, 28.573245 ], [ 77.2128038, 28.5731503 ], [ 77.2093363, 28.5732765 ], [ 77.2096148, 28.5749332 ], [ 77.2116, 28.5800293 ], [ 77.2222361, 28.5792247 ], [ 77.2226314, 28.5796586 ], [ 77.2232063, 28.5797532 ], [ 77.224958, 28.5795718 ], [ 77.224931, 28.580976 ], [ 77.2236824, 28.5905679 ], [ 77.227617, 28.5909781 ], [ 77.2289016, 28.5911358 ], [ 77.2326386, 28.591964 ], [ 77.2399509, 28.5927922 ], [ 77.2436519, 28.593163 ], [ 77.2407234, 28.5972171 ], [ 77.2399778, 28.6098123 ], [ 77.240409, 28.6217752 ], [ 77.2408402, 28.6243221 ], [ 77.240427, 28.6253787 ], [ 77.2408851, 28.6260095 ], [ 77.2347945, 28.6295026 ], [ 77.2245627, 28.6343438 ], [ 77.22335, 28.6352662 ], [ 77.2224068, 28.6364095 ], [ 77.2218319, 28.6375685 ], [ 77.2216971, 28.6408325 ], [ 77.2214635, 28.642425 ], [ 77.2205832, 28.644735 ], [ 77.2186069, 28.6444039 ], [ 77.2180679, 28.644325 ], [ 77.2184632, 28.6419284 ], [ 77.2182296, 28.6418732 ], [ 77.2161725, 28.6394212 ], [ 77.2138818, 28.6361493 ], [ 77.205249, 28.6410611 ], [ 77.2048357, 28.6412898 ], [ 77.2033625, 28.6426773 ], [ 77.1985475, 28.6448848 ], [ 77.1973438, 28.6451844 ], [ 77.1969126, 28.6435367 ], [ 77.1965353, 28.6427483 ], [ 77.1946578, 28.6402097 ], [ 77.1933553, 28.6381282 ], [ 77.1898788, 28.6342018 ], [ 77.1892949, 28.6337051 ], [ 77.188172, 28.6313082 ], [ 77.1868425, 28.6291399 ], [ 77.1843272, 28.6261751 ], [ 77.1807429, 28.6236992 ], [ 77.1790271, 28.6224296 ], [ 77.1767634, 28.6198353 ], [ 77.1764579, 28.6191099 ], [ 77.1762513, 28.6171227 ], [ 77.174823, 28.6143468 ], [ 77.1747332, 28.6117287 ], [ 77.171607, 28.6079905 ], [ 77.1708255, 28.6058769 ], [ 77.1693253, 28.6031403 ], [ 77.1670526, 28.5993703 ], [ 77.1667292, 28.5973669 ], [ 77.1663519, 28.5962391 ] ] ] } },
{ "type": "Feature", "properties": { "zone_name": "North Delhi" }, "geometry": { "type": "Polygon", "coordinates": [ [ [ 77.1234753, 28.7612385 ], [ 77.1267362, 28.757742 ], [ 77.1325303, 28.7514967 ], [ 77.1372734, 28.7464247 ], [ 77.1438761, 28.7392258 ], [ 77.1437503, 28.7391312 ], [ 77.1437144, 28.7386035 ], [ 77.1435706, 28.7386114 ], [ 77.1432203, 28.73806 ], [ 77.1387826, 28.7339956 ], [ 77.1370129, 28.7351692 ], [ 77.1355038, 28.7334442 ], [ 77.1415674, 28.7238889 ], [ 77.1431754, 28.7261971 ], [ 77.1445678, 28.727426 ], [ 77.1509099, 28.7316718 ], [ 77.1528951, 28.7295529 ], [ 77.1616357, 28.7201863 ], [ 77.1673131, 28.7139467 ], [ 77.1735654, 28.7071947 ], [ 77.1755507, 28.7050516 ], [ 77.1756495, 28.7055085 ], [ 77.1755507, 28.7056346 ], [ 77.1765747, 28.7070922 ], [ 77.1767724, 28.7070056 ], [ 77.1776258, 28.7078013 ], [ 77.1781558, 28.7079983 ], [ 77.1777695, 28.7083135 ], [ 77.1786049, 28.7091014 ], [ 77.1791529, 28.7089674 ], [ 77.1794134, 28.7092747 ], [ 77.1804016, 28.7096292 ], [ 77.1809316, 28.7096765 ], [ 77.1834738, 28.711465 ], [ 77.1843362, 28.7117171 ], [ 77.1852704, 28.7116383 ], [ 77.1853603, 28.7118274 ], [ 77.1862586, 28.7115989 ], [ 77.1865101, 28.7118983 ], [ 77.189744, 28.7106456 ], [ 77.1955202, 28.7094323 ], [ 77.1952327, 28.7022781 ], [ 77.204674, 28.6988111 ], [ 77.2040632, 28.6949421 ], [ 77.2027696, 28.6953361 ], [ 77.2016287, 28.6931533 ], [ 77.2011616, 28.6928224 ], [ 77.2010179, 28.6926254 ], [ 77.2010448, 28.6920344 ], [ 77.2013952, 28.6908996 ], [ 77.199913, 28.6906002 ], [ 77.1985206, 28.6895206 ], [ 77.198808, 28.6891738 ], [ 77.1985026, 28.688898 ], [ 77.1987092, 28.6886931 ], [ 77.1981523, 28.6882361 ], [ 77.1989428, 28.6872983 ], [ 77.1991494, 28.6872668 ], [ 77.1997513, 28.6866915 ], [ 77.2018893, 28.6885749 ], [ 77.2032547, 28.6869594 ], [ 77.2025181, 28.6865024 ], [ 77.2026708, 28.6859192 ], [ 77.2022935, 28.6853991 ], [ 77.2028415, 28.6846977 ], [ 77.203066, 28.6847214 ], [ 77.2031828, 28.6845874 ], [ 77.2031469, 28.6844455 ], [ 77.2065066, 28.6825699 ], [ 77.2085727, 28.6801426 ], [ 77.2080697, 28.6785191 ], [ 77.2078541, 28.678259 ], [ 77.2049345, 28.6776443 ], [ 77.2025899, 28.6764384 ], [ 77.2026528, 28.676265 ], [ 77.2024642, 28.6762335 ], [ 77.2016557, 28.6751459 ], [ 77.2017815, 28.6726238 ], [ 77.2006226, 28.6715519 ], [ 77.2006316, 28.6712839 ], [ 77.2018443, 28.671276 ], [ 77.2021767, 28.6710081 ], [ 77.2024642, 28.6704327 ], [ 77.2027696, 28.6698573 ], [ 77.2032906, 28.6694317 ], [ 77.2040093, 28.6691874 ], [ 77.2058239, 28.66888 ], [ 77.2082403, 28.6670671 ], [ 77.2090578, 28.6667834 ], [ 77.210001, 28.6694475 ], [ 77.2102436, 28.6710002 ], [ 77.2105939, 28.6716544 ], [ 77.2111509, 28.6722455 ], [ 77.2117078, 28.6738612 ], [ 77.2120133, 28.6742947 ], [ 77.2114294, 28.6748779 ], [ 77.2103244, 28.6750986 ], [ 77.2105131, 28.675934 ], [ 77.2114653, 28.6771793 ], [ 77.2119953, 28.6774157 ], [ 77.2132889, 28.6774709 ], [ 77.2139267, 28.6777782 ], [ 77.2151035, 28.680182 ], [ 77.2151214, 28.6803317 ], [ 77.2151394, 28.6804578 ], [ 77.2147262, 28.6817266 ], [ 77.2154718, 28.6820498 ], [ 77.2165318, 28.6843273 ], [ 77.2160826, 28.6861477 ], [ 77.2192357, 28.6890084 ], [ 77.2196849, 28.6897806 ], [ 77.2200352, 28.691207 ], [ 77.2208078, 28.6923181 ], [ 77.2210144, 28.6921132 ], [ 77.2219217, 28.6924993 ], [ 77.2222541, 28.6928066 ], [ 77.2250838, 28.7005997 ], [ 77.2267277, 28.7019314 ], [ 77.227617, 28.7024593 ], [ 77.2277158, 28.7036963 ], [ 77.2290274, 28.704177 ], [ 77.2296562, 28.7040982 ], [ 77.2302401, 28.7040588 ], [ 77.2322506, 28.7040219 ], [ 77.2324383, 28.7046477 ], [ 77.232551, 28.7053534 ], [ 77.232449, 28.7061674 ], [ 77.232138, 28.706892 ], [ 77.231462, 28.7082847 ], [ 77.2313172, 28.7087458 ], [ 77.2313332, 28.7091645 ], [ 77.2314459, 28.7100302 ], [ 77.2317195, 28.7109053 ], [ 77.2324812, 28.712138 ], [ 77.2337258, 28.7132954 ], [ 77.23526, 28.714481 ], [ 77.2377491, 28.7165228 ], [ 77.2406781, 28.7198725 ], [ 77.2413969, 28.7211991 ], [ 77.2417724, 28.7227092 ], [ 77.2417188, 28.7233914 ], [ 77.2413915, 28.7240076 ], [ 77.2408175, 28.7246427 ], [ 77.2368479, 28.728359 ], [ 77.2354317, 28.7303159 ], [ 77.2340469, 28.7323665 ], [ 77.2318911, 28.7363087 ], [ 77.2301638, 28.7394883 ], [ 77.2280502, 28.7429219 ], [ 77.2263014, 28.746346 ], [ 77.2255075, 28.7482273 ], [ 77.2252178, 28.7495442 ], [ 77.2253358, 28.7507576 ], [ 77.2258508, 28.7520744 ], [ 77.2265267, 28.7535323 ], [ 77.2291231, 28.7572382 ], [ 77.2331786, 28.7607747 ], [ 77.2344546, 28.7620317 ], [ 77.23559, 28.7712591 ], [ 77.2334828, 28.7711838 ], [ 77.2328799, 28.774953 ], [ 77.2210395, 28.7791603 ], [ 77.2280336, 28.7845746 ], [ 77.2244287, 28.7863875 ], [ 77.2137954, 28.7843867 ], [ 77.2072766, 28.7866961 ], [ 77.2066403, 28.7875253 ], [ 77.2051232, 28.7869942 ], [ 77.2016108, 28.7852149 ], [ 77.1991314, 28.7844039 ], [ 77.199877, 28.7828844 ], [ 77.199374, 28.7824277 ], [ 77.1986014, 28.7831993 ], [ 77.1946848, 28.7862462 ], [ 77.1944512, 28.7878681 ], [ 77.194559, 28.7892773 ], [ 77.1941458, 28.7898678 ], [ 77.1933642, 28.790537 ], [ 77.192403, 28.7898205 ], [ 77.1910376, 28.7881987 ], [ 77.1893128, 28.7875846 ], [ 77.1895644, 28.7871674 ], [ 77.1889894, 28.7863014 ], [ 77.188693, 28.7861675 ], [ 77.1879384, 28.7849157 ], [ 77.1873815, 28.7843803 ], [ 77.1871838, 28.7843409 ], [ 77.1871299, 28.7838292 ], [ 77.1855399, 28.7829238 ], [ 77.1841296, 28.781727 ], [ 77.1842104, 28.7811129 ], [ 77.184426, 28.781105 ], [ 77.1843721, 28.7800815 ], [ 77.1829797, 28.7800893 ], [ 77.1819107, 28.7784359 ], [ 77.1799973, 28.7789713 ], [ 77.1749667, 28.7790894 ], [ 77.1731971, 28.783097 ], [ 77.1731162, 28.7841205 ], [ 77.1723526, 28.7843331 ], [ 77.1710142, 28.7844276 ], [ 77.1714813, 28.7851834 ], [ 77.1719304, 28.7854826 ], [ 77.1725682, 28.7862226 ], [ 77.172685, 28.7867107 ], [ 77.1729006, 28.7903638 ], [ 77.1730982, 28.7903952 ], [ 77.1733857, 28.7911668 ], [ 77.1728377, 28.7918517 ], [ 77.1724515, 28.7928987 ], [ 77.1717687, 28.7937962 ], [ 77.171113, 28.7942922 ], [ 77.1697835, 28.7939143 ], [ 77.1669448, 28.7938986 ], [ 77.1658129, 28.7937411 ], [ 77.1658219, 28.7952605 ], [ 77.16469, 28.7955518 ], [ 77.1647349, 28.7966775 ], [ 77.1626958, 28.7967405 ], [ 77.1626419, 28.7957328 ], [ 77.1624532, 28.795599 ], [ 77.162049, 28.7946779 ], [ 77.1610968, 28.7941269 ], [ 77.1605488, 28.7941111 ], [ 77.1600817, 28.7929617 ], [ 77.1596595, 28.7928279 ], [ 77.1594798, 28.7931979 ], [ 77.1586084, 28.7931979 ], [ 77.1583659, 28.7931034 ], [ 77.1583569, 28.7928043 ], [ 77.157755, 28.7928121 ], [ 77.157755, 28.7926075 ], [ 77.157225, 28.7927019 ], [ 77.1569016, 28.7918753 ], [ 77.1557248, 28.7919147 ], [ 77.1557158, 28.7916706 ], [ 77.1546289, 28.7915998 ], [ 77.1537935, 28.7913557 ], [ 77.1537845, 28.7911589 ], [ 77.151907, 28.7908834 ], [ 77.151907, 28.7903323 ], [ 77.1501643, 28.7904346 ], [ 77.1501643, 28.7903244 ], [ 77.1495085, 28.7903401 ], [ 77.1494905, 28.7889781 ], [ 77.1480892, 28.7890175 ], [ 77.1480622, 28.7881987 ], [ 77.1483856, 28.7881909 ], [ 77.1493558, 28.7856085 ], [ 77.1493648, 28.7816483 ], [ 77.1481161, 28.7816877 ], [ 77.1479275, 28.7800185 ], [ 77.144963, 28.7801366 ], [ 77.1442354, 28.779798 ], [ 77.1416482, 28.7794201 ], [ 77.1402019, 28.7786249 ], [ 77.1387646, 28.7780895 ], [ 77.1384862, 28.7785304 ], [ 77.1380729, 28.7787902 ], [ 77.1374531, 28.7784202 ], [ 77.1369321, 28.7783414 ], [ 77.136438, 28.7777981 ], [ 77.1363661, 28.7772942 ], [ 77.1355487, 28.77731 ], [ 77.1352073, 28.777617 ], [ 77.13324, 28.7773966 ], [ 77.1328178, 28.7770816 ], [ 77.1323776, 28.7771997 ], [ 77.1317308, 28.7764045 ], [ 77.1308325, 28.7766013 ], [ 77.1297006, 28.7755069 ], [ 77.1297276, 28.7749557 ], [ 77.1303295, 28.7741841 ], [ 77.1295928, 28.7727746 ], [ 77.1296198, 28.7723573 ], [ 77.1303744, 28.7718927 ], [ 77.1305001, 28.7713179 ], [ 77.1317398, 28.77231 ], [ 77.1325663, 28.7734754 ], [ 77.1328268, 28.773625 ], [ 77.1331681, 28.773436 ], [ 77.1338598, 28.7734203 ], [ 77.1361955, 28.7741762 ], [ 77.13642, 28.7738455 ], [ 77.1366356, 28.7732943 ], [ 77.1364021, 28.7731289 ], [ 77.1363572, 28.7727352 ], [ 77.1354499, 28.771373 ], [ 77.1357014, 28.7708691 ], [ 77.1350276, 28.7698927 ], [ 77.135369, 28.7686721 ], [ 77.1323237, 28.7676485 ], [ 77.1311829, 28.7674516 ], [ 77.1305181, 28.7670894 ], [ 77.1303205, 28.7671996 ], [ 77.129503, 28.7668059 ], [ 77.1296378, 28.7666012 ], [ 77.1290628, 28.7663334 ], [ 77.1277243, 28.7660263 ], [ 77.1265925, 28.7655224 ], [ 77.1260804, 28.7656562 ], [ 77.1260894, 28.765231 ], [ 77.1257481, 28.7645065 ], [ 77.1258289, 28.7638844 ], [ 77.1253528, 28.7636876 ], [ 77.1253977, 28.7634277 ], [ 77.1256852, 28.7631206 ], [ 77.1257211, 28.7623725 ], [ 77.1261703, 28.76127 ], [ 77.1234753, 28.7612385 ] ] ] } },
{ "type": "Feature", "properties": { "zone_name": "South Delhi" }, "geometry": { "type": "Polygon", "coordinates": [ [ [ 77.0932384, 28.5140471 ], [ 77.0939182, 28.5138682 ], [ 77.0981578, 28.5116669 ], [ 77.0986588, 28.5114068 ], [ 77.0957528, 28.5070803 ], [ 77.0976518, 28.5048552 ], [ 77.1000336, 28.5038653 ], [ 77.1023081, 28.5031016 ], [ 77.1037667, 28.5024887 ], [ 77.1053975, 28.5013384 ], [ 77.1101397, 28.4993961 ], [ 77.1124785, 28.4984532 ], [ 77.119507, 28.495139 ], [ 77.1176759, 28.4869846 ], [ 77.1167211, 28.4850054 ], [ 77.1150614, 28.4815648 ], [ 77.1141826, 28.4735236 ], [ 77.1124725, 28.4731841 ], [ 77.116455, 28.4672235 ], [ 77.1200235, 28.4627232 ], [ 77.1234764, 28.4597104 ], [ 77.1238974, 28.4550376 ], [ 77.1242593, 28.4510201 ], [ 77.1253919, 28.4502107 ], [ 77.1265409, 28.4465841 ], [ 77.1277292, 28.4428335 ], [ 77.1306896, 28.4399226 ], [ 77.1322839, 28.4389245 ], [ 77.1348481, 28.4391509 ], [ 77.1379959, 28.4382283 ], [ 77.1405987, 28.438483 ], [ 77.1434076, 28.4375547 ], [ 77.1470362, 28.436749 ], [ 77.1493, 28.4365575 ], [ 77.1503171, 28.4357065 ], [ 77.1510832, 28.4353556 ], [ 77.1517387, 28.4347895 ], [ 77.1520402, 28.4341045 ], [ 77.1527531, 28.4336623 ], [ 77.1563478, 28.4314326 ], [ 77.1598529, 28.4302505 ], [ 77.1617184, 28.4292351 ], [ 77.1628404, 28.428515 ], [ 77.164042, 28.4271563 ], [ 77.1658552, 28.4256656 ], [ 77.1655869, 28.4202213 ], [ 77.1648574, 28.4152862 ], [ 77.1651685, 28.4144369 ], [ 77.1656513, 28.4138802 ], [ 77.1678078, 28.4127384 ], [ 77.1693957, 28.4112852 ], [ 77.1711981, 28.4090109 ], [ 77.1714985, 28.4062365 ], [ 77.1740891, 28.4046285 ], [ 77.174399, 28.404861 ], [ 77.176466, 28.4063591 ], [ 77.178204, 28.4075388 ], [ 77.1811545, 28.4085674 ], [ 77.1827102, 28.409143 ], [ 77.1857679, 28.4087278 ], [ 77.1904135, 28.4076143 ], [ 77.1916365, 28.4076898 ], [ 77.1934819, 28.4082371 ], [ 77.1959066, 28.4083504 ], [ 77.199769, 28.4081805 ], [ 77.2019148, 28.4084258 ], [ 77.204318, 28.4089166 ], [ 77.2066569, 28.4095771 ], [ 77.2106266, 28.4091808 ], [ 77.2156691, 28.4105963 ], [ 77.2179007, 28.4101811 ], [ 77.2177505, 28.4118986 ], [ 77.2194242, 28.4123515 ], [ 77.2232437, 28.4125025 ], [ 77.227664, 28.4135971 ], [ 77.2317838, 28.4159751 ], [ 77.2340154, 28.4181265 ], [ 77.2355175, 28.4184285 ], [ 77.2385644, 28.4208818 ], [ 77.2410535, 28.4214857 ], [ 77.2456884, 28.4234105 ], [ 77.2500228, 28.4250334 ], [ 77.2526836, 28.4329211 ], [ 77.2491645, 28.4330721 ], [ 77.2497868, 28.4368836 ], [ 77.2492075, 28.4469212 ], [ 77.2459245, 28.4543734 ], [ 77.2444224, 28.4560146 ], [ 77.2429848, 28.4566749 ], [ 77.2417831, 28.4566372 ], [ 77.2405171, 28.4565051 ], [ 77.2345948, 28.4550902 ], [ 77.2336936, 28.4566938 ], [ 77.2330713, 28.4585048 ], [ 77.2356891, 28.4711057 ], [ 77.2434354, 28.4788202 ], [ 77.2455972, 28.4796322 ], [ 77.2455025, 28.4799944 ], [ 77.245233, 28.4800971 ], [ 77.2444155, 28.481321 ], [ 77.2448647, 28.4815894 ], [ 77.2448377, 28.4819921 ], [ 77.2443077, 28.4823948 ], [ 77.2440023, 28.4829317 ], [ 77.2429423, 28.4835634 ], [ 77.2428973, 28.4842898 ], [ 77.2422685, 28.485032 ], [ 77.2406426, 28.4880165 ], [ 77.2402114, 28.4890982 ], [ 77.2381992, 28.4884429 ], [ 77.2386663, 28.4895324 ], [ 77.2394209, 28.4905035 ], [ 77.2390705, 28.4912773 ], [ 77.2394298, 28.491372 ], [ 77.2392592, 28.4929589 ], [ 77.2392771, 28.4933458 ], [ 77.2395466, 28.4933458 ], [ 77.2396005, 28.4947353 ], [ 77.2385405, 28.4947511 ], [ 77.2385495, 28.495288 ], [ 77.2379297, 28.4952485 ], [ 77.2379746, 28.4965906 ], [ 77.2379836, 28.4984301 ], [ 77.2378219, 28.4985564 ], [ 77.2382531, 28.4991248 ], [ 77.2381542, 28.5021879 ], [ 77.2374985, 28.5021958 ], [ 77.2375614, 28.504943 ], [ 77.2369056, 28.5047219 ], [ 77.2368427, 28.5061587 ], [ 77.2374715, 28.5093715 ], [ 77.2380015, 28.5118581 ], [ 77.2382441, 28.5130105 ], [ 77.2381812, 28.5162784 ], [ 77.2378398, 28.5165231 ], [ 77.2383519, 28.5170204 ], [ 77.2379207, 28.5173598 ], [ 77.2386753, 28.5180939 ], [ 77.2401126, 28.5169257 ], [ 77.2409839, 28.517865 ], [ 77.2395915, 28.51897 ], [ 77.2404988, 28.5199172 ], [ 77.2405887, 28.5208643 ], [ 77.2409121, 28.5209038 ], [ 77.241487, 28.5213063 ], [ 77.2422056, 28.5205092 ], [ 77.2427806, 28.5209038 ], [ 77.2429063, 28.5208012 ], [ 77.2432028, 28.5211564 ], [ 77.2441011, 28.5205565 ], [ 77.2439753, 28.5213695 ], [ 77.2440562, 28.5228928 ], [ 77.2442808, 28.5229086 ], [ 77.2454396, 28.5225929 ], [ 77.2459067, 28.5221982 ], [ 77.2461582, 28.5214958 ], [ 77.2464726, 28.5212116 ], [ 77.2472452, 28.5210301 ], [ 77.2482154, 28.5210064 ], [ 77.2486376, 28.5207696 ], [ 77.2497605, 28.5204539 ], [ 77.2517458, 28.521993 ], [ 77.2525812, 28.5226087 ], [ 77.252698, 28.5224824 ], [ 77.2529046, 28.5226402 ], [ 77.2533178, 28.5231217 ], [ 77.2530663, 28.5233664 ], [ 77.2544856, 28.5244161 ], [ 77.2550605, 28.5238557 ], [ 77.2559768, 28.523619 ], [ 77.2570548, 28.5264366 ], [ 77.2593904, 28.5324822 ], [ 77.257459, 28.5331609 ], [ 77.2578453, 28.5338633 ], [ 77.257477, 28.5340053 ], [ 77.2569021, 28.5350865 ], [ 77.2584831, 28.5351023 ], [ 77.2575219, 28.5367359 ], [ 77.25692, 28.5373515 ], [ 77.2566595, 28.5375882 ], [ 77.2561744, 28.5378802 ], [ 77.2512157, 28.540153 ], [ 77.2488622, 28.5411631 ], [ 77.2475776, 28.5418892 ], [ 77.2472362, 28.5421732 ], [ 77.2466433, 28.5428519 ], [ 77.2458259, 28.5443276 ], [ 77.2551414, 28.5479022 ], [ 77.2545126, 28.5491648 ], [ 77.2551234, 28.5494015 ], [ 77.2548629, 28.5499539 ], [ 77.2542161, 28.5497093 ], [ 77.2537849, 28.5506009 ], [ 77.2524914, 28.5501354 ], [ 77.2521051, 28.5507903 ], [ 77.2555636, 28.5520449 ], [ 77.2573512, 28.5518161 ], [ 77.2581058, 28.5514058 ], [ 77.2584831, 28.5513663 ], [ 77.2573153, 28.5531891 ], [ 77.2560487, 28.5537572 ], [ 77.259067, 28.5553274 ], [ 77.2595431, 28.5557771 ], [ 77.2609176, 28.5579706 ], [ 77.2597408, 28.5586413 ], [ 77.2590221, 28.5577181 ], [ 77.2563541, 28.5592962 ], [ 77.2548899, 28.5574025 ], [ 77.2527968, 28.5563373 ], [ 77.2522847, 28.5561085 ], [ 77.2518356, 28.5560217 ], [ 77.2493562, 28.5560296 ], [ 77.2488172, 28.5565662 ], [ 77.2487005, 28.5570317 ], [ 77.2488172, 28.5579233 ], [ 77.2486376, 28.5587912 ], [ 77.2487633, 28.5592252 ], [ 77.2483771, 28.5591936 ], [ 77.2476494, 28.559667 ], [ 77.2464816, 28.5592962 ], [ 77.2459606, 28.5603456 ], [ 77.2402922, 28.5589253 ], [ 77.239331, 28.5581916 ], [ 77.2366361, 28.559091 ], [ 77.2323691, 28.56003 ], [ 77.231327, 28.5606059 ], [ 77.2307791, 28.559667 ], [ 77.2282997, 28.5540412 ], [ 77.2223259, 28.5552879 ], [ 77.2215803, 28.5553432 ], [ 77.2205293, 28.5551932 ], [ 77.2196849, 28.5547672 ], [ 77.2157413, 28.5537493 ], [ 77.2144118, 28.5532522 ], [ 77.212687, 28.5541596 ], [ 77.2211761, 28.5604166 ], [ 77.2201251, 28.5615212 ], [ 77.2214456, 28.562823 ], [ 77.2196579, 28.5639039 ], [ 77.2198376, 28.5642589 ], [ 77.2197298, 28.5645982 ], [ 77.2194064, 28.5647402 ], [ 77.2192717, 28.5645035 ], [ 77.2174571, 28.5655292 ], [ 77.2177715, 28.5660736 ], [ 77.2168372, 28.5664917 ], [ 77.2166396, 28.5661446 ], [ 77.2164509, 28.5660893 ], [ 77.2152472, 28.5666574 ], [ 77.214277, 28.5656475 ], [ 77.2126151, 28.5649217 ], [ 77.2108005, 28.5631386 ], [ 77.2104143, 28.5618841 ], [ 77.2091926, 28.5607243 ], [ 77.2091027, 28.5604008 ], [ 77.208402, 28.5607085 ], [ 77.2073869, 28.5615054 ], [ 77.2071624, 28.5619472 ], [ 77.2067402, 28.5622865 ], [ 77.206821, 28.5625468 ], [ 77.2054017, 28.5635489 ], [ 77.2042608, 28.5632017 ], [ 77.2032098, 28.56261 ], [ 77.2017186, 28.5627993 ], [ 77.2007753, 28.5625863 ], [ 77.2001645, 28.5657027 ], [ 77.199365, 28.5675331 ], [ 77.1992662, 28.5697816 ], [ 77.1976223, 28.569679 ], [ 77.1975594, 28.5691899 ], [ 77.1967778, 28.5682905 ], [ 77.193481, 28.5671071 ], [ 77.1929959, 28.5671544 ], [ 77.1923042, 28.5674384 ], [ 77.1914598, 28.5681012 ], [ 77.1907591, 28.5684325 ], [ 77.1895374, 28.5687165 ], [ 77.1888637, 28.5696396 ], [ 77.1836175, 28.5702471 ], [ 77.1819826, 28.5709966 ], [ 77.1803297, 28.5720774 ], [ 77.1797548, 28.5725823 ], [ 77.1788295, 28.5737577 ], [ 77.1760178, 28.5785778 ], [ 77.172164, 28.585283 ], [ 77.1681934, 28.5911595 ], [ 77.1671514, 28.5932497 ], [ 77.1668869, 28.5938157 ], [ 77.1663519, 28.5919483 ], [ 77.1658488, 28.5904102 ], [ 77.1650493, 28.5896924 ], [ 77.1646721, 28.5891402 ], [ 77.1608722, 28.5857799 ], [ 77.1600151, 28.5843402 ], [ 77.1623198, 28.5829475 ], [ 77.1603126, 28.5798762 ], [ 77.1600361, 28.578324 ], [ 77.1595554, 28.5775184 ], [ 77.1583152, 28.5761009 ], [ 77.1570968, 28.5755913 ], [ 77.1569397, 28.5754764 ], [ 77.1556378, 28.5729287 ], [ 77.1431709, 28.5529838 ], [ 77.1460945, 28.5516998 ], [ 77.1456232, 28.5462445 ], [ 77.1456076, 28.541354 ], [ 77.1455849, 28.5411691 ], [ 77.145522, 28.5406556 ], [ 77.1490953, 28.5386694 ], [ 77.1496612, 28.5362309 ], [ 77.1496073, 28.5360967 ], [ 77.1486012, 28.5366965 ], [ 77.144972, 28.5319139 ], [ 77.1459422, 28.5312352 ], [ 77.1443162, 28.5291043 ], [ 77.1440916, 28.5280072 ], [ 77.1437413, 28.5272811 ], [ 77.1429777, 28.5259394 ], [ 77.1425196, 28.5245503 ], [ 77.1423759, 28.5234137 ], [ 77.1408128, 28.5234137 ], [ 77.139645, 28.5232243 ], [ 77.1345695, 28.5238321 ], [ 77.1339227, 28.5221509 ], [ 77.1327908, 28.5225455 ], [ 77.1325303, 28.523177 ], [ 77.1324674, 28.5240767 ], [ 77.1322608, 28.5242583 ], [ 77.1316051, 28.524203 ], [ 77.1312188, 28.523911 ], [ 77.1309313, 28.5238952 ], [ 77.1307427, 28.523398 ], [ 77.1303834, 28.5236347 ], [ 77.1300869, 28.523398 ], [ 77.1291886, 28.5236584 ], [ 77.1278321, 28.5235953 ], [ 77.1267003, 28.5239426 ], [ 77.1246521, 28.5241399 ], [ 77.1234753, 28.5231375 ], [ 77.1230082, 28.5230428 ], [ 77.1227926, 28.5231848 ], [ 77.1229184, 28.5235163 ], [ 77.1223973, 28.5238163 ], [ 77.1214721, 28.5241004 ], [ 77.1210319, 28.5238952 ], [ 77.1201605, 28.5249607 ], [ 77.1201246, 28.5261525 ], [ 77.1177441, 28.5261209 ], [ 77.1177441, 28.5275416 ], [ 77.1171512, 28.5284413 ], [ 77.1163607, 28.5292069 ], [ 77.1156151, 28.5296252 ], [ 77.114582, 28.5299093 ], [ 77.1139083, 28.5297199 ], [ 77.1139442, 28.5305723 ], [ 77.1143305, 28.5310774 ], [ 77.1127404, 28.5310458 ], [ 77.1122464, 28.5307775 ], [ 77.1116265, 28.5313141 ], [ 77.1112762, 28.5310853 ], [ 77.1106114, 28.5309984 ], [ 77.1099557, 28.5313299 ], [ 77.1099377, 28.5328294 ], [ 77.1091741, 28.5335792 ], [ 77.1091382, 28.5342105 ], [ 77.1066409, 28.5329162 ], [ 77.1053922, 28.5320008 ], [ 77.0932384, 28.5140471 ] ] ] } },
{ "type": "Feature", "properties": { "zone_name": "East Delhi" }, "geometry": { "type": "Polygon", "coordinates": [ [ [ 77.2350776, 28.671199 ], [ 77.2352654, 28.6704355 ], [ 77.2358125, 28.6689529 ], [ 77.2363436, 28.6680633 ], [ 77.2372069, 28.6670075 ], [ 77.237766, 28.6663339 ], [ 77.2392672, 28.6649049 ], [ 77.2403991, 28.6641471 ], [ 77.2416222, 28.6635823 ], [ 77.243489, 28.6631681 ], [ 77.2458896, 28.6628009 ], [ 77.2474801, 28.6625656 ], [ 77.2495723, 28.6620384 ], [ 77.2530967, 28.6612052 ], [ 77.254875, 28.6608004 ], [ 77.255795, 28.6605368 ], [ 77.2566587, 28.6601226 ], [ 77.2582841, 28.6591811 ], [ 77.2590834, 28.6584421 ], [ 77.2598183, 28.6575289 ], [ 77.2612989, 28.6552129 ], [ 77.2621036, 28.6533817 ], [ 77.2626936, 28.6521342 ], [ 77.2628718, 28.6515107 ], [ 77.2634983, 28.6493191 ], [ 77.2640133, 28.6468711 ], [ 77.264024, 28.6452798 ], [ 77.2638845, 28.6437639 ], [ 77.2627741, 28.6401717 ], [ 77.2616637, 28.6378035 ], [ 77.260108, 28.6352611 ], [ 77.2579837, 28.6327092 ], [ 77.2553176, 28.6296675 ], [ 77.2545719, 28.6286645 ], [ 77.2538531, 28.6254956 ], [ 77.2537243, 28.6240642 ], [ 77.2537631, 28.6228142 ], [ 77.2544378, 28.6205278 ], [ 77.2548294, 28.6190821 ], [ 77.2554141, 28.616299 ], [ 77.255795, 28.6144107 ], [ 77.2562885, 28.6115098 ], [ 77.2564807, 28.6106028 ], [ 77.2568893, 28.6086747 ], [ 77.2573507, 28.6069134 ], [ 77.258242, 28.6048925 ], [ 77.2591638, 28.6032304 ], [ 77.2598934, 28.6023356 ], [ 77.2608054, 28.6015255 ], [ 77.2664821, 28.5966533 ], [ 77.2696109, 28.5939872 ], [ 77.2727363, 28.5917884 ], [ 77.2786957, 28.5878944 ], [ 77.2813296, 28.5861798 ], [ 77.2839796, 28.5844558 ], [ 77.2849238, 28.5838528 ], [ 77.2860932, 28.5831557 ], [ 77.2872841, 28.5823643 ], [ 77.2885179, 28.581262 ], [ 77.2914255, 28.577352 ], [ 77.2928863, 28.5761741 ], [ 77.2948372, 28.5815446 ], [ 77.2991347, 28.5831423 ], [ 77.3010198, 28.5838592 ], [ 77.3029131, 28.5853121 ], [ 77.3038179, 28.5855769 ], [ 77.3044219, 28.5857974 ], [ 77.3088577, 28.5893282 ], [ 77.3101587, 28.5907418 ], [ 77.3111384, 28.5919458 ], [ 77.3111321, 28.5926253 ], [ 77.3113247, 28.5931229 ], [ 77.311977, 28.5938047 ], [ 77.3126578, 28.5951813 ], [ 77.3134894, 28.5958149 ], [ 77.3131816, 28.5963398 ], [ 77.313382, 28.5965248 ], [ 77.3141858, 28.5967547 ], [ 77.314928, 28.596967 ], [ 77.3171201, 28.5968503 ], [ 77.3194945, 28.5974307 ], [ 77.3201253, 28.5975835 ], [ 77.3212323, 28.5976895 ], [ 77.3218904, 28.5976426 ], [ 77.3225959, 28.5975281 ], [ 77.3244672, 28.5978722 ], [ 77.3249496, 28.5979038 ], [ 77.3258952, 28.5981814 ], [ 77.3264387, 28.5983634 ], [ 77.3267274, 28.5987077 ], [ 77.3271159, 28.5986704 ], [ 77.3281611, 28.5993706 ], [ 77.3297187, 28.6004141 ], [ 77.3316769, 28.6011371 ], [ 77.3336188, 28.6014856 ], [ 77.3347131, 28.6019424 ], [ 77.3356036, 28.6016928 ], [ 77.3367463, 28.6018012 ], [ 77.3376421, 28.6024417 ], [ 77.3384233, 28.6032323 ], [ 77.3386991, 28.6029897 ], [ 77.3395778, 28.6041325 ], [ 77.3402922, 28.6046086 ], [ 77.3407915, 28.6052157 ], [ 77.3412222, 28.6051404 ], [ 77.3420594, 28.6101623 ], [ 77.3417627, 28.6136069 ], [ 77.3416914, 28.6136261 ], [ 77.3416608, 28.613724 ], [ 77.3415287, 28.6137665 ], [ 77.3417203, 28.6157252 ], [ 77.3418543, 28.6170951 ], [ 77.342008, 28.6187598 ], [ 77.3419372, 28.6193425 ], [ 77.3416803, 28.6201852 ], [ 77.3414331, 28.6207682 ], [ 77.3410433, 28.6212264 ], [ 77.3403164, 28.6218056 ], [ 77.3401657, 28.6220337 ], [ 77.3404229, 28.6236487 ], [ 77.3395999, 28.624098 ], [ 77.3386036, 28.6249339 ], [ 77.336511, 28.6263181 ], [ 77.33443, 28.6277275 ], [ 77.3337696, 28.6288811 ], [ 77.3322902, 28.6299179 ], [ 77.3312417, 28.6313165 ], [ 77.3304796, 28.6315684 ], [ 77.3296659, 28.631841 ], [ 77.3288035, 28.632283 ], [ 77.3270954, 28.6329216 ], [ 77.3260092, 28.6331684 ], [ 77.3243082, 28.6349278 ], [ 77.3225043, 28.6363762 ], [ 77.3219715, 28.6367101 ], [ 77.3168228, 28.6377479 ], [ 77.3177479, 28.6399759 ], [ 77.3189181, 28.642794 ], [ 77.3211594, 28.6468702 ], [ 77.3219591, 28.6500999 ], [ 77.3218671, 28.6515398 ], [ 77.3214339, 28.6526423 ], [ 77.3206129, 28.6539073 ], [ 77.3200813, 28.6545721 ], [ 77.3201289, 28.6625839 ], [ 77.3219005, 28.6677958 ], [ 77.3206106, 28.668013 ], [ 77.3197842, 28.667942 ], [ 77.3154094, 28.6662474 ], [ 77.3151758, 28.66527 ], [ 77.3081959, 28.6666494 ], [ 77.3034258, 28.6666809 ], [ 77.303318, 28.669613 ], [ 77.3019885, 28.6701411 ], [ 77.3005872, 28.6702041 ], [ 77.3003356, 28.6701568 ], [ 77.2989719, 28.669993 ], [ 77.2957948, 28.6696565 ], [ 77.2955628, 28.6696565 ], [ 77.2953509, 28.6696 ], [ 77.2951671, 28.6695271 ], [ 77.2951256, 28.6696906 ], [ 77.2949338, 28.670146 ], [ 77.2948426, 28.6704931 ], [ 77.2947367, 28.6707402 ], [ 77.2945824, 28.670965 ], [ 77.2945516, 28.6710297 ], [ 77.2943504, 28.6714321 ], [ 77.2942364, 28.6715674 ], [ 77.2941318, 28.671638 ], [ 77.2939682, 28.6717275 ], [ 77.2935873, 28.6719063 ], [ 77.2931367, 28.6720946 ], [ 77.2927269, 28.6722376 ], [ 77.2918825, 28.6722534 ], [ 77.2912357, 28.6720484 ], [ 77.2909909, 28.6725488 ], [ 77.2908781, 28.6729009 ], [ 77.2868519, 28.6728208 ], [ 77.2847229, 28.672608 ], [ 77.2804559, 28.6718908 ], [ 77.2802493, 28.6728839 ], [ 77.2789827, 28.6727893 ], [ 77.2755511, 28.6722061 ], [ 77.2752097, 28.6735065 ], [ 77.2713829, 28.6727972 ], [ 77.2706912, 28.6727657 ], [ 77.2700983, 28.6729075 ], [ 77.2698468, 28.67301 ], [ 77.269766, 28.6728445 ], [ 77.2674663, 28.6737351 ], [ 77.2672417, 28.6732937 ], [ 77.2668105, 28.6734277 ], [ 77.2666847, 28.6732228 ], [ 77.2663434, 28.6733647 ], [ 77.2661727, 28.6730652 ], [ 77.2654271, 28.6733647 ], [ 77.2651307, 28.6728524 ], [ 77.2651396, 28.6724583 ], [ 77.264412, 28.6723795 ], [ 77.2651127, 28.6705036 ], [ 77.2642234, 28.6701726 ], [ 77.2630915, 28.6700938 ], [ 77.2625255, 28.6703223 ], [ 77.2620854, 28.6706928 ], [ 77.2613128, 28.6714021 ], [ 77.2600282, 28.6719381 ], [ 77.2487633, 28.6737981 ], [ 77.2480627, 28.6739006 ], [ 77.2452539, 28.674342 ], [ 77.2437143, 28.6742714 ], [ 77.2430652, 28.6741537 ], [ 77.2422713, 28.6739231 ], [ 77.2350776, 28.671199 ] ] ] } },
{ "type": "Feature", "properties": { "zone_name": "West Delhi" }, "geometry": { "type": "Polygon", "coordinates": [ [ [ 77.003649, 28.652579 ], [ 77.0043497, 28.6529574 ], [ 77.0084281, 28.6515069 ], [ 77.0082125, 28.6424881 ], [ 77.0069099, 28.6424802 ], [ 77.0068291, 28.6398312 ], [ 77.0116351, 28.639776 ], [ 77.0114105, 28.628312 ], [ 77.0151924, 28.6282568 ], [ 77.0153002, 28.6265378 ], [ 77.0163243, 28.6271608 ], [ 77.0178604, 28.6272002 ], [ 77.0195492, 28.6268454 ], [ 77.0214447, 28.6267034 ], [ 77.0217052, 28.6285879 ], [ 77.0222082, 28.629542 ], [ 77.0225945, 28.6279177 ], [ 77.0224867, 28.6243694 ], [ 77.0227921, 28.623163 ], [ 77.0223969, 28.6218461 ], [ 77.0235018, 28.621649 ], [ 77.0247145, 28.6216253 ], [ 77.0247235, 28.6209314 ], [ 77.0279754, 28.6208052 ], [ 77.0280024, 28.6214834 ], [ 77.0286492, 28.6214597 ], [ 77.0286402, 28.620269 ], [ 77.0293948, 28.620269 ], [ 77.0305446, 28.6203006 ], [ 77.0311195, 28.6189995 ], [ 77.0315238, 28.6190231 ], [ 77.0318382, 28.6176983 ], [ 77.0322065, 28.6176983 ], [ 77.034039, 28.6164918 ], [ 77.0373089, 28.6164997 ], [ 77.0373179, 28.6168467 ], [ 77.0400039, 28.6168072 ], [ 77.0400128, 28.6170675 ], [ 77.0421508, 28.6170517 ], [ 77.0421418, 28.6160817 ], [ 77.0422856, 28.6157821 ], [ 77.0436061, 28.6146623 ], [ 77.0441631, 28.6143784 ], [ 77.044747, 28.6143705 ], [ 77.0447559, 28.6154114 ], [ 77.046858, 28.6153878 ], [ 77.04684, 28.6147569 ], [ 77.050595, 28.6147175 ], [ 77.0562184, 28.614615 ], [ 77.0561735, 28.6129747 ], [ 77.0566407, 28.612951 ], [ 77.0566227, 28.611705 ], [ 77.0587786, 28.6116577 ], [ 77.0587517, 28.6106325 ], [ 77.0625965, 28.6105536 ], [ 77.0625606, 28.6086293 ], [ 77.0632523, 28.6080457 ], [ 77.0663425, 28.6088344 ], [ 77.0669803, 28.6070205 ], [ 77.0672138, 28.6063896 ], [ 77.0677169, 28.6066262 ], [ 77.0686511, 28.6067366 ], [ 77.068714, 28.605664 ], [ 77.0707173, 28.6056325 ], [ 77.0707173, 28.6057271 ], [ 77.0721007, 28.6056877 ], [ 77.0720468, 28.6052854 ], [ 77.0726127, 28.6052539 ], [ 77.0730439, 28.605522 ], [ 77.0765383, 28.6067366 ], [ 77.0792962, 28.608164 ], [ 77.0820001, 28.6103959 ], [ 77.0837428, 28.6109243 ], [ 77.084722, 28.611705 ], [ 77.0859437, 28.6122176 ], [ 77.0867342, 28.6133926 ], [ 77.0868352, 28.6136251 ], [ 77.0971367, 28.6091577 ], [ 77.0977476, 28.6090868 ], [ 77.0993106, 28.6092445 ], [ 77.100173, 28.6093233 ], [ 77.1007839, 28.6092287 ], [ 77.1098928, 28.6053643 ], [ 77.112453, 28.608377 ], [ 77.1141149, 28.6104747 ], [ 77.1151569, 28.6119731 ], [ 77.1191993, 28.6163183 ], [ 77.1197473, 28.6167284 ], [ 77.1238077, 28.6216884 ], [ 77.1322788, 28.6315447 ], [ 77.1300689, 28.6374266 ], [ 77.1297366, 28.6383175 ], [ 77.1250384, 28.6502534 ], [ 77.1272213, 28.6515226 ], [ 77.1296288, 28.6522479 ], [ 77.1344168, 28.6534934 ], [ 77.1343809, 28.6539033 ], [ 77.1356744, 28.6551804 ], [ 77.1377855, 28.6584044 ], [ 77.136977, 28.6588064 ], [ 77.1367614, 28.6587828 ], [ 77.1358541, 28.6593819 ], [ 77.133788, 28.6603751 ], [ 77.1334376, 28.6585542 ], [ 77.133231, 28.658365 ], [ 77.1319195, 28.6578921 ], [ 77.1320452, 28.6581128 ], [ 77.1317308, 28.6584675 ], [ 77.1324585, 28.6591375 ], [ 77.1312278, 28.6603672 ], [ 77.1299342, 28.6612737 ], [ 77.1378573, 28.6672169 ], [ 77.138046, 28.6672326 ], [ 77.1375968, 28.6676189 ], [ 77.136447, 28.6682337 ], [ 77.1380101, 28.6695893 ], [ 77.1386299, 28.6703933 ], [ 77.1401031, 28.6737587 ], [ 77.1188041, 28.6764699 ], [ 77.1142496, 28.6770532 ], [ 77.1138364, 28.6771004 ], [ 77.1127315, 28.6710002 ], [ 77.1117882, 28.6654277 ], [ 77.1153276, 28.6649784 ], [ 77.115094, 28.6635202 ], [ 77.11672, 28.6632995 ], [ 77.1164415, 28.66192 ], [ 77.1153905, 28.6617545 ], [ 77.1139083, 28.6610924 ], [ 77.1116984, 28.660651 ], [ 77.1088328, 28.6606746 ], [ 77.1049161, 28.6611554 ], [ 77.1018888, 28.661187 ], [ 77.0992028, 28.6606983 ], [ 77.0986638, 28.6605879 ], [ 77.095906, 28.6584596 ], [ 77.093777, 28.6561421 ], [ 77.0929685, 28.6556297 ], [ 77.092178, 28.6551725 ], [ 77.0902736, 28.6545024 ], [ 77.0891058, 28.6543448 ], [ 77.0887464, 28.6544551 ], [ 77.0878032, 28.6549518 ], [ 77.0844255, 28.6560554 ], [ 77.0818923, 28.6560554 ], [ 77.0806167, 28.6564653 ], [ 77.0804819, 28.6569067 ], [ 77.0791794, 28.6556849 ], [ 77.0770144, 28.6546128 ], [ 77.0744003, 28.6528391 ], [ 77.0738075, 28.6518143 ], [ 77.0728822, 28.6508762 ], [ 77.0707981, 28.6490473 ], [ 77.0632972, 28.6425196 ], [ 77.0623, 28.6417234 ], [ 77.0585002, 28.638964 ], [ 77.0581498, 28.6389955 ], [ 77.0576108, 28.6394764 ], [ 77.0572874, 28.6398785 ], [ 77.0571168, 28.6404935 ], [ 77.0571347, 28.6414474 ], [ 77.0574581, 28.6443329 ], [ 77.0572335, 28.6453184 ], [ 77.0570629, 28.6457678 ], [ 77.0566766, 28.6464536 ], [ 77.0561556, 28.6471237 ], [ 77.052185, 28.6505136 ], [ 77.0485558, 28.6514517 ], [ 77.0467502, 28.6514359 ], [ 77.0467861, 28.6533436 ], [ 77.0482324, 28.6534461 ], [ 77.0523018, 28.6590902 ], [ 77.0523916, 28.6603199 ], [ 77.0524096, 28.6611554 ], [ 77.049544, 28.6612973 ], [ 77.0496248, 28.6610136 ], [ 77.0485468, 28.6610372 ], [ 77.0485558, 28.6616205 ], [ 77.0482594, 28.6614471 ], [ 77.0482684, 28.6620856 ], [ 77.0429144, 28.6621329 ], [ 77.039905, 28.6605564 ], [ 77.0307961, 28.6606983 ], [ 77.0306075, 28.6608796 ], [ 77.0306254, 28.6612579 ], [ 77.0301853, 28.6612579 ], [ 77.030311, 28.662393 ], [ 77.0283527, 28.6624087 ], [ 77.0283886, 28.664001 ], [ 77.0270322, 28.6640325 ], [ 77.0270591, 28.6645764 ], [ 77.0245079, 28.6645764 ], [ 77.0252086, 28.6662316 ], [ 77.0226125, 28.6662553 ], [ 77.0225855, 28.666003 ], [ 77.0222891, 28.6658533 ], [ 77.0222801, 28.6656878 ], [ 77.0215525, 28.6656878 ], [ 77.0215075, 28.6630393 ], [ 77.0194324, 28.6630315 ], [ 77.0194235, 28.6625349 ], [ 77.0182017, 28.6625112 ], [ 77.0181928, 28.662054 ], [ 77.0166656, 28.6619989 ], [ 77.0166297, 28.6608717 ], [ 77.0160368, 28.660848 ], [ 77.0164321, 28.6593346 ], [ 77.0073142, 28.6594213 ], [ 77.0037119, 28.6567175 ], [ 77.003649, 28.652579 ] ] ] } },
{ "type": "Feature", "properties": { "zone_name": "North East Delhi" }, "geometry": { "type": "Polygon", "coordinates": [ [ [ 77.2252178, 28.7495442 ], [ 77.2255075, 28.7482273 ], [ 77.2263014, 28.746346 ], [ 77.2280502, 28.7429219 ], [ 77.2301638, 28.7394883 ], [ 77.2318911, 28.7363087 ], [ 77.2340469, 28.7323665 ], [ 77.2354317, 28.7303159 ], [ 77.2368479, 28.728359 ], [ 77.2408175, 28.7246427 ], [ 77.2413915, 28.7240076 ], [ 77.2417188, 28.7233914 ], [ 77.2417724, 28.7227092 ], [ 77.2413969, 28.7211991 ], [ 77.2406781, 28.7198725 ], [ 77.2377491, 28.7165228 ], [ 77.23526, 28.714481 ], [ 77.2337258, 28.7132954 ], [ 77.2324812, 28.712138 ], [ 77.2317195, 28.7109053 ], [ 77.2314459, 28.7100302 ], [ 77.2313332, 28.7091645 ], [ 77.2313172, 28.7087458 ], [ 77.231462, 28.7082847 ], [ 77.232138, 28.706892 ], [ 77.232449, 28.7061674 ], [ 77.232551, 28.7053534 ], [ 77.2324383, 28.7046477 ], [ 77.2322506, 28.7040219 ], [ 77.2314834, 28.7021257 ], [ 77.2308183, 28.7007893 ], [ 77.2300351, 28.6990954 ], [ 77.2295523, 28.6978532 ], [ 77.2293913, 28.6962439 ], [ 77.2300458, 28.6903241 ], [ 77.2312045, 28.6845264 ], [ 77.2322881, 28.6810062 ], [ 77.2336292, 28.6769117 ], [ 77.2344553, 28.674149 ], [ 77.2349274, 28.6718098 ], [ 77.2350776, 28.671199 ], [ 77.2422713, 28.6739231 ], [ 77.2430652, 28.6741537 ], [ 77.2437143, 28.6742714 ], [ 77.2452539, 28.674342 ], [ 77.2480627, 28.6739006 ], [ 77.2487633, 28.6737981 ], [ 77.2600282, 28.6719381 ], [ 77.2613128, 28.6714021 ], [ 77.2620854, 28.6706928 ], [ 77.2625255, 28.6703223 ], [ 77.2630915, 28.6700938 ], [ 77.2642234, 28.6701726 ], [ 77.2651127, 28.6705036 ], [ 77.264412, 28.6723795 ], [ 77.2651396, 28.6724583 ], [ 77.2651307, 28.6728524 ], [ 77.2654271, 28.6733647 ], [ 77.2661727, 28.6730652 ], [ 77.2663434, 28.6733647 ], [ 77.2666847, 28.6732228 ], [ 77.2668105, 28.6734277 ], [ 77.2672417, 28.6732937 ], [ 77.2674663, 28.6737351 ], [ 77.269766, 28.6728445 ], [ 77.2698468, 28.67301 ], [ 77.2700983, 28.6729075 ], [ 77.2706912, 28.6727657 ], [ 77.2713829, 28.6727972 ], [ 77.2752097, 28.6735065 ], [ 77.2755511, 28.6722061 ], [ 77.2789827, 28.6727893 ], [ 77.2802493, 28.6728839 ], [ 77.2804559, 28.6718908 ], [ 77.2847229, 28.672608 ], [ 77.2868519, 28.6728208 ], [ 77.2908781, 28.6729009 ], [ 77.2909909, 28.6725488 ], [ 77.2912357, 28.6720484 ], [ 77.2918825, 28.6722534 ], [ 77.2927269, 28.6722376 ], [ 77.2931367, 28.6720946 ], [ 77.2935873, 28.6719063 ], [ 77.2939682, 28.6717275 ], [ 77.2941318, 28.671638 ], [ 77.2942364, 28.6715674 ], [ 77.2943504, 28.6714321 ], [ 77.2945516, 28.6710297 ], [ 77.2945824, 28.670965 ], [ 77.2947367, 28.6707402 ], [ 77.2948426, 28.6704931 ], [ 77.2949338, 28.670146 ], [ 77.2951256, 28.6696906 ], [ 77.2951671, 28.6695271 ], [ 77.2953509, 28.6696 ], [ 77.2955628, 28.6696565 ], [ 77.2957948, 28.6696565 ], [ 77.2989719, 28.669993 ], [ 77.3003356, 28.6701568 ], [ 77.3005872, 28.6702041 ], [ 77.3019885, 28.6701411 ], [ 77.303318, 28.669613 ], [ 77.3034258, 28.6666809 ], [ 77.3081959, 28.6666494 ], [ 77.3151758, 28.66527 ], [ 77.3154094, 28.6662474 ], [ 77.3197842, 28.667942 ], [ 77.3206106, 28.668013 ], [ 77.3219005, 28.6677958 ], [ 77.322538, 28.6696714 ], [ 77.3244481, 28.6712418 ], [ 77.3250493, 28.6738757 ], [ 77.3252446, 28.6778565 ], [ 77.3260836, 28.6782546 ], [ 77.3300672, 28.678618 ], [ 77.3300715, 28.6786225 ], [ 77.3317589, 28.6803914 ], [ 77.3329522, 28.6816422 ], [ 77.3321929, 28.6828859 ], [ 77.3307278, 28.6883914 ], [ 77.3273146, 28.6936705 ], [ 77.3254114, 28.6963128 ], [ 77.3238441, 28.6984887 ], [ 77.3236879, 28.6987055 ], [ 77.3256806, 28.7020986 ], [ 77.3258776, 28.702434 ], [ 77.3256666, 28.7056107 ], [ 77.325427, 28.7087935 ], [ 77.328209, 28.7114762 ], [ 77.3311068, 28.7131973 ], [ 77.3292002, 28.7131344 ], [ 77.328267, 28.7130986 ], [ 77.3281119, 28.7130927 ], [ 77.3271329, 28.7133516 ], [ 77.3262756, 28.7131088 ], [ 77.3245283, 28.7130415 ], [ 77.3235062, 28.7121875 ], [ 77.3225002, 28.7114612 ], [ 77.3213854, 28.7126223 ], [ 77.3206527, 28.7129281 ], [ 77.3201378, 28.7131049 ], [ 77.3187224, 28.7135908 ], [ 77.3172355, 28.7141043 ], [ 77.3158161, 28.7128444 ], [ 77.3135116, 28.713441 ], [ 77.3044242, 28.7118347 ], [ 77.2990287, 28.7098032 ], [ 77.2968754, 28.7036517 ], [ 77.292275, 28.7058931 ], [ 77.2912591, 28.7063661 ], [ 77.2892268, 28.7083785 ], [ 77.2873192, 28.7123335 ], [ 77.2868489, 28.7133476 ], [ 77.2863386, 28.7144478 ], [ 77.2893996, 28.717168 ], [ 77.2897332, 28.7209279 ], [ 77.2908705, 28.7227353 ], [ 77.2884005, 28.7239979 ], [ 77.2866348, 28.7249004 ], [ 77.286462, 28.7249887 ], [ 77.2843538, 28.7279871 ], [ 77.2800429, 28.732486 ], [ 77.2756656, 28.7355624 ], [ 77.2735863, 28.7359584 ], [ 77.260922, 28.7355868 ], [ 77.2558344, 28.7385417 ], [ 77.2553291, 28.7410543 ], [ 77.2557368, 28.7411888 ], [ 77.2558891, 28.7430401 ], [ 77.2570929, 28.7450221 ], [ 77.2577545, 28.7467624 ], [ 77.257846, 28.7470032 ], [ 77.2589801, 28.7476974 ], [ 77.2594779, 28.748734 ], [ 77.2596506, 28.7497903 ], [ 77.2596249, 28.7505418 ], [ 77.2589039, 28.7512558 ], [ 77.2586711, 28.7526338 ], [ 77.2553151, 28.7541227 ], [ 77.2548484, 28.7558487 ], [ 77.2537036, 28.7556154 ], [ 77.2521898, 28.7554367 ], [ 77.2505923, 28.7552213 ], [ 77.2484487, 28.7555044 ], [ 77.246805, 28.7559465 ], [ 77.2454961, 28.7565635 ], [ 77.2441496, 28.7573122 ], [ 77.2425564, 28.7578718 ], [ 77.2403226, 28.7582246 ], [ 77.2381149, 28.7591641 ], [ 77.2386778, 28.7619672 ], [ 77.23559, 28.7712591 ], [ 77.2344546, 28.7620317 ], [ 77.2331786, 28.7607747 ], [ 77.2291231, 28.7572382 ], [ 77.2265267, 28.7535323 ], [ 77.2258508, 28.7520744 ], [ 77.2253358, 28.7507576 ], [ 77.2252178, 28.7495442 ] ] ] } },
{ "type": "Feature", "properties": { "zone_name": "North West Delhi" }, "geometry": { "type": "Polygon", "coordinates": [ [ [ 77.0229987, 28.7107953 ], [ 77.0277059, 28.707368 ], [ 77.0275891, 28.701498 ], [ 77.0303919, 28.7014507 ], [ 77.0304458, 28.698291 ], [ 77.030338, 28.6982753 ], [ 77.03032, 28.6964787 ], [ 77.0309938, 28.6966363 ], [ 77.0309309, 28.6933425 ], [ 77.0323053, 28.6933503 ], [ 77.0323053, 28.6929957 ], [ 77.0308051, 28.6929642 ], [ 77.0307871, 28.6900643 ], [ 77.0312543, 28.6900407 ], [ 77.0312183, 28.6886853 ], [ 77.0321885, 28.6886301 ], [ 77.0395637, 28.6880548 ], [ 77.0592009, 28.6863605 ], [ 77.0650489, 28.685864 ], [ 77.0657406, 28.685801 ], [ 77.0656148, 28.6821443 ], [ 77.0675193, 28.6821443 ], [ 77.0672228, 28.6814981 ], [ 77.0658394, 28.6796539 ], [ 77.0629289, 28.6766197 ], [ 77.0564161, 28.6691401 ], [ 77.0547362, 28.6671696 ], [ 77.0530833, 28.6648207 ], [ 77.0509453, 28.6630393 ], [ 77.0509453, 28.661786 ], [ 77.0541433, 28.6613367 ], [ 77.0541793, 28.6625506 ], [ 77.0549069, 28.6625349 ], [ 77.0553022, 28.6628896 ], [ 77.0557962, 28.6625664 ], [ 77.0561915, 28.6630945 ], [ 77.0562274, 28.6656011 ], [ 77.0585451, 28.6655774 ], [ 77.058572, 28.6673982 ], [ 77.06018, 28.6673666 ], [ 77.0645548, 28.6673115 ], [ 77.0645818, 28.6688327 ], [ 77.066576, 28.6688012 ], [ 77.066603, 28.6708583 ], [ 77.0700076, 28.6708347 ], [ 77.0700525, 28.6725371 ], [ 77.0744722, 28.6724662 ], [ 77.0745531, 28.6751695 ], [ 77.076736, 28.674807 ], [ 77.0772121, 28.6731519 ], [ 77.0781823, 28.6687066 ], [ 77.0780834, 28.6651124 ], [ 77.0778768, 28.663733 ], [ 77.078344, 28.662724 ], [ 77.0793321, 28.6612422 ], [ 77.0801226, 28.6586961 ], [ 77.0804819, 28.6569067 ], [ 77.0806167, 28.6564653 ], [ 77.0818923, 28.6560554 ], [ 77.0844255, 28.6560554 ], [ 77.0878032, 28.6549518 ], [ 77.0887464, 28.6544551 ], [ 77.0903185, 28.6568673 ], [ 77.0907497, 28.6577502 ], [ 77.0909832, 28.6585227 ], [ 77.0945855, 28.6796303 ], [ 77.0952772, 28.6833107 ], [ 77.0963282, 28.6891423 ], [ 77.0967594, 28.690088 ], [ 77.0978374, 28.691467 ], [ 77.0986638, 28.6921132 ], [ 77.0990501, 28.6923496 ], [ 77.1002, 28.6928539 ], [ 77.1018079, 28.6933031 ], [ 77.1116984, 28.6961241 ], [ 77.1186783, 28.6979049 ], [ 77.1219302, 28.6989214 ], [ 77.1231879, 28.6993784 ], [ 77.1248947, 28.7000482 ], [ 77.1262781, 28.7007967 ], [ 77.1296737, 28.7027902 ], [ 77.131129, 28.7039957 ], [ 77.1352702, 28.7085971 ], [ 77.1381179, 28.7122607 ], [ 77.1387557, 28.7136868 ], [ 77.1391689, 28.7149394 ], [ 77.1399414, 28.7185083 ], [ 77.1405882, 28.7214232 ], [ 77.1411452, 28.7231878 ], [ 77.1415674, 28.7238889 ], [ 77.1355038, 28.7334442 ], [ 77.1370129, 28.7351692 ], [ 77.1387826, 28.7339956 ], [ 77.1432203, 28.73806 ], [ 77.1435706, 28.7386114 ], [ 77.1437144, 28.7386035 ], [ 77.1437503, 28.7391312 ], [ 77.1438761, 28.7392258 ], [ 77.1372734, 28.7464247 ], [ 77.1325303, 28.7514967 ], [ 77.1267362, 28.757742 ], [ 77.123664, 28.755214 ], [ 77.1230531, 28.755151 ], [ 77.1228195, 28.7547887 ], [ 77.1212655, 28.7548911 ], [ 77.1210858, 28.7546548 ], [ 77.1211307, 28.7543871 ], [ 77.1207355, 28.75382 ], [ 77.119361, 28.7527883 ], [ 77.1250923, 28.7485591 ], [ 77.1258648, 28.7479369 ], [ 77.1272842, 28.746409 ], [ 77.1285777, 28.7444872 ], [ 77.127931, 28.7441721 ], [ 77.122595, 28.7433294 ], [ 77.120987, 28.7439752 ], [ 77.1202054, 28.7445423 ], [ 77.1189658, 28.7445581 ], [ 77.1179237, 28.744818 ], [ 77.1162529, 28.7434948 ], [ 77.1149413, 28.7445187 ], [ 77.1142227, 28.7436838 ], [ 77.1132435, 28.7442036 ], [ 77.1131896, 28.7441249 ], [ 77.1126865, 28.7442903 ], [ 77.1118331, 28.7428095 ], [ 77.1095963, 28.7445266 ], [ 77.1090933, 28.7445266 ], [ 77.1091382, 28.7421007 ], [ 77.1054641, 28.7422818 ], [ 77.104988, 28.7418407 ], [ 77.1052575, 28.7415257 ], [ 77.1088058, 28.7393675 ], [ 77.1056707, 28.7388949 ], [ 77.1041975, 28.7384775 ], [ 77.1019607, 28.7370597 ], [ 77.1005593, 28.7352638 ], [ 77.100182, 28.7337829 ], [ 77.1001461, 28.7335072 ], [ 77.0995891, 28.7318058 ], [ 77.0998945, 28.7296631 ], [ 77.0995711, 28.7275599 ], [ 77.0988525, 28.7267721 ], [ 77.0983135, 28.7253227 ], [ 77.0982237, 28.7226679 ], [ 77.0970738, 28.7207063 ], [ 77.0967055, 28.7208481 ], [ 77.0955916, 28.7206354 ], [ 77.0955736, 28.7208953 ], [ 77.0952952, 28.7209111 ], [ 77.0952772, 28.7211317 ], [ 77.0951424, 28.7211396 ], [ 77.0951604, 28.7215965 ], [ 77.0945945, 28.7216044 ], [ 77.0945855, 28.7225024 ], [ 77.0931662, 28.7225024 ], [ 77.0929146, 28.723046 ], [ 77.0905071, 28.7230854 ], [ 77.0908126, 28.7235423 ], [ 77.0906419, 28.723629 ], [ 77.0883242, 28.7237077 ], [ 77.086842, 28.7220298 ], [ 77.0860425, 28.722337 ], [ 77.0845244, 28.720533 ], [ 77.0851083, 28.7200918 ], [ 77.0829793, 28.7176732 ], [ 77.0778858, 28.7211789 ], [ 77.0767719, 28.7166805 ], [ 77.0768168, 28.7142304 ], [ 77.0795028, 28.7131589 ], [ 77.0802484, 28.7127571 ], [ 77.0803652, 28.7126389 ], [ 77.0805808, 28.7121504 ], [ 77.0806257, 28.7119613 ], [ 77.0808233, 28.7101886 ], [ 77.080994, 28.7096686 ], [ 77.0812006, 28.7093692 ], [ 77.0830242, 28.7075335 ], [ 77.0855305, 28.7052485 ], [ 77.08633, 28.7046576 ], [ 77.0882434, 28.7034836 ], [ 77.0817216, 28.7035703 ], [ 77.0749843, 28.7036333 ], [ 77.0749483, 28.7043897 ], [ 77.0717413, 28.7042715 ], [ 77.0716605, 28.7017107 ], [ 77.0722354, 28.7015216 ], [ 77.0716066, 28.6997881 ], [ 77.0717413, 28.6997409 ], [ 77.071391, 28.6987638 ], [ 77.0702771, 28.6991893 ], [ 77.0691991, 28.6998354 ], [ 77.0667647, 28.701821 ], [ 77.0664413, 28.7014113 ], [ 77.062875, 28.7035387 ], [ 77.063414, 28.704303 ], [ 77.0590212, 28.7074547 ], [ 77.0593715, 28.7081165 ], [ 77.058042, 28.708345 ], [ 77.058069, 28.7087941 ], [ 77.0552303, 28.7088414 ], [ 77.0552662, 28.710362 ], [ 77.0518077, 28.7105432 ], [ 77.0518437, 28.7121504 ], [ 77.0511879, 28.7121504 ], [ 77.0504692, 28.7121426 ], [ 77.0505141, 28.7138049 ], [ 77.0478012, 28.7138443 ], [ 77.0465436, 28.7122213 ], [ 77.040992, 28.7123238 ], [ 77.0410818, 28.7177993 ], [ 77.0383599, 28.7178229 ], [ 77.0383959, 28.7193828 ], [ 77.0382791, 28.7197373 ], [ 77.0371831, 28.7197058 ], [ 77.0357279, 28.7198318 ], [ 77.0326467, 28.7203596 ], [ 77.0315687, 28.7206984 ], [ 77.0302032, 28.7208402 ], [ 77.0294037, 28.7211553 ], [ 77.0293768, 28.7190046 ], [ 77.0320807, 28.7189495 ], [ 77.0321077, 28.7179253 ], [ 77.0306075, 28.7179332 ], [ 77.0307153, 28.7173502 ], [ 77.0309848, 28.7173344 ], [ 77.0309848, 28.7164048 ], [ 77.0278586, 28.7164127 ], [ 77.0278137, 28.7141516 ], [ 77.026071, 28.7141831 ], [ 77.0258554, 28.7136158 ], [ 77.0247055, 28.7136474 ], [ 77.0237893, 28.7141201 ], [ 77.0231604, 28.7135371 ], [ 77.0230437, 28.7133243 ], [ 77.0229987, 28.7107953 ] ] ] } },
{ "type": "Feature", "properties": { "zone_name": "Shahdara" }, "geometry": { "type": "Polygon", "coordinates": [ [ [ 77.2886056, 28.6727266 ], [ 77.2887973, 28.6702773 ], [ 77.2888272, 28.6697014 ], [ 77.2889422, 28.6692752 ], [ 77.289215, 28.6683216 ], [ 77.2893045, 28.6681451 ], [ 77.2895232, 28.6677138 ], [ 77.2901699, 28.6680855 ], [ 77.2921628, 28.665963 ], [ 77.2947066, 28.6671395 ], [ 77.2962669, 28.6678864 ], [ 77.2948971, 28.671129 ], [ 77.2945234, 28.6727049 ], [ 77.2886056, 28.6727266 ] ] ] } },
{ "type": "Feature", "properties": { "zone_name": "South East Delhi" }, "geometry": { "type": "Polygon", "coordinates": [ [ [ 77.2093363, 28.5732765 ], [ 77.2128038, 28.5731503 ], [ 77.2143219, 28.573245 ], [ 77.2156964, 28.5739629 ], [ 77.2182206, 28.5756432 ], [ 77.2186428, 28.5746334 ], [ 77.2186608, 28.574026 ], [ 77.2184991, 28.5734185 ], [ 77.2178703, 28.5723219 ], [ 77.2175379, 28.5708467 ], [ 77.2170887, 28.5699552 ], [ 77.216981, 28.5688585 ], [ 77.216963, 28.5687008 ], [ 77.2165947, 28.5680459 ], [ 77.2152472, 28.5666574 ], [ 77.2164509, 28.5660893 ], [ 77.2166396, 28.5661446 ], [ 77.2168372, 28.5664917 ], [ 77.2177715, 28.5660736 ], [ 77.2174571, 28.5655292 ], [ 77.2192717, 28.5645035 ], [ 77.2194064, 28.5647402 ], [ 77.2197298, 28.5645982 ], [ 77.2198376, 28.5642589 ], [ 77.2196579, 28.5639039 ], [ 77.2214456, 28.562823 ], [ 77.2201251, 28.5615212 ], [ 77.2211761, 28.5604166 ], [ 77.212687, 28.5541596 ], [ 77.2144118, 28.5532522 ], [ 77.2157413, 28.5537493 ], [ 77.2196849, 28.5547672 ], [ 77.2205293, 28.5551932 ], [ 77.2215803, 28.5553432 ], [ 77.2223259, 28.5552879 ], [ 77.2282997, 28.5540412 ], [ 77.2307791, 28.559667 ], [ 77.231327, 28.5606059 ], [ 77.2323691, 28.56003 ], [ 77.2366361, 28.559091 ], [ 77.239331, 28.5581916 ], [ 77.2402922, 28.5589253 ], [ 77.2459606, 28.5603456 ], [ 77.2464816, 28.5592962 ], [ 77.2476494, 28.559667 ], [ 77.2483771, 28.5591936 ], [ 77.2487633, 28.5592252 ], [ 77.2486376, 28.5587912 ], [ 77.2488172, 28.5579233 ], [ 77.2487005, 28.5570317 ], [ 77.2488172, 28.5565662 ], [ 77.2493562, 28.5560296 ], [ 77.2518356, 28.5560217 ], [ 77.2522847, 28.5561085 ], [ 77.2527968, 28.5563373 ], [ 77.2548899, 28.5574025 ], [ 77.2563541, 28.5592962 ], [ 77.2590221, 28.5577181 ], [ 77.2597408, 28.5586413 ], [ 77.2609176, 28.5579706 ], [ 77.2595431, 28.5557771 ], [ 77.259067, 28.5553274 ], [ 77.2560487, 28.5537572 ], [ 77.2573153, 28.5531891 ], [ 77.2584831, 28.5513663 ], [ 77.2581058, 28.5514058 ], [ 77.2573512, 28.5518161 ], [ 77.2555636, 28.5520449 ], [ 77.2521051, 28.5507903 ], [ 77.2524914, 28.5501354 ], [ 77.2537849, 28.5506009 ], [ 77.2542161, 28.5497093 ], [ 77.2548629, 28.5499539 ], [ 77.2551234, 28.5494015 ], [ 77.2545126, 28.5491648 ], [ 77.2551414, 28.5479022 ], [ 77.2458259, 28.5443276 ], [ 77.2466433, 28.5428519 ], [ 77.2472362, 28.5421732 ], [ 77.2475776, 28.5418892 ], [ 77.2488622, 28.5411631 ], [ 77.2512157, 28.540153 ], [ 77.2561744, 28.5378802 ], [ 77.2566595, 28.5375882 ], [ 77.25692, 28.5373515 ], [ 77.2575219, 28.5367359 ], [ 77.2584831, 28.5351023 ], [ 77.2569021, 28.5350865 ], [ 77.257477, 28.5340053 ], [ 77.2578453, 28.5338633 ], [ 77.257459, 28.5331609 ], [ 77.2593904, 28.5324822 ], [ 77.2570548, 28.5264366 ], [ 77.2559768, 28.523619 ], [ 77.2550605, 28.5238557 ], [ 77.2544856, 28.5244161 ], [ 77.2530663, 28.5233664 ], [ 77.2533178, 28.5231217 ], [ 77.2529046, 28.5226402 ], [ 77.252698, 28.5224824 ], [ 77.2525812, 28.5226087 ], [ 77.2517458, 28.521993 ], [ 77.2497605, 28.5204539 ], [ 77.2486376, 28.5207696 ], [ 77.2482154, 28.5210064 ], [ 77.2472452, 28.5210301 ], [ 77.2464726, 28.5212116 ], [ 77.2461582, 28.5214958 ], [ 77.2459067, 28.5221982 ], [ 77.2454396, 28.5225929 ], [ 77.2442808, 28.5229086 ], [ 77.2440562, 28.5228928 ], [ 77.2439753, 28.5213695 ], [ 77.2441011, 28.5205565 ], [ 77.2432028, 28.5211564 ], [ 77.2429063, 28.5208012 ], [ 77.2427806, 28.5209038 ], [ 77.2422056, 28.5205092 ], [ 77.241487, 28.5213063 ], [ 77.2409121, 28.5209038 ], [ 77.2405887, 28.5208643 ], [ 77.2404988, 28.5199172 ], [ 77.2395915, 28.51897 ], [ 77.2409839, 28.517865 ], [ 77.2401126, 28.5169257 ], [ 77.2386753, 28.5180939 ], [ 77.2379207, 28.5173598 ], [ 77.2383519, 28.5170204 ], [ 77.2378398, 28.5165231 ], [ 77.2381812, 28.5162784 ], [ 77.2382441, 28.5130105 ], [ 77.2380015, 28.5118581 ], [ 77.2374715, 28.5093715 ], [ 77.2368427, 28.5061587 ], [ 77.2369056, 28.5047219 ], [ 77.2375614, 28.504943 ], [ 77.2374985, 28.5021958 ], [ 77.2381542, 28.5021879 ], [ 77.2382531, 28.4991248 ], [ 77.2378219, 28.4985564 ], [ 77.2379836, 28.4984301 ], [ 77.2379746, 28.4965906 ], [ 77.2379297, 28.4952485 ], [ 77.2385495, 28.495288 ], [ 77.2385405, 28.4947511 ], [ 77.2396005, 28.4947353 ], [ 77.2395466, 28.4933458 ], [ 77.2392771, 28.4933458 ], [ 77.2392592, 28.4929589 ], [ 77.2394298, 28.491372 ], [ 77.2390705, 28.4912773 ], [ 77.2394209, 28.4905035 ], [ 77.2386663, 28.4895324 ], [ 77.2381992, 28.4884429 ], [ 77.2402114, 28.4890982 ], [ 77.2406426, 28.4880165 ], [ 77.2422685, 28.485032 ], [ 77.2428973, 28.4842898 ], [ 77.2429423, 28.4835634 ], [ 77.2440023, 28.4829317 ], [ 77.2443077, 28.4823948 ], [ 77.2448377, 28.4819921 ], [ 77.2448647, 28.4815894 ], [ 77.2444155, 28.481321 ], [ 77.245233, 28.4800971 ], [ 77.2455025, 28.4799944 ], [ 77.2455972, 28.4796322 ], [ 77.2484565, 28.4807063 ], [ 77.2498727, 28.4808006 ], [ 77.2555983, 28.4828665 ], [ 77.2568249, 28.4833091 ], [ 77.2639918, 28.4856289 ], [ 77.2657084, 28.4860815 ], [ 77.2719097, 28.4870245 ], [ 77.2716992, 28.4880752 ], [ 77.2713733, 28.4897026 ], [ 77.2719526, 28.4905512 ], [ 77.2746348, 28.4914565 ], [ 77.2758794, 28.4927011 ], [ 77.2764051, 28.4932197 ], [ 77.2792357, 28.4939352 ], [ 77.2798598, 28.4940967 ], [ 77.2826385, 28.4943984 ], [ 77.2847736, 28.4947944 ], [ 77.2876704, 28.4960108 ], [ 77.2892368, 28.4958222 ], [ 77.2902453, 28.4964917 ], [ 77.2954059, 28.4958128 ], [ 77.2968557, 28.4950202 ], [ 77.2985494, 28.4940589 ], [ 77.3006415, 28.4940872 ], [ 77.3005932, 28.4895941 ], [ 77.3015857, 28.4895611 ], [ 77.3029697, 28.4895045 ], [ 77.3065209, 28.4893914 ], [ 77.3080122, 28.4881089 ], [ 77.3141384, 28.4834223 ], [ 77.3156297, 28.4844784 ], [ 77.3164773, 28.484733 ], [ 77.3168099, 28.4864399 ], [ 77.318784, 28.4874866 ], [ 77.3205435, 28.4874677 ], [ 77.3261332, 28.4897686 ], [ 77.3276031, 28.489844 ], [ 77.3304713, 28.4958952 ], [ 77.3314494, 28.4970668 ], [ 77.3324096, 28.4983138 ], [ 77.3362076, 28.5032709 ], [ 77.3356926, 28.5043551 ], [ 77.3361862, 28.505166 ], [ 77.3377311, 28.5056091 ], [ 77.3392331, 28.5069573 ], [ 77.3405635, 28.5086072 ], [ 77.3422587, 28.5104268 ], [ 77.3437929, 28.5113601 ], [ 77.3453379, 28.5134531 ], [ 77.3369151, 28.5237449 ], [ 77.3247015, 28.5355704 ], [ 77.3228426, 28.5373381 ], [ 77.3214394, 28.5397619 ], [ 77.3140752, 28.5445728 ], [ 77.3040962, 28.5516557 ], [ 77.2998047, 28.5563488 ], [ 77.297364, 28.5599651 ], [ 77.2960797, 28.5695146 ], [ 77.2939098, 28.5742182 ], [ 77.2928863, 28.5761741 ], [ 77.2914255, 28.577352 ], [ 77.2885179, 28.581262 ], [ 77.2872841, 28.5823643 ], [ 77.2860932, 28.5831557 ], [ 77.2849238, 28.5838528 ], [ 77.2839796, 28.5844558 ], [ 77.2813296, 28.5861798 ], [ 77.2786957, 28.5878944 ], [ 77.2727363, 28.5917884 ], [ 77.2696109, 28.5939872 ], [ 77.2664821, 28.5966533 ], [ 77.2608054, 28.6015255 ], [ 77.2598934, 28.6023356 ], [ 77.2591638, 28.6032304 ], [ 77.258242, 28.6048925 ], [ 77.2573507, 28.6069134 ], [ 77.2568893, 28.6086747 ], [ 77.2564807, 28.6106028 ], [ 77.2562885, 28.6115098 ], [ 77.255795, 28.6144107 ], [ 77.2554141, 28.616299 ], [ 77.2548294, 28.6190821 ], [ 77.2544378, 28.6205278 ], [ 77.2537631, 28.6228142 ], [ 77.2537243, 28.6240642 ], [ 77.2538531, 28.6254956 ], [ 77.2545719, 28.6286645 ], [ 77.2553176, 28.6296675 ], [ 77.2579837, 28.6327092 ], [ 77.260108, 28.6352611 ], [ 77.2616637, 28.6378035 ], [ 77.2627741, 28.6401717 ], [ 77.2638845, 28.6437639 ], [ 77.264024, 28.6452798 ], [ 77.2640133, 28.6468711 ], [ 77.2634983, 28.6493191 ], [ 77.2628718, 28.6515107 ], [ 77.2513505, 28.6511206 ], [ 77.2456192, 28.650892 ], [ 77.2438675, 28.6503165 ], [ 77.2403551, 28.650285 ], [ 77.2390615, 28.6498199 ], [ 77.2401575, 28.6483299 ], [ 77.2405977, 28.6411636 ], [ 77.2411097, 28.6391138 ], [ 77.2409211, 28.6330034 ], [ 77.2413882, 28.6276733 ], [ 77.2412714, 28.626593 ], [ 77.2408851, 28.6260095 ], [ 77.240427, 28.6253787 ], [ 77.2408402, 28.6243221 ], [ 77.240409, 28.6217752 ], [ 77.2399778, 28.6098123 ], [ 77.2407234, 28.5972171 ], [ 77.2436519, 28.593163 ], [ 77.2399509, 28.5927922 ], [ 77.2326386, 28.591964 ], [ 77.2289016, 28.5911358 ], [ 77.227617, 28.5909781 ], [ 77.2236824, 28.5905679 ], [ 77.224931, 28.580976 ], [ 77.224958, 28.5795718 ], [ 77.2232063, 28.5797532 ], [ 77.2226314, 28.5796586 ], [ 77.2222361, 28.5792247 ], [ 77.2116, 28.5800293 ], [ 77.2096148, 28.5749332 ], [ 77.2093363, 28.5732765 ] ] ] } },
{ "type": "Feature", "properties": { "zone_name": "South West Delhi" }, "geometry": { "type": "Polygon", "coordinates": [ [ [ 76.8388351, 28.5732306 ], [ 76.8388947, 28.5726624 ], [ 76.8401246, 28.5714724 ], [ 76.8401675, 28.5696275 ], [ 76.8401913, 28.5695522 ], [ 76.8423776, 28.5626414 ], [ 76.8438304, 28.5618782 ], [ 76.8437917, 28.5565426 ], [ 76.8455045, 28.554104 ], [ 76.8458603, 28.5500119 ], [ 76.8525086, 28.5480013 ], [ 76.860975, 28.5454749 ], [ 76.8644469, 28.5436729 ], [ 76.8663674, 28.5415542 ], [ 76.8676033, 28.5361423 ], [ 76.8679341, 28.5359888 ], [ 76.8713284, 28.5344136 ], [ 76.8724566, 28.5337105 ], [ 76.8735857, 28.5329734 ], [ 76.8736018, 28.5329284 ], [ 76.8737365, 28.5326041 ], [ 76.8742857, 28.5310168 ], [ 76.8742911, 28.5287423 ], [ 76.8764267, 28.5260698 ], [ 76.8768675, 28.5249498 ], [ 76.8850534, 28.5210524 ], [ 76.8871384, 28.5203063 ], [ 76.8870184, 28.5197021 ], [ 76.8855312, 28.5169805 ], [ 76.8835848, 28.512534 ], [ 76.8823082, 28.5108249 ], [ 76.8816221, 28.5099063 ], [ 76.8809664, 28.5073288 ], [ 76.8805219, 28.5055815 ], [ 76.8815572, 28.5046509 ], [ 76.8818812, 28.5047475 ], [ 76.8819483, 28.5046955 ], [ 76.8820232, 28.5046375 ], [ 76.8823207, 28.5044069 ], [ 76.8828629, 28.5039866 ], [ 76.8843317, 28.5030928 ], [ 76.8858949, 28.5025813 ], [ 76.8854384, 28.5013759 ], [ 76.8899908, 28.5010163 ], [ 76.8919497, 28.5008314 ], [ 76.8927029, 28.5012844 ], [ 76.8969407, 28.5067536 ], [ 76.8983531, 28.5090503 ], [ 76.9006383, 28.509682 ], [ 76.902943, 28.5089253 ], [ 76.9069036, 28.5137629 ], [ 76.9099794, 28.5120699 ], [ 76.9101567, 28.512058 ], [ 76.9119085, 28.5121736 ], [ 76.9159189, 28.5107953 ], [ 76.9184236, 28.5092347 ], [ 76.9209019, 28.5069098 ], [ 76.922332, 28.5072779 ], [ 76.9242611, 28.5078479 ], [ 76.9275524, 28.5104953 ], [ 76.9277636, 28.5105102 ], [ 76.9349626, 28.5110191 ], [ 76.9357707, 28.5105161 ], [ 76.9397376, 28.5077838 ], [ 76.9433253, 28.5053127 ], [ 76.9454202, 28.5053976 ], [ 76.9527581, 28.5053165 ], [ 76.9542983, 28.5057989 ], [ 76.9620491, 28.5115276 ], [ 76.9706359, 28.5157991 ], [ 76.9760102, 28.5189385 ], [ 76.9783615, 28.5212528 ], [ 76.9802327, 28.5198029 ], [ 76.9812139, 28.5191174 ], [ 76.9832794, 28.5170355 ], [ 76.983382, 28.5169891 ], [ 76.9834821, 28.5169438 ], [ 76.9885078, 28.514668 ], [ 76.9890318, 28.5144315 ], [ 76.9896742, 28.5141417 ], [ 76.9909463, 28.5135677 ], [ 76.9916329, 28.5143424 ], [ 76.9939642, 28.5169726 ], [ 76.9945276, 28.5176083 ], [ 76.9953859, 28.5171445 ], [ 76.9959691, 28.5180316 ], [ 76.9968081, 28.5197112 ], [ 76.9990202, 28.5184844 ], [ 76.9999924, 28.5179713 ], [ 77.0027227, 28.5172931 ], [ 77.0034165, 28.5169811 ], [ 77.0054845, 28.5160513 ], [ 77.0059192, 28.5158559 ], [ 77.0067265, 28.515635 ], [ 77.0067845, 28.5156191 ], [ 77.0070407, 28.515549 ], [ 77.0085304, 28.5151415 ], [ 77.0100507, 28.5147255 ], [ 77.010493, 28.5151221 ], [ 77.0105264, 28.5151521 ], [ 77.0108262, 28.5154209 ], [ 77.0116413, 28.5161518 ], [ 77.0125525, 28.5169683 ], [ 77.012884, 28.5172777 ], [ 77.0144723, 28.518757 ], [ 77.0169637, 28.5210774 ], [ 77.0146291, 28.5243485 ], [ 77.0109551, 28.5254602 ], [ 77.0105771, 28.5257745 ], [ 77.0096001, 28.526641 ], [ 77.0084757, 28.5270284 ], [ 77.0050158, 28.5289423 ], [ 77.0016511, 28.5308084 ], [ 77.0013356, 28.530984 ], [ 77.0016644, 28.5334918 ], [ 77.0042991, 28.5378845 ], [ 77.0045632, 28.5388005 ], [ 77.0054602, 28.5394958 ], [ 77.0069243, 28.5402159 ], [ 77.007818, 28.5409048 ], [ 77.0096859, 28.539869 ], [ 77.0101934, 28.5402687 ], [ 77.0122093, 28.5400104 ], [ 77.0128497, 28.5402697 ], [ 77.0134571, 28.5405156 ], [ 77.0140944, 28.5399982 ], [ 77.0162809, 28.5392112 ], [ 77.0174236, 28.537688 ], [ 77.0197006, 28.536218 ], [ 77.0217025, 28.5349596 ], [ 77.0219253, 28.5347748 ], [ 77.0232547, 28.5335616 ], [ 77.0245904, 28.5327132 ], [ 77.0297824, 28.5317014 ], [ 77.0298669, 28.5316849 ], [ 77.0321199, 28.5310788 ], [ 77.0340512, 28.5300656 ], [ 77.0345078, 28.5298263 ], [ 77.034625, 28.529765 ], [ 77.0356102, 28.5292571 ], [ 77.0356349, 28.5292442 ], [ 77.0417144, 28.5260711 ], [ 77.0424046, 28.5256984 ], [ 77.0431514, 28.5252371 ], [ 77.0433583, 28.5251547 ], [ 77.0433705, 28.5241645 ], [ 77.0446105, 28.5230838 ], [ 77.0485082, 28.52092 ], [ 77.0462065, 28.5166427 ], [ 77.0491721, 28.5160453 ], [ 77.0543531, 28.5143512 ], [ 77.0575428, 28.5128211 ], [ 77.0577011, 28.5127924 ], [ 77.0606606, 28.5122555 ], [ 77.0612165, 28.512224 ], [ 77.0633996, 28.5126665 ], [ 77.0645251, 28.5126891 ], [ 77.0653494, 28.5125045 ], [ 77.0671624, 28.5119289 ], [ 77.067616, 28.5129745 ], [ 77.0688651, 28.5145822 ], [ 77.0709886, 28.5170499 ], [ 77.0713662, 28.5175938 ], [ 77.0720942, 28.5193619 ], [ 77.0722213, 28.5201457 ], [ 77.0723002, 28.5202589 ], [ 77.073365, 28.5195071 ], [ 77.0744668, 28.5189307 ], [ 77.0747744, 28.5188088 ], [ 77.075014, 28.5187138 ], [ 77.0774387, 28.5184405 ], [ 77.0791964, 28.5181891 ], [ 77.079283, 28.5181781 ], [ 77.0804111, 28.5180224 ], [ 77.0827494, 28.5170898 ], [ 77.0830606, 28.5169698 ], [ 77.0840906, 28.5166587 ], [ 77.0846262, 28.5164992 ], [ 77.0859574, 28.5161025 ], [ 77.0925943, 28.5142311 ], [ 77.0932384, 28.5140471 ], [ 77.1053922, 28.5320008 ], [ 77.1066409, 28.5329162 ], [ 77.1091382, 28.5342105 ], [ 77.1091741, 28.5335792 ], [ 77.1099377, 28.5328294 ], [ 77.1099557, 28.5313299 ], [ 77.1106114, 28.5309984 ], [ 77.1112762, 28.5310853 ], [ 77.1116265, 28.5313141 ], [ 77.1122464, 28.5307775 ], [ 77.1127404, 28.5310458 ], [ 77.1143305, 28.5310774 ], [ 77.1139442, 28.5305723 ], [ 77.1139083, 28.5297199 ], [ 77.114582, 28.5299093 ], [ 77.1156151, 28.5296252 ], [ 77.1163607, 28.5292069 ], [ 77.1171512, 28.5284413 ], [ 77.1177441, 28.5275416 ], [ 77.1177441, 28.5261209 ], [ 77.1201246, 28.5261525 ], [ 77.1201605, 28.5249607 ], [ 77.1210319, 28.5238952 ], [ 77.1214721, 28.5241004 ], [ 77.1223973, 28.5238163 ], [ 77.1229184, 28.5235163 ], [ 77.1227926, 28.5231848 ], [ 77.1230082, 28.5230428 ], [ 77.1234753, 28.5231375 ], [ 77.1246521, 28.5241399 ], [ 77.1267003, 28.5239426 ], [ 77.1278321, 28.5235953 ], [ 77.1291886, 28.5236584 ], [ 77.1300869, 28.523398 ], [ 77.1303834, 28.5236347 ], [ 77.1307427, 28.523398 ], [ 77.1309313, 28.5238952 ], [ 77.1312188, 28.523911 ], [ 77.1316051, 28.524203 ], [ 77.1322608, 28.5242583 ], [ 77.1324674, 28.5240767 ], [ 77.1325303, 28.523177 ], [ 77.1327908, 28.5225455 ], [ 77.1339227, 28.5221509 ], [ 77.1345695, 28.5238321 ], [ 77.139645, 28.5232243 ], [ 77.1408128, 28.5234137 ], [ 77.1423759, 28.5234137 ], [ 77.1425196, 28.5245503 ], [ 77.1429777, 28.5259394 ], [ 77.1437413, 28.5272811 ], [ 77.1440916, 28.5280072 ], [ 77.1443162, 28.5291043 ], [ 77.1459422, 28.5312352 ], [ 77.144972, 28.5319139 ], [ 77.1486012, 28.5366965 ], [ 77.1496073, 28.5360967 ], [ 77.1496612, 28.5362309 ], [ 77.1490953, 28.5386694 ], [ 77.145522, 28.5406556 ], [ 77.1435756, 28.5417772 ], [ 77.1423289, 28.5420323 ], [ 77.1416417, 28.5413351 ], [ 77.1420138, 28.5409197 ], [ 77.1416093, 28.5403956 ], [ 77.1407076, 28.5409168 ], [ 77.1402177, 28.5402173 ], [ 77.139999, 28.5406692 ], [ 77.1399283, 28.5408153 ], [ 77.1394755, 28.5403596 ], [ 77.1392227, 28.5401576 ], [ 77.1390328, 28.5400521 ], [ 77.1387029, 28.5394691 ], [ 77.1385968, 28.5392816 ], [ 77.138198, 28.538981 ], [ 77.138047, 28.5388671 ], [ 77.1379303, 28.5388283 ], [ 77.137427, 28.538661 ], [ 77.1372736, 28.5382019 ], [ 77.1348004, 28.5390317 ], [ 77.1319952, 28.5401769 ], [ 77.1346881, 28.5467931 ], [ 77.1332505, 28.5468967 ], [ 77.1333755, 28.5475706 ], [ 77.1335402, 28.5484518 ], [ 77.1339977, 28.5514157 ], [ 77.1340873, 28.5522591 ], [ 77.1338143, 28.5526206 ], [ 77.13339, 28.5529188 ], [ 77.1319813, 28.5533099 ], [ 77.1312098, 28.5525894 ], [ 77.1302217, 28.5515636 ], [ 77.125245, 28.5476576 ], [ 77.1237268, 28.5491569 ], [ 77.123664, 28.5500328 ], [ 77.1238526, 28.5504273 ], [ 77.1235921, 28.5506246 ], [ 77.1234573, 28.5510901 ], [ 77.1228824, 28.5515951 ], [ 77.1227746, 28.5522106 ], [ 77.1220829, 28.552763 ], [ 77.1211217, 28.5522895 ], [ 77.1206905, 28.5523526 ], [ 77.1203402, 28.5527866 ], [ 77.1189658, 28.5525184 ], [ 77.1186783, 28.5516504 ], [ 77.1167559, 28.5521001 ], [ 77.113531, 28.5515794 ], [ 77.1110965, 28.5532285 ], [ 77.1102341, 28.5526209 ], [ 77.1070631, 28.5536704 ], [ 77.092205, 28.5568976 ], [ 77.0904712, 28.5567871 ], [ 77.0898065, 28.5565898 ], [ 77.087399, 28.5551538 ], [ 77.0873002, 28.5554299 ], [ 77.0862761, 28.556432 ], [ 77.0859706, 28.5570475 ], [ 77.0855934, 28.5571422 ], [ 77.0854137, 28.5573946 ], [ 77.0853328, 28.5587044 ], [ 77.0855215, 28.5588385 ], [ 77.0855664, 28.5594224 ], [ 77.0853508, 28.5597065 ], [ 77.0848747, 28.560314 ], [ 77.0837338, 28.5597538 ], [ 77.0819282, 28.5626652 ], [ 77.0816408, 28.5627283 ], [ 77.0821977, 28.5647244 ], [ 77.0817486, 28.5656633 ], [ 77.0777331, 28.5677461 ], [ 77.0805897, 28.5710991 ], [ 77.0883602, 28.5801871 ], [ 77.0967235, 28.5899763 ], [ 77.1024368, 28.5966492 ], [ 77.1086711, 28.6039605 ], [ 77.1098928, 28.6053643 ], [ 77.1007839, 28.6092287 ], [ 77.100173, 28.6093233 ], [ 77.0993106, 28.6092445 ], [ 77.0977476, 28.6090868 ], [ 77.0971367, 28.6091577 ], [ 77.0868352, 28.6136251 ], [ 77.0867342, 28.6133926 ], [ 77.0859437, 28.6122176 ], [ 77.084722, 28.611705 ], [ 77.0837428, 28.6109243 ], [ 77.0820001, 28.6103959 ], [ 77.0792962, 28.608164 ], [ 77.0765383, 28.6067366 ], [ 77.0730439, 28.605522 ], [ 77.0726127, 28.6052539 ], [ 77.0720468, 28.6052854 ], [ 77.0721007, 28.6056877 ], [ 77.0707173, 28.6057271 ], [ 77.0707173, 28.6056325 ], [ 77.068714, 28.605664 ], [ 77.0686511, 28.6067366 ], [ 77.0677169, 28.6066262 ], [ 77.0672138, 28.6063896 ], [ 77.0669803, 28.6070205 ], [ 77.0663425, 28.6088344 ], [ 77.0632523, 28.6080457 ], [ 77.0625606, 28.6086293 ], [ 77.0625965, 28.6105536 ], [ 77.0587517, 28.6106325 ], [ 77.0587786, 28.6116577 ], [ 77.0566227, 28.611705 ], [ 77.0566407, 28.612951 ], [ 77.0561735, 28.6129747 ], [ 77.0562184, 28.614615 ], [ 77.050595, 28.6147175 ], [ 77.04684, 28.6147569 ], [ 77.046858, 28.6153878 ], [ 77.0447559, 28.6154114 ], [ 77.044747, 28.6143705 ], [ 77.0441631, 28.6143784 ], [ 77.0436061, 28.6146623 ], [ 77.0422856, 28.6157821 ], [ 77.0421418, 28.6160817 ], [ 77.0421508, 28.6170517 ], [ 77.0400128, 28.6170675 ], [ 77.0400039, 28.6168072 ], [ 77.0373179, 28.6168467 ], [ 77.0373089, 28.6164997 ], [ 77.034039, 28.6164918 ], [ 77.0322065, 28.6176983 ], [ 77.0318382, 28.6176983 ], [ 77.0315238, 28.6190231 ], [ 77.0311195, 28.6189995 ], [ 77.0305446, 28.6203006 ], [ 77.0293948, 28.620269 ], [ 77.0286402, 28.620269 ], [ 77.0286492, 28.6214597 ], [ 77.0280024, 28.6214834 ], [ 77.0279754, 28.6208052 ], [ 77.0247235, 28.6209314 ], [ 77.0247145, 28.6216253 ], [ 77.0235018, 28.621649 ], [ 77.0223969, 28.6218461 ], [ 77.0227921, 28.623163 ], [ 77.0224867, 28.6243694 ], [ 77.0225945, 28.6279177 ], [ 77.0222082, 28.629542 ], [ 77.0217052, 28.6285879 ], [ 77.0214447, 28.6267034 ], [ 77.0195492, 28.6268454 ], [ 77.0178604, 28.6272002 ], [ 77.0163243, 28.6271608 ], [ 77.0153002, 28.6265378 ], [ 77.0151924, 28.6282568 ], [ 77.0114105, 28.628312 ], [ 77.0116351, 28.639776 ], [ 77.0068291, 28.6398312 ], [ 77.0069099, 28.6424802 ], [ 77.0082125, 28.6424881 ], [ 77.0084281, 28.6515069 ], [ 77.0043497, 28.6529574 ], [ 77.003649, 28.652579 ], [ 76.9994988, 28.6495991 ], [ 76.9981513, 28.6502928 ], [ 76.9967949, 28.6513807 ], [ 76.99463, 28.649741 ], [ 76.992465, 28.6497726 ], [ 76.9923931, 28.6480382 ], [ 76.9904887, 28.6466192 ], [ 76.9905606, 28.6491104 ], [ 76.9903899, 28.6492444 ], [ 76.9847485, 28.6493705 ], [ 76.9838771, 28.6506555 ], [ 76.9819457, 28.6520508 ], [ 76.9793855, 28.6544473 ], [ 76.9781908, 28.6563864 ], [ 76.977517, 28.6569382 ], [ 76.9770589, 28.6571195 ], [ 76.975963, 28.6571905 ], [ 76.9756845, 28.6567964 ], [ 76.9734656, 28.6568121 ], [ 76.9704473, 28.6577029 ], [ 76.9692615, 28.6578053 ], [ 76.9653539, 28.6588459 ], [ 76.9634135, 28.65991 ], [ 76.9632518, 28.6611554 ], [ 76.9628835, 28.6614313 ], [ 76.9580506, 28.6647734 ], [ 76.9534063, 28.6673588 ], [ 76.9545013, 28.6695739 ], [ 76.9511695, 28.6705661 ], [ 76.9490489, 28.6713417 ], [ 76.9451329, 28.6716072 ], [ 76.9445986, 28.671128 ], [ 76.9439173, 28.670824 ], [ 76.9373684, 28.6702357 ], [ 76.9354545, 28.6677178 ], [ 76.9348301, 28.6672824 ], [ 76.9332154, 28.6651803 ], [ 76.933181, 28.6643872 ], [ 76.9325722, 28.6622379 ], [ 76.9322326, 28.6613591 ], [ 76.9316844, 28.660622 ], [ 76.9311887, 28.6592819 ], [ 76.9245164, 28.6496429 ], [ 76.9292174, 28.6457753 ], [ 76.9307597, 28.6427768 ], [ 76.9326844, 28.6412477 ], [ 76.9352872, 28.6389012 ], [ 76.9367807, 28.6374868 ], [ 76.9398534, 28.6350517 ], [ 76.9443942, 28.6330563 ], [ 76.9435575, 28.6308134 ], [ 76.943248, 28.6299836 ], [ 76.9423962, 28.6272319 ], [ 76.939244, 28.6231673 ], [ 76.9372056, 28.6210841 ], [ 76.9352663, 28.6184416 ], [ 76.9335853, 28.619071 ], [ 76.9312401, 28.6208364 ], [ 76.9277947, 28.6232448 ], [ 76.9245691, 28.6271453 ], [ 76.9210608, 28.6307577 ], [ 76.9191339, 28.631479 ], [ 76.9142339, 28.6321799 ], [ 76.9087248, 28.6270511 ], [ 76.9065341, 28.6236245 ], [ 76.902185, 28.6261962 ], [ 76.8929384, 28.631366 ], [ 76.8893571, 28.6318048 ], [ 76.8852678, 28.6283153 ], [ 76.8842712, 28.6259852 ], [ 76.8845249, 28.6237178 ], [ 76.880428, 28.6144297 ], [ 76.8780984, 28.6091845 ], [ 76.8743501, 28.6048673 ], [ 76.8718455, 28.6030003 ], [ 76.8703656, 28.5973328 ], [ 76.8681209, 28.5912896 ], [ 76.8666635, 28.5887345 ], [ 76.8653824, 28.5873666 ], [ 76.8646101, 28.5855295 ], [ 76.8571054, 28.5852591 ], [ 76.8462014, 28.5845749 ], [ 76.8460105, 28.5845629 ], [ 76.8443978, 28.5841095 ], [ 76.8427697, 28.5835937 ], [ 76.8394661, 28.5825448 ], [ 76.8394359, 28.5825354 ], [ 76.8388351, 28.5732306 ] ] ] } }
]
}
